url;rating;number_of_reviews;latitude;longitude;menu_item;price
https://www.firmy.cz/detail/13503510-pivovarsky-dum-benedict-praha-nove-mesto.html;4.7;114;14.423677;50.075451;"Bramboračka s houbami a zeleninou;42 Kč"
https://www.firmy.cz/detail/13503510-pivovarsky-dum-benedict-praha-nove-mesto.html;4.7;114;14.423677;50.075451;"Slepičí vývar s celestýnskými nudlemi;42 Kč"
https://www.firmy.cz/detail/13503510-pivovarsky-dum-benedict-praha-nove-mesto.html;4.7;114;14.423677;50.075451;"Dušená vepřová plec v mrkvi s mladou cibulkou a kmínem, vařené brambory s máslem a petrželkou;169 Kč"
https://www.firmy.cz/detail/13503510-pivovarsky-dum-benedict-praha-nove-mesto.html;4.7;114;14.423677;50.075451;"Smažené řízečky z vepřové panenky v sezamové strouhance, vídeňský bramborový salát, citrón;179 Kč"
https://www.firmy.cz/detail/13503510-pivovarsky-dum-benedict-praha-nove-mesto.html;4.7;114;14.423677;50.075451;"Čočka s jáhly na kyselo, dvě sázená vejce, nakládaná okurka, restovaná cibulka;159 Kč"
https://www.firmy.cz/detail/13503510-pivovarsky-dum-benedict-praha-nove-mesto.html;4.7;114;14.423677;50.075451;"„Spätzle“ se zelím, opečenou slaninou a křupavou cibulkou;169 Kč"
https://www.firmy.cz/detail/13503510-pivovarsky-dum-benedict-praha-nove-mesto.html;4.7;114;14.423677;50.075451;"Hovězí květová špička připravovaná metodou sous-vide 42hodin ve směsi koření, opečené brambory, listový salát a bbq majonéza;219 Kč"
https://www.firmy.cz/detail/2004407-u-mateje-kotrby-restaurace-a-bar-praha-nove-mesto.html;4.5;68;14.416620;50.079464;;
https://www.firmy.cz/detail/12866962-penzion-restaurant-u-hofmanu-praha-kobylisy.html;3.6;53;14.454215;50.122563;"130g Sví?ková na smetan?, houskový knedlík, brusinkový ter?;195 Kč"
https://www.firmy.cz/detail/12866962-penzion-restaurant-u-hofmanu-praha-kobylisy.html;3.6;53;14.454215;50.122563;"130g Pe?ená vep?ová plec se zelím a houskovým knedlíkem;155 Kč"
https://www.firmy.cz/detail/12866962-penzion-restaurant-u-hofmanu-praha-kobylisy.html;3.6;53;14.454215;50.122563;"130g Moravský vrabec se ?penátem a bramborovým knedlíkem;165 Kč"
https://www.firmy.cz/detail/12866962-penzion-restaurant-u-hofmanu-praha-kobylisy.html;3.6;53;14.454215;50.122563;";"
https://www.firmy.cz/detail/12866962-penzion-restaurant-u-hofmanu-praha-kobylisy.html;3.6;53;14.454215;50.122563;";"
https://www.firmy.cz/detail/12866962-penzion-restaurant-u-hofmanu-praha-kobylisy.html;3.6;53;14.454215;50.122563;";"
https://www.firmy.cz/detail/12866962-penzion-restaurant-u-hofmanu-praha-kobylisy.html;3.6;53;14.454215;50.122563;";"
https://www.firmy.cz/detail/12866962-penzion-restaurant-u-hofmanu-praha-kobylisy.html;3.6;53;14.454215;50.122563;";"
https://www.firmy.cz/detail/12866962-penzion-restaurant-u-hofmanu-praha-kobylisy.html;3.6;53;14.454215;50.122563;";"
https://www.firmy.cz/detail/2589014-restaurace-u-sedleru-praha-nove-mesto.html;3.7;18;14.419194;50.077176;"0, 3 l Hovězí polévka s masem, nudlemi a zeleninou;42 Kč"
https://www.firmy.cz/detail/2589014-restaurace-u-sedleru-praha-nove-mesto.html;3.7;18;14.419194;50.077176;"0, 3 l Hrachová s párkem;42 Kč"
https://www.firmy.cz/detail/2589014-restaurace-u-sedleru-praha-nove-mesto.html;3.7;18;14.419194;50.077176;"250 g Pečené kuřecí stehno na másle a česneku s bramborovou kaší;159 Kč"
https://www.firmy.cz/detail/2589014-restaurace-u-sedleru-praha-nove-mesto.html;3.7;18;14.419194;50.077176;";"
https://www.firmy.cz/detail/2589014-restaurace-u-sedleru-praha-nove-mesto.html;3.7;18;14.419194;50.077176;";"
https://www.firmy.cz/detail/2589014-restaurace-u-sedleru-praha-nove-mesto.html;3.7;18;14.419194;50.077176;";"
https://www.firmy.cz/detail/2589014-restaurace-u-sedleru-praha-nove-mesto.html;3.7;18;14.419194;50.077176;";"
https://www.firmy.cz/detail/2589014-restaurace-u-sedleru-praha-nove-mesto.html;3.7;18;14.419194;50.077176;";"
https://www.firmy.cz/detail/2589014-restaurace-u-sedleru-praha-nove-mesto.html;3.7;18;14.419194;50.077176;";"
https://www.firmy.cz/detail/2589014-restaurace-u-sedleru-praha-nove-mesto.html;3.7;18;14.419194;50.077176;";"
https://www.firmy.cz/detail/2589014-restaurace-u-sedleru-praha-nove-mesto.html;3.7;18;14.419194;50.077176;";"
https://www.firmy.cz/detail/2589014-restaurace-u-sedleru-praha-nove-mesto.html;3.7;18;14.419194;50.077176;";"
https://www.firmy.cz/detail/2589014-restaurace-u-sedleru-praha-nove-mesto.html;3.7;18;14.419194;50.077176;"150 g Hovězí tatarák z falešné svíčkové, sekaná cibulka, koření, česnekové topinky;249 Kč"
https://www.firmy.cz/detail/2589014-restaurace-u-sedleru-praha-nove-mesto.html;3.7;18;14.419194;50.077176;"150 g Grilované klobásky dle nabídky /jehněčí, telecí, vepřové/, dva druhy hořčice, salát z kysaného zelí;189 Kč"
https://www.firmy.cz/detail/2589014-restaurace-u-sedleru-praha-nove-mesto.html;3.7;18;14.419194;50.077176;"200 g Hovězí steak dle nabídky, silná omáčka se zeleným pepřem, bramborové hranolky;319 Kč"
https://www.firmy.cz/detail/2589014-restaurace-u-sedleru-praha-nove-mesto.html;3.7;18;14.419194;50.077176;"200 g Filírovaná vepřová panenka, smetanová omáčka s liškami, šťouchané brambory;299 Kč"
https://www.firmy.cz/detail/13072330-zahradni-restaurace-miminoo-praha-zizkov.html;4.2;59;14.450763;50.080985;;
https://www.firmy.cz/detail/661662-krcma-u-pavouka-praha-stare-mesto.html;3.6;37;14.424618;50.087437;;
https://www.firmy.cz/detail/13568397-pivni-bar-cerna-ruka-praha-vinohrady.html;5;4;14.447955;50.078005;;
https://www.firmy.cz/detail/2220349-restaurace-u-blekotu-praha-kobylisy.html;None;None;14.456530;50.130522;"150g "Čertovy vidle" (kousky kuřecího masa, cibule, niva, smetana) , bramborové krokety;169 Kč"
https://www.firmy.cz/detail/2220349-restaurace-u-blekotu-praha-kobylisy.html;None;None;14.456530;50.130522;"180g Westernové mexico fazole "CALVERA" s klobásou, čerstvý chléb;162 Kč"
https://www.firmy.cz/detail/2220349-restaurace-u-blekotu-praha-kobylisy.html;None;None;14.456530;50.130522;"250g Pečené kuřecí stehno po italsku "ROMA" (sušené rajčata + česnek) s jasmínovou rýží;157 Kč"
https://www.firmy.cz/detail/2220349-restaurace-u-blekotu-praha-kobylisy.html;None;None;14.456530;50.130522;"150g Rajská omáčka s hovězím masem a těstovinami (kolínka);169 Kč"
https://www.firmy.cz/detail/2220349-restaurace-u-blekotu-praha-kobylisy.html;None;None;14.456530;50.130522;"120g Tortilla s masovou směsí a zeleninou, strouhaný sýr;165 Kč"
https://www.firmy.cz/detail/2220349-restaurace-u-blekotu-praha-kobylisy.html;None;None;14.456530;50.130522;"150g Smažený vepřový řízek s vařenýn bramborem, okurkou a citronem;169 Kč"
https://www.firmy.cz/detail/2220349-restaurace-u-blekotu-praha-kobylisy.html;None;None;14.456530;50.130522;"150g Vepřová plec po selsku s červeným zelím a bramborovým knedlíkem;159 Kč"
https://www.firmy.cz/detail/2220349-restaurace-u-blekotu-praha-kobylisy.html;None;None;14.456530;50.130522;"1ks Medovník se šlehačkou;65 Kč"
https://www.firmy.cz/detail/2220349-restaurace-u-blekotu-praha-kobylisy.html;None;None;14.456530;50.130522;"1ks Pistáciový Cheesecake;99 Kč"
https://www.firmy.cz/detail/2220349-restaurace-u-blekotu-praha-kobylisy.html;None;None;14.456530;50.130522;"1ks Banán v čokoládě se šlehačkou;59 Kč"
https://www.firmy.cz/detail/2220349-restaurace-u-blekotu-praha-kobylisy.html;None;None;14.456530;50.130522;"0, 33l Polévka dle denní nabídky;65 Kč"
https://www.firmy.cz/detail/2220349-restaurace-u-blekotu-praha-kobylisy.html;None;None;14.456530;50.130522;"150g Tatarský biftek z hovězí roštěné, topinky;249 Kč"
https://www.firmy.cz/detail/2220349-restaurace-u-blekotu-praha-kobylisy.html;None;None;14.456530;50.130522;"1ks Nakládaný hermelín, vlastní výroba, chléb;109 Kč"
https://www.firmy.cz/detail/2220349-restaurace-u-blekotu-praha-kobylisy.html;None;None;14.456530;50.130522;"100g Škvarková pomazánka, vlastní výroba, chléb;95 Kč"
https://www.firmy.cz/detail/2220349-restaurace-u-blekotu-praha-kobylisy.html;None;None;14.456530;50.130522;"80g Carpaccio, bazalkové pesto, rukola, bagetka, parmazán, olivový olej;175 Kč"
https://www.firmy.cz/detail/2220349-restaurace-u-blekotu-praha-kobylisy.html;None;None;14.456530;50.130522;"150g Tlačenka od řezníka Heřmana, cibule, chléb;95 Kč"
https://www.firmy.cz/detail/2220349-restaurace-u-blekotu-praha-kobylisy.html;None;None;14.456530;50.130522;"1ks Klobása na grilu, čerstvý struhaný křen, hořčice, chléb;115 Kč"
https://www.firmy.cz/detail/2220349-restaurace-u-blekotu-praha-kobylisy.html;None;None;14.456530;50.130522;"120g Grilovaný hermelín, brusinky, toustový chléb;139 Kč"
https://www.firmy.cz/detail/2220349-restaurace-u-blekotu-praha-kobylisy.html;None;None;14.456530;50.130522;"200g Kuřecí prsní steak s anglickou slaninou, chléb;219 Kč"
https://www.firmy.cz/detail/2220349-restaurace-u-blekotu-praha-kobylisy.html;None;None;14.456530;50.130522;"250g Vepřový steak z krkovice, grilovaná paprika, chléb;239 Kč"
https://www.firmy.cz/detail/2220349-restaurace-u-blekotu-praha-kobylisy.html;None;None;14.456530;50.130522;"350g Vepřová kotleta se sázeným vejcem, chléb;255 Kč"
https://www.firmy.cz/detail/2220349-restaurace-u-blekotu-praha-kobylisy.html;None;None;14.456530;50.130522;"200g Vepřové medajlonky z panenky s restovanou cibulkou, chléb;249 Kč"
https://www.firmy.cz/detail/2220349-restaurace-u-blekotu-praha-kobylisy.html;None;None;14.456530;50.130522;"250g Jihoamerický hovězí steak z vysoké roštěné (Rib Eye) , chléb;329 Kč"
https://www.firmy.cz/detail/2220349-restaurace-u-blekotu-praha-kobylisy.html;None;None;14.456530;50.130522;"250g Hovězí Rumpsteak, chléb;309 Kč"
https://www.firmy.cz/detail/2220349-restaurace-u-blekotu-praha-kobylisy.html;None;None;14.456530;50.130522;"200g Katův šleh s chilli papričkami, chléb;199 Kč"
https://www.firmy.cz/detail/2220349-restaurace-u-blekotu-praha-kobylisy.html;None;None;14.456530;50.130522;"500g Pečená vepřová žebra, zelný salát, barbecue omáčka, česnekový dip, strouhaný křen, chléb;219 Kč"
https://www.firmy.cz/detail/2220349-restaurace-u-blekotu-praha-kobylisy.html;None;None;14.456530;50.130522;"150g Smažený kuřecí/vepřový řízek, citron;185 Kč"
https://www.firmy.cz/detail/2220349-restaurace-u-blekotu-praha-kobylisy.html;None;None;14.456530;50.130522;"120g Smažený sýr eidam 40%, vlastní výroba, obloha;115 Kč"
https://www.firmy.cz/detail/2220349-restaurace-u-blekotu-praha-kobylisy.html;None;None;14.456530;50.130522;"100g Smažený hermelín, obloha;115 Kč"
https://www.firmy.cz/detail/2220349-restaurace-u-blekotu-praha-kobylisy.html;None;None;14.456530;50.130522;"70g Smažený kuřecí řízek pro děti, hranolky, kečup;135 Kč"
https://www.firmy.cz/detail/2220349-restaurace-u-blekotu-praha-kobylisy.html;None;None;14.456530;50.130522;"200g Hot Mexican burger s hranolky hovězí Angus, Chilli Rawit paprička, sýr Cheddar, ledový salát, pikantní dresink, opečená houska, hranolky Julienne;239 Kč"
https://www.firmy.cz/detail/2220349-restaurace-u-blekotu-praha-kobylisy.html;None;None;14.456530;50.130522;"200g Hovězí Bacon Cheddar Burger s hranolky hovězí Angus, sýr Cheddar, dresink, slanina, zelenina, opečená houska, hranolky Julienne;239 Kč"
https://www.firmy.cz/detail/2220349-restaurace-u-blekotu-praha-kobylisy.html;None;None;14.456530;50.130522;"150g Okurkový salát;89 Kč"
https://www.firmy.cz/detail/2220349-restaurace-u-blekotu-praha-kobylisy.html;None;None;14.456530;50.130522;"150g Šopský salát okurky, rajčata, papriky, balkánský sýr, olivový olej;99 Kč"
https://www.firmy.cz/detail/2220349-restaurace-u-blekotu-praha-kobylisy.html;None;None;14.456530;50.130522;"300g Lehký zeleninový salát s grilovaným kuřecím masem;209 Kč"
https://www.firmy.cz/detail/2220349-restaurace-u-blekotu-praha-kobylisy.html;None;None;14.456530;50.130522;"250g Caesar salát římský salát, kuřecí prsa, žemlové krutony, ančovičkový dresink, plátky slaniny;209 Kč"
https://www.firmy.cz/detail/2220349-restaurace-u-blekotu-praha-kobylisy.html;None;None;14.456530;50.130522;"300g Mix listových salátů saláty, mozzarella, cherry rajčata, rukola, olivový olej;165 Kč"
https://www.firmy.cz/detail/2220349-restaurace-u-blekotu-praha-kobylisy.html;None;None;14.456530;50.130522;"200g Hranolky Julianne (tenké);49 Kč"
https://www.firmy.cz/detail/2220349-restaurace-u-blekotu-praha-kobylisy.html;None;None;14.456530;50.130522;"200g Krokety;50 Kč"
https://www.firmy.cz/detail/2220349-restaurace-u-blekotu-praha-kobylisy.html;None;None;14.456530;50.130522;"200g Grilované zelené fazolky se slaninou;69 Kč"
https://www.firmy.cz/detail/2220349-restaurace-u-blekotu-praha-kobylisy.html;None;None;14.456530;50.130522;"200g Grilovaná zelenina;75 Kč"
https://www.firmy.cz/detail/2220349-restaurace-u-blekotu-praha-kobylisy.html;None;None;14.456530;50.130522;"Tatarská omáčka, vlastní výroba;35 Kč"
https://www.firmy.cz/detail/2220349-restaurace-u-blekotu-praha-kobylisy.html;None;None;14.456530;50.130522;"Blekotova omáčka;35 Kč"
https://www.firmy.cz/detail/2220349-restaurace-u-blekotu-praha-kobylisy.html;None;None;14.456530;50.130522;"Pepřová omáčka;35 Kč"
https://www.firmy.cz/detail/2220349-restaurace-u-blekotu-praha-kobylisy.html;None;None;14.456530;50.130522;"Hříbková omáčka;35 Kč"
https://www.firmy.cz/detail/2220349-restaurace-u-blekotu-praha-kobylisy.html;None;None;14.456530;50.130522;"Kopeček zmrzliny na výběr vanilka nebo vlašský ořech;29 Kč"
https://www.firmy.cz/detail/2220349-restaurace-u-blekotu-praha-kobylisy.html;None;None;14.456530;50.130522;"Banán v čokoládě banán, šlehačka, čokoládová poleva;75 Kč"
https://www.firmy.cz/detail/2220349-restaurace-u-blekotu-praha-kobylisy.html;None;None;14.456530;50.130522;"Banánový pohár vanilková zmrzlina, banán, čokoládová poleva, šlehačka;105 Kč"
https://www.firmy.cz/detail/2220349-restaurace-u-blekotu-praha-kobylisy.html;None;None;14.456530;50.130522;"Horká láska vanilková zmrzlina, horké maliny, šlehačka;105 Kč"
https://www.firmy.cz/detail/13297627-spravovna-praha-zizkov.html;4.1;23;14.448408;50.079143;"Mrkvový krém se zázvorem;49 Kč"
https://www.firmy.cz/detail/13297627-spravovna-praha-zizkov.html;4.1;23;14.448408;50.079143;"Bramborové noky s mozzarellou a cuketou, pomodoro omáčka, bazalka;179 Kč"
https://www.firmy.cz/detail/13297627-spravovna-praha-zizkov.html;4.1;23;14.448408;50.079143;"Šunka od kosti pečená na medu, bramborová kaše, vejmrda;189 Kč"
https://www.firmy.cz/detail/13297627-spravovna-praha-zizkov.html;4.1;23;14.448408;50.079143;"Hovězí kýta na houbách, variace knedlíků;199 Kč"
https://www.firmy.cz/detail/13297627-spravovna-praha-zizkov.html;4.1;23;14.448408;50.079143;"Zeleninový salát s parmskou šunkou a kozím sýrem, dýńová semínka, balsamico dresink;179 Kč"
https://www.firmy.cz/detail/13297627-spravovna-praha-zizkov.html;4.1;23;14.448408;50.079143;"Smažený sýr (Eidam) v bylinkové strouhance, hranolky, domácí tatarka;179 Kč"
https://www.firmy.cz/detail/13297627-spravovna-praha-zizkov.html;4.1;23;14.448408;50.079143;"Kuřecí Supreme na grilu, pappardelle s chřestovou omáčkou, parmezán;229 Kč"
https://www.firmy.cz/detail/13297627-spravovna-praha-zizkov.html;4.1;23;14.448408;50.079143;"SALÁT Rajčatový s cibulkou;69 Kč"
https://www.firmy.cz/detail/13297627-spravovna-praha-zizkov.html;4.1;23;14.448408;50.079143;"DEZERT Buchtičky s vanilkovým krémem, máta;79 Kč"
https://www.firmy.cz/detail/13297627-spravovna-praha-zizkov.html;4.1;23;14.448408;50.079143;"Škvarková pomazánka, šalotka, chléb;125 Kč"
https://www.firmy.cz/detail/13297627-spravovna-praha-zizkov.html;4.1;23;14.448408;50.079143;"Telecí paštika brusinkové sádlo, chléb;165 Kč"
https://www.firmy.cz/detail/13297627-spravovna-praha-zizkov.html;4.1;23;14.448408;50.079143;"Zavináče, nakládané zelí Koprová zálivka;155 Kč"
https://www.firmy.cz/detail/13297627-spravovna-praha-zizkov.html;4.1;23;14.448408;50.079143;"Lahůdkový maxi chlebíček s bramborovým salátem, šunkou a vejcem;105 Kč"
https://www.firmy.cz/detail/13297627-spravovna-praha-zizkov.html;4.1;23;14.448408;50.079143;"Lahůdkový maxxi chlebíček s rostbífem a smetanovým křenem;125 Kč"
https://www.firmy.cz/detail/13297627-spravovna-praha-zizkov.html;4.1;23;14.448408;50.079143;"Lahůdkový maxi chlebíček sýrový s ořechy a hroznovým vínem;105 Kč"
https://www.firmy.cz/detail/13297627-spravovna-praha-zizkov.html;4.1;23;14.448408;50.079143;"Nakládaný hermelín chléb;169 Kč"
https://www.firmy.cz/detail/13297627-spravovna-praha-zizkov.html;4.1;23;14.448408;50.079143;"Smažené dršťky v kořenovém pivním těstíčku tatarská omáčka;185 Kč"
https://www.firmy.cz/detail/13297627-spravovna-praha-zizkov.html;4.1;23;14.448408;50.079143;"Hovězí tatarák spravovna trochu jinak: s kapary, cornišonkami, koktejlovou omáčkou a parmezánem pečené topinky 5 ks;289 Kč"
https://www.firmy.cz/detail/13297627-spravovna-praha-zizkov.html;4.1;23;14.448408;50.079143;"Domácí tlačenka z vepřových líček nakládané zelí, cibulka, ocet;179 Kč"
https://www.firmy.cz/detail/13297627-spravovna-praha-zizkov.html;4.1;23;14.448408;50.079143;"Variace ďábelských topinek jeden kus s masovou směsí, sypané sýrem jeden kus strhaným masem, restovaná cibulka z fíky;189 Kč"
https://www.firmy.cz/detail/13297627-spravovna-praha-zizkov.html;4.1;23;14.448408;50.079143;"Buřty na černém pivu chléb;175 Kč"
https://www.firmy.cz/detail/13297627-spravovna-praha-zizkov.html;4.1;23;14.448408;50.079143;"Polévka dle denní nabídky;79 Kč"
https://www.firmy.cz/detail/13297627-spravovna-praha-zizkov.html;4.1;23;14.448408;50.079143;"Silný slepičí vývar s játrovým knedlíkem, kořenovou zeleninou a libečkem;95 Kč"
https://www.firmy.cz/detail/13297627-spravovna-praha-zizkov.html;4.1;23;14.448408;50.079143;"Pomalu pečený vepřový bůček majoránková omáčka, smetanový špenát, bramborová kaše;345 Kč"
https://www.firmy.cz/detail/13297627-spravovna-praha-zizkov.html;4.1;23;14.448408;50.079143;"Čevabčiči plněné sýrem vařené brambory s osmaženou cibulkou domácí hořčice, cibulový salátek;310 Kč"
https://www.firmy.cz/detail/13297627-spravovna-praha-zizkov.html;4.1;23;14.448408;50.079143;"Smažený sýr v bylinkové strouhance vařené brambory, domácí tatarská omáčka;289 Kč"
https://www.firmy.cz/detail/13297627-spravovna-praha-zizkov.html;4.1;23;14.448408;50.079143;"Bramborový knedlík plněný kachním masem červené zelí nakládaný rybíz, karamelizovaná cibule;325 Kč"
https://www.firmy.cz/detail/13297627-spravovna-praha-zizkov.html;4.1;23;14.448408;50.079143;"Kuřecí křídla pečená macerovaná v medu a rumu bylinkový dip, tousty nebo smažená pálivá se zauzeným pepřem;295 Kč"
https://www.firmy.cz/detail/13297627-spravovna-praha-zizkov.html;4.1;23;14.448408;50.079143;"Grilované vepřové koleno domácí hořčice, křen, zelným salát, čerstvý chléb;450 Kč"
https://www.firmy.cz/detail/13297627-spravovna-praha-zizkov.html;4.1;23;14.448408;50.079143;"Pomalu tažená vepřová žebra Na medvědím česneku, zelný salát, bylinkový dip, chléb;399 Kč"
https://www.firmy.cz/detail/13297627-spravovna-praha-zizkov.html;4.1;23;14.448408;50.079143;"Kuřecí gordon bleu máslová bramborová kaše, okurkový salát;325 Kč"
https://www.firmy.cz/detail/13297627-spravovna-praha-zizkov.html;4.1;23;14.448408;50.079143;"Vepřo, knedlo, zelo z přeštíka, chlebové knedlíky, kedlubnové zelí;340 Kč"
https://www.firmy.cz/detail/13297627-spravovna-praha-zizkov.html;4.1;23;14.448408;50.079143;"Smažená treska v pivním těstíčku batátové hranolky, hráškový krém;335 Kč"
https://www.firmy.cz/detail/13297627-spravovna-praha-zizkov.html;4.1;23;14.448408;50.079143;"Trhané kuřecí s máslovou omáčkou bramborovém chlebu s pastou s avokáda a sušený v tomatu, Caesar salátek;315 Kč"
https://www.firmy.cz/detail/13297627-spravovna-praha-zizkov.html;4.1;23;14.448408;50.079143;"Burger spravovák 150/300g v závorce bioagnus (uzavřít z volským okem, opečenou slaninou, čedarem, salátek s rajčaty, hranolky, zauzená majonéza;335 Kč"
https://www.firmy.cz/detail/13297627-spravovna-praha-zizkov.html;4.1;23;14.448408;50.079143;"Hovězí flank steak 300g mačkané brambory s jarní cibulkou, lanýžový demi glace;499 Kč"
https://www.firmy.cz/detail/13297627-spravovna-praha-zizkov.html;4.1;23;14.448408;50.079143;"Domácí pirohy s bramborami a kapustou, Lišky, pažitkový dip;289 Kč"
https://www.firmy.cz/detail/13297627-spravovna-praha-zizkov.html;4.1;23;14.448408;50.079143;"Listový salát s grilovaným kuřecím prsíčkem avokádo, sušená rajčata, pistácie, citrusový dresy;325 Kč"
https://www.firmy.cz/detail/13297627-spravovna-praha-zizkov.html;4.1;23;14.448408;50.079143;"Trhané saláty s kozím sýrem červená řepa, octový dresin s medem, ořechy a perníkem;285 Kč"
https://www.firmy.cz/detail/13297627-spravovna-praha-zizkov.html;4.1;23;14.448408;50.079143;"Dukátové buchtičky se šodó;169 Kč"
https://www.firmy.cz/detail/13297627-spravovna-praha-zizkov.html;4.1;23;14.448408;50.079143;"Tvarohový koláč z čerstvým ovocem a drobenkou;135 Kč"
https://www.firmy.cz/detail/13297627-spravovna-praha-zizkov.html;4.1;23;14.448408;50.079143;"Prazdroj světlý ležák 0, 3;59 Kč"
https://www.firmy.cz/detail/13297627-spravovna-praha-zizkov.html;4.1;23;14.448408;50.079143;"Prazdroj světlý ležák 0, 5;72 Kč"
https://www.firmy.cz/detail/13297627-spravovna-praha-zizkov.html;4.1;23;14.448408;50.079143;"Velkopopovický kozel tmavý výčepní 0, 3;54 Kč"
https://www.firmy.cz/detail/13297627-spravovna-praha-zizkov.html;4.1;23;14.448408;50.079143;"Velkopopovický kozel tmavý výčepní 0, 5;66 Kč"
https://www.firmy.cz/detail/13297627-spravovna-praha-zizkov.html;4.1;23;14.448408;50.079143;"Speciál z Prazdroje 0. 4l;75 Kč"
https://www.firmy.cz/detail/13297627-spravovna-praha-zizkov.html;4.1;23;14.448408;50.079143;"Birell ovocný nealkoholické 0, 3/0, 5;55 Kč"
https://www.firmy.cz/detail/13297627-spravovna-praha-zizkov.html;4.1;23;14.448408;50.079143;"Birell nealkoholický lahvové světlý lomeno polotmavý 0, 33;55 Kč"
https://www.firmy.cz/detail/13297627-spravovna-praha-zizkov.html;4.1;23;14.448408;50.079143;"Frisco-sider 0, 33;79 Kč"
https://www.firmy.cz/detail/13297627-spravovna-praha-zizkov.html;4.1;23;14.448408;50.079143;"Rozlévané víno bílé Pinot Grigio/ červené Merlot, 0, 15/ 0, 5;79 Kč"
https://www.firmy.cz/detail/13297627-spravovna-praha-zizkov.html;4.1;23;14.448408;50.079143;"Rozlévané víno bílé Grüner Veltliner / červené Primitivo, 0, 15/ 0, 5;95 Kč"
https://www.firmy.cz/detail/13297627-spravovna-praha-zizkov.html;4.1;23;14.448408;50.079143;"Rozlévané prosecco 0, 15;95 Kč"
https://www.firmy.cz/detail/13297627-spravovna-praha-zizkov.html;4.1;23;14.448408;50.079143;"Žufánek Hruškovice z dubového sudu 0, 02;82 Kč"
https://www.firmy.cz/detail/13297627-spravovna-praha-zizkov.html;4.1;23;14.448408;50.079143;"Tatranský čaj 52% 0, 02;52 Kč"
https://www.firmy.cz/detail/13297627-spravovna-praha-zizkov.html;4.1;23;14.448408;50.079143;"Fasbind švýcarská hruškovice/jablko 0, 02;92 Kč"
https://www.firmy.cz/detail/13297627-spravovna-praha-zizkov.html;4.1;23;14.448408;50.079143;"Bartida slivovice/ meruňkovice/ Hruškovice Williams 0, 02;57 Kč"
https://www.firmy.cz/detail/13297627-spravovna-praha-zizkov.html;4.1;23;14.448408;50.079143;"Baron Hildebrand z zralá hruška/malina 0. 02;65 Kč"
https://www.firmy.cz/detail/13297627-spravovna-praha-zizkov.html;4.1;23;14.448408;50.079143;"Božkov republika rezerva 0, 02;47 Kč"
https://www.firmy.cz/detail/13297627-spravovna-praha-zizkov.html;4.1;23;14.448408;50.079143;"Božkov republika exlusive;42 Kč"
https://www.firmy.cz/detail/13297627-spravovna-praha-zizkov.html;4.1;23;14.448408;50.079143;"Božkov originál 0, 02;32 Kč"
https://www.firmy.cz/detail/13297627-spravovna-praha-zizkov.html;4.1;23;14.448408;50.079143;"Captain Morgan 0, 02;42 Kč"
https://www.firmy.cz/detail/13297627-spravovna-praha-zizkov.html;4.1;23;14.448408;50.079143;"Cortés Ron blanco 0, 02;42 Kč"
https://www.firmy.cz/detail/13297627-spravovna-praha-zizkov.html;4.1;23;14.448408;50.079143;"Legendario elixír rum 0, 02;55 Kč"
https://www.firmy.cz/detail/13297627-spravovna-praha-zizkov.html;4.1;23;14.448408;50.079143;"Zacapa 23 y. o.;97 Kč"
https://www.firmy.cz/detail/13297627-spravovna-praha-zizkov.html;4.1;23;14.448408;50.079143;"Diplomatico rezerva exclusiva 12 áňos;82 Kč"
https://www.firmy.cz/detail/13297627-spravovna-praha-zizkov.html;4.1;23;14.448408;50.079143;"Johnnie Walker red label 0, 02;40 Kč"
https://www.firmy.cz/detail/13297627-spravovna-praha-zizkov.html;4.1;23;14.448408;50.079143;"Tullamore Dew 0, 02;47 Kč"
https://www.firmy.cz/detail/13297627-spravovna-praha-zizkov.html;4.1;23;14.448408;50.079143;"Chivas regál 12 y. o. 0. 02;60 Kč"
https://www.firmy.cz/detail/13297627-spravovna-praha-zizkov.html;4.1;23;14.448408;50.079143;"Jack daniel's/Honey 0. 02;50 Kč"
https://www.firmy.cz/detail/13297627-spravovna-praha-zizkov.html;4.1;23;14.448408;50.079143;"Jim Beam 0. 02;42 Kč"
https://www.firmy.cz/detail/13297627-spravovna-praha-zizkov.html;4.1;23;14.448408;50.079143;"Fernet Stock originál/citrus 0. 02;37 Kč"
https://www.firmy.cz/detail/13297627-spravovna-praha-zizkov.html;4.1;23;14.448408;50.079143;"Becherovka originál/grep 0, 02;37 Kč"
https://www.firmy.cz/detail/13297627-spravovna-praha-zizkov.html;4.1;23;14.448408;50.079143;"Bartida peprmint/griotka/hruška 0, 02;37 Kč"
https://www.firmy.cz/detail/13297627-spravovna-praha-zizkov.html;4.1;23;14.448408;50.079143;"Jägermeister originál/orange 0, 02;40 Kč"
https://www.firmy.cz/detail/13297627-spravovna-praha-zizkov.html;4.1;23;14.448408;50.079143;"Amundsen 0, 02;37 Kč"
https://www.firmy.cz/detail/13297627-spravovna-praha-zizkov.html;4.1;23;14.448408;50.079143;"Smirnoff 0, 02;42 Kč"
https://www.firmy.cz/detail/13297627-spravovna-praha-zizkov.html;4.1;23;14.448408;50.079143;"Grey goose 0, 02;82 Kč"
https://www.firmy.cz/detail/13297627-spravovna-praha-zizkov.html;4.1;23;14.448408;50.079143;"Tequila Sierra blanco/reposado 0, 02;50 Kč"
https://www.firmy.cz/detail/13297627-spravovna-praha-zizkov.html;4.1;23;14.448408;50.079143;"Gordon's london dry Gin 0, 02;40 Kč"
https://www.firmy.cz/detail/13297627-spravovna-praha-zizkov.html;4.1;23;14.448408;50.079143;"Gordon s premium pink 0, 02;40 Kč"
https://www.firmy.cz/detail/13297627-spravovna-praha-zizkov.html;4.1;23;14.448408;50.079143;"Roku Gin 0, 02;77 Kč"
https://www.firmy.cz/detail/13297627-spravovna-praha-zizkov.html;4.1;23;14.448408;50.079143;"Remi Martin v. s. o. p. 0, 02;82 Kč"
https://www.firmy.cz/detail/13297627-spravovna-praha-zizkov.html;4.1;23;14.448408;50.079143;"Beton Becherovka, tonic, citrón;139 Kč"
https://www.firmy.cz/detail/13297627-spravovna-praha-zizkov.html;4.1;23;14.448408;50.079143;"Beton grep, grep Becherovka, tonic, limeta;139 Kč"
https://www.firmy.cz/detail/13297627-spravovna-praha-zizkov.html;4.1;23;14.448408;50.079143;"Bavorák Fernet Stock, tonic, citrón;139 Kč"
https://www.firmy.cz/detail/13297627-spravovna-praha-zizkov.html;4.1;23;14.448408;50.079143;"Gin and tonic Gin tonic, limeta;149 Kč"
https://www.firmy.cz/detail/13297627-spravovna-praha-zizkov.html;4.1;23;14.448408;50.079143;"Pink Gin and tonic pink Gin, Targa tonic;159 Kč"
https://www.firmy.cz/detail/13297627-spravovna-praha-zizkov.html;4.1;23;14.448408;50.079143;"Aperol spritz prosecco, aperol soda;159 Kč"
https://www.firmy.cz/detail/13297627-spravovna-praha-zizkov.html;4.1;23;14.448408;50.079143;"Hugo spritz prosecco, bezinkový sirup, máta soda;145 Kč"
https://www.firmy.cz/detail/13297627-spravovna-praha-zizkov.html;4.1;23;14.448408;50.079143;"Mojito originál;155 Kč"
https://www.firmy.cz/detail/13297627-spravovna-praha-zizkov.html;4.1;23;14.448408;50.079143;"Mojito malina/mango;175 Kč"
https://www.firmy.cz/detail/13297627-spravovna-praha-zizkov.html;4.1;23;14.448408;50.079143;"Caipirinha cachaca limetky, třtinový cukr;155 Kč"
https://www.firmy.cz/detail/13297627-spravovna-praha-zizkov.html;4.1;23;14.448408;50.079143;"Capiroska vodka, limetky, třtinový cukr;155 Kč"
https://www.firmy.cz/detail/13297627-spravovna-praha-zizkov.html;4.1;23;14.448408;50.079143;"Cosmopolitan vodka, Cointreau, brusinkový džus;155 Kč"
https://www.firmy.cz/detail/13297627-spravovna-praha-zizkov.html;4.1;23;14.448408;50.079143;"Cuba libre rum, kola limetka;155 Kč"
https://www.firmy.cz/detail/13297627-spravovna-praha-zizkov.html;4.1;23;14.448408;50.079143;"Long Island ice tea vodka, rum, Gin, tequila, Cointreau limetový sirup cola;155 Kč"
https://www.firmy.cz/detail/13297627-spravovna-praha-zizkov.html;4.1;23;14.448408;50.079143;"Chupito rum, lime sirup, koktejlová třešeň;135 Kč"
https://www.firmy.cz/detail/13297627-spravovna-praha-zizkov.html;4.1;23;14.448408;50.079143;"Skinny bitch vodka soda, limety;125 Kč"
https://www.firmy.cz/detail/13297627-spravovna-praha-zizkov.html;4.1;23;14.448408;50.079143;"Virgin mojito;119 Kč"
https://www.firmy.cz/detail/13297627-spravovna-praha-zizkov.html;4.1;23;14.448408;50.079143;"Virgin mojito malina/mango;139 Kč"
https://www.firmy.cz/detail/13297627-spravovna-praha-zizkov.html;4.1;23;14.448408;50.079143;"Gordon's 0, 0% tonic limeta;155 Kč"
https://www.firmy.cz/detail/13297627-spravovna-praha-zizkov.html;4.1;23;14.448408;50.079143;"Espresso tonic;129 Kč"
https://www.firmy.cz/detail/13297627-spravovna-praha-zizkov.html;4.1;23;14.448408;50.079143;"Zero Cuba libre;155 Kč"
https://www.firmy.cz/detail/13297627-spravovna-praha-zizkov.html;4.1;23;14.448408;50.079143;"Zero caipirinha;190 Kč"
https://www.firmy.cz/detail/13297627-spravovna-praha-zizkov.html;4.1;23;14.448408;50.079143;"Domácí limonády dle nabídky 0, 3/0, 5;89 Kč"
https://www.firmy.cz/detail/13297627-spravovna-praha-zizkov.html;4.1;23;14.448408;50.079143;"Domácí ledový čaj dle nabídky 0, 3/0, 5;89 Kč"
https://www.firmy.cz/detail/13297627-spravovna-praha-zizkov.html;4.1;23;14.448408;50.079143;"Kofola originál čepovaná 0, 3/0. 5;45 Kč"
https://www.firmy.cz/detail/13297627-spravovna-praha-zizkov.html;4.1;23;14.448408;50.079143;"RC Cola;65 Kč"
https://www.firmy.cz/detail/13297627-spravovna-praha-zizkov.html;4.1;23;14.448408;50.079143;"Targa florio pomeranč;65 Kč"
https://www.firmy.cz/detail/13297627-spravovna-praha-zizkov.html;4.1;23;14.448408;50.079143;"Targa florio tonic;65 Kč"
https://www.firmy.cz/detail/13297627-spravovna-praha-zizkov.html;4.1;23;14.448408;50.079143;"Džusy curiosa dle nabídky;65 Kč"
https://www.firmy.cz/detail/13297627-spravovna-praha-zizkov.html;4.1;23;14.448408;50.079143;"Rajec neperlivý, jemně perlivý, perlivý;59 Kč"
https://www.firmy.cz/detail/13297627-spravovna-praha-zizkov.html;4.1;23;14.448408;50.079143;"Evian perlivý neperlivý;115 Kč"
https://www.firmy.cz/detail/13297627-spravovna-praha-zizkov.html;4.1;23;14.448408;50.079143;"Red Bull;99 Kč"
https://www.firmy.cz/detail/13297627-spravovna-praha-zizkov.html;4.1;23;14.448408;50.079143;"Karafa vody 0, 5/1;40 Kč"
https://www.firmy.cz/detail/13297627-spravovna-praha-zizkov.html;4.1;23;14.448408;50.079143;"Karafa sody 0, 5/1;48 Kč"
https://www.firmy.cz/detail/13297627-spravovna-praha-zizkov.html;4.1;23;14.448408;50.079143;"Ristretto;65 Kč"
https://www.firmy.cz/detail/13297627-spravovna-praha-zizkov.html;4.1;23;14.448408;50.079143;"Expresso;65 Kč"
https://www.firmy.cz/detail/13297627-spravovna-praha-zizkov.html;4.1;23;14.448408;50.079143;"Double expresso;105 Kč"
https://www.firmy.cz/detail/13297627-spravovna-praha-zizkov.html;4.1;23;14.448408;50.079143;"Cappuccino;77 Kč"
https://www.firmy.cz/detail/13297627-spravovna-praha-zizkov.html;4.1;23;14.448408;50.079143;"Flat white;105 Kč"
https://www.firmy.cz/detail/13297627-spravovna-praha-zizkov.html;4.1;23;14.448408;50.079143;"Café latte;77 Kč"
https://www.firmy.cz/detail/13297627-spravovna-praha-zizkov.html;4.1;23;14.448408;50.079143;"Americano;69 Kč"
https://www.firmy.cz/detail/13297627-spravovna-praha-zizkov.html;4.1;23;14.448408;50.079143;"Čaj dle nabídky;75 Kč"
https://www.firmy.cz/detail/13297627-spravovna-praha-zizkov.html;4.1;23;14.448408;50.079143;"Čerstvý čaj dle nabídky;85 Kč"
https://www.firmy.cz/detail/13297627-spravovna-praha-zizkov.html;4.1;23;14.448408;50.079143;"Horká čokoláda;95 Kč"
https://www.firmy.cz/detail/13297627-spravovna-praha-zizkov.html;4.1;23;14.448408;50.079143;"Grog;95 Kč"
https://www.firmy.cz/detail/13297627-spravovna-praha-zizkov.html;4.1;23;14.448408;50.079143;"Svařené víno;95 Kč"
https://www.firmy.cz/detail/13098804-the-pub-pilsner-unique-bar-praha-nove-mesto.html;4.5;7;14.428369;50.076179;"Staročeský kaldoun;39 Kč"
https://www.firmy.cz/detail/13098804-the-pub-pilsner-unique-bar-praha-nove-mesto.html;4.5;7;14.428369;50.076179;"150g Živáňská vepřová pečeně připravená v alobalu s bramborami a zeleninou;159 Kč"
https://www.firmy.cz/detail/13098804-the-pub-pilsner-unique-bar-praha-nove-mesto.html;4.5;7;14.428369;50.076179;"250g Thajské pečené nudle s kuřecím masem, asijskou zeleninou a ústřicovou omáčkou;149 Kč"
https://www.firmy.cz/detail/13098804-the-pub-pilsner-unique-bar-praha-nove-mesto.html;4.5;7;14.428369;50.076179;"150g Hrachová kaše s klobásou, restovanou cibulkou a kyselou okurkou;149 Kč"
https://www.firmy.cz/detail/13098804-the-pub-pilsner-unique-bar-praha-nove-mesto.html;4.5;7;14.428369;50.076179;"120g Smažený sýrový špíz s mačkanými petrželovými brambory, tatarka;139 Kč"
https://www.firmy.cz/detail/13098804-the-pub-pilsner-unique-bar-praha-nove-mesto.html;4.5;7;14.428369;50.076179;"0, 3l Česnečka z uzeného žebra;49 Kč"
https://www.firmy.cz/detail/13098804-the-pub-pilsner-unique-bar-praha-nove-mesto.html;4.5;7;14.428369;50.076179;"0, 3l Polévka dle denní nabídky;49 Kč"
https://www.firmy.cz/detail/13098804-the-pub-pilsner-unique-bar-praha-nove-mesto.html;4.5;7;14.428369;50.076179;"120g Hovězí tatarák s topinkami (6ks) a česnekem (podáváme již ochucený, na přání si můžete ochutit sami);199 Kč"
https://www.firmy.cz/detail/13098804-the-pub-pilsner-unique-bar-praha-nove-mesto.html;4.5;7;14.428369;50.076179;"300g Belgické hranolky podávané s horkým čedarem, česnekovým dipem a zeleninovými prsty;109 Kč"
https://www.firmy.cz/detail/13098804-the-pub-pilsner-unique-bar-praha-nove-mesto.html;4.5;7;14.428369;50.076179;"120g Cibulové kroužky smažené v pivním těstíčku, podávané s BBQ omáčkou a zeleninovými prsty;109 Kč"
https://www.firmy.cz/detail/13098804-the-pub-pilsner-unique-bar-praha-nove-mesto.html;4.5;7;14.428369;50.076179;"2ks Chilli papričky plněné sýrem, smažené v pikantním těstíčku, podávané se zakysanou smetanou a rozpečenou půlkou bagety;109 Kč"
https://www.firmy.cz/detail/13098804-the-pub-pilsner-unique-bar-praha-nove-mesto.html;4.5;7;14.428369;50.076179;"150g Chilli Nachos se salsou kukuřičné chipsy podávané s horkým čedarem a domácí mexickou salsou;109 Kč"
https://www.firmy.cz/detail/13098804-the-pub-pilsner-unique-bar-praha-nove-mesto.html;4.5;7;14.428369;50.076179;"Utopenec podávaný na zelném salátku s čerstvým chlebem;69 Kč"
https://www.firmy.cz/detail/13098804-the-pub-pilsner-unique-bar-praha-nove-mesto.html;4.5;7;14.428369;50.076179;"1ks Nakládaný hermelín podávaný na zelném salátu s feferonkou a čerstvým chlebem;99 Kč"
https://www.firmy.cz/detail/13098804-the-pub-pilsner-unique-bar-praha-nove-mesto.html;4.5;7;14.428369;50.076179;"Uzenářský talíř domácí uzené, slanina, krájená klobáska - podávané s hořčicí, křenem, kyselou okurkou a chlebem;249 Kč"
https://www.firmy.cz/detail/13098804-the-pub-pilsner-unique-bar-praha-nove-mesto.html;4.5;7;14.428369;50.076179;"500g Rautové řízečky z kuřecích prsíček podávané na ledovém salátu s řezy citrónu;319 Kč"
https://www.firmy.cz/detail/13098804-the-pub-pilsner-unique-bar-praha-nove-mesto.html;4.5;7;14.428369;50.076179;"500g Rautové řízečky z vepřové krkovičky podávané na ledovém salátu s řezy citrónu;319 Kč"
https://www.firmy.cz/detail/13098804-the-pub-pilsner-unique-bar-praha-nove-mesto.html;4.5;7;14.428369;50.076179;"300g Chicken Caesar Salát salát připravený z římského salátu s česnekovými krutony, ančovičkovým dresinkem, restovanými kousky kuřecích prsíček a praženou slaninou, sypaný sýrem grana padano;179 Kč"
https://www.firmy.cz/detail/13098804-the-pub-pilsner-unique-bar-praha-nove-mesto.html;4.5;7;14.428369;50.076179;"250g Caesar Salát salát připravený z římského salátu s česnekovými krutony a ančovičkovým dresinkem, sypaný sýrem grana padano;139 Kč"
https://www.firmy.cz/detail/13098804-the-pub-pilsner-unique-bar-praha-nove-mesto.html;4.5;7;14.428369;50.076179;"300g PUB Chicken Wrap tortilla plněná grilovanými kuřecími prsíčky, plátky grilované slaniny, římskými listy, plátky rajčat, okurkou, paprikami, červenou cibulí a bylinkovo paramzánovou majonézou, podávaná s listovým salátkem a česnekovým dipem (A1, A;179 Kč"
https://www.firmy.cz/detail/13098804-the-pub-pilsner-unique-bar-praha-nove-mesto.html;4.5;7;14.428369;50.076179;"300g Cheddar Cheese Quesadilla NOVINKA grilovaná tortilla plněná mexickou salsou, papričkami jalapeňos a 100g čedaru, podávaná se zakysanou smetanou a listovým salátkem;179 Kč"
https://www.firmy.cz/detail/13098804-the-pub-pilsner-unique-bar-praha-nove-mesto.html;4.5;7;14.428369;50.076179;"1ks PUB Double Cheese Burger burger z 280g mletého hovězího masa v domácí cibulové housce, plněný čedarem, plátky grilované slaniny a čerstvého rajčete, lístkem ledového salátu, červenou cibulí a hořčičnou majonézou s worcester omáčkou, podávaný s hr;269 Kč"
https://www.firmy.cz/detail/13098804-the-pub-pilsner-unique-bar-praha-nove-mesto.html;4.5;7;14.428369;50.076179;"1ks PUB Beef Burger burger ze 140g mletého hovězího masa v domácí cibulové housce, plněný karamelizovanou cibulkou, žampiony, čedarem, plátkem grilované slaniny, plátkem rajčete, lístkem ledového salátu a hořčičnou majonézou, podávaný s hranolky (A1,;199 Kč"
https://www.firmy.cz/detail/13098804-the-pub-pilsner-unique-bar-praha-nove-mesto.html;4.5;7;14.428369;50.076179;"1ks PUB Texas Smokey BBQ Burger burger ze 140g mletého hovězího masa v domácí cibulové housce, s lístky ledového salátu, rajčaty, kyselou okurkou, plátky slaniny, čedarem, hořčičnou majonézou a BBQ omáčkou, podávaný s hranolky (A1, A3, A4, A7, A9, A10, A13;199 Kč"
https://www.firmy.cz/detail/13098804-the-pub-pilsner-unique-bar-praha-nove-mesto.html;4.5;7;14.428369;50.076179;"1ks PUB Nachos & Jalapeňo Burger burger ze 140g mletého hovězího masa v domácí cibulové housce, plněný čedarem, slaninou, nachos, feferonkami, ledovým salátem, plátkem rajčete, mexickou salsou a zakysanou smetanou, podávaný s hranolky;199 Kč"
https://www.firmy.cz/detail/13098804-the-pub-pilsner-unique-bar-praha-nove-mesto.html;4.5;7;14.428369;50.076179;"1550g Masová variace The PUB pro 4 osoby 600g PUB Wings, 500g PUB smoked Ribs, 200g Panenka ve slanině, 250g Pfeffersteak, BBQ omáčka, česnekový dip, zeleninové prsty, salát coleslaw, steakové hranolky, rozpečená bylinková bageta, chléb (A1, A;919 Kč"
https://www.firmy.cz/detail/13098804-the-pub-pilsner-unique-bar-praha-nove-mesto.html;4.5;7;14.428369;50.076179;"500g PUB smoked Ribs lehce zauzená, pečená pikantní vepřová žebra v BBQ marinádě, podávaná se salátem coleslaw a rozpečenou bylinkovou bagetou;219 Kč"
https://www.firmy.cz/detail/13098804-the-pub-pilsner-unique-bar-praha-nove-mesto.html;4.5;7;14.428369;50.076179;"600g PUB Wings pečená pikantní kuřecí křidélka, podávaná se zeleninovými prsty, BBQ omáčkou a rozpečenou bylinkovou bagetou;189 Kč"
https://www.firmy.cz/detail/13098804-the-pub-pilsner-unique-bar-praha-nove-mesto.html;4.5;7;14.428369;50.076179;"250g Beefsteak steak z hovězí svíčkové, pečený dorůžova, podávaný se smetanovou hříbkovou omáčkou a pečenými bramborami grenaille;339 Kč"
https://www.firmy.cz/detail/13098804-the-pub-pilsner-unique-bar-praha-nove-mesto.html;4.5;7;14.428369;50.076179;"250g Pfeffersteak steak z hovězí svíčkové, pečený dorůžova, podávaný s krémovou omáčkou ze zeleného pepře a steakovými hranolky;339 Kč"
https://www.firmy.cz/detail/13098804-the-pub-pilsner-unique-bar-praha-nove-mesto.html;4.5;7;14.428369;50.076179;"200g Grilovaná vepřová panenka ve slanině NOVINKA podávaná s fazolkami restovanými s česnekem a šťouchanými bramborami;209 Kč"
https://www.firmy.cz/detail/13098804-the-pub-pilsner-unique-bar-praha-nove-mesto.html;4.5;7;14.428369;50.076179;"250g Grilovaná BBQ krkovička podávaná s pečeným kukuřičným klasem, BBQ omáčkou, šťouchanými bramborami a vídeňskou cibulkou;179 Kč"
https://www.firmy.cz/detail/13098804-the-pub-pilsner-unique-bar-praha-nove-mesto.html;4.5;7;14.428369;50.076179;"250g Grilované kuřecí prsíčko plněné listovým špenátem, podávané s grilovanými cherry rajčátky a pečenými bramborami grenaille;179 Kč"
https://www.firmy.cz/detail/13098804-the-pub-pilsner-unique-bar-praha-nove-mesto.html;4.5;7;14.428369;50.076179;"1200g Pečené plzeňské kolínko pečené zadní vepřové koleno v marinádě z Plzeňského Prazdroje, česneku, dijonské hořčice a rozmarýnu, podávané se smetanovým křenem, hořčicí, zelným salátem a čerstvým chlebem;279 Kč"
https://www.firmy.cz/detail/13098804-the-pub-pilsner-unique-bar-praha-nove-mesto.html;4.5;7;14.428369;50.076179;"1/4 Pečená kachna po staročesku podávaná s červeným a moravským zelím a houskovými a bramborovými knedlíky;209 Kč"
https://www.firmy.cz/detail/13098804-the-pub-pilsner-unique-bar-praha-nove-mesto.html;4.5;7;14.428369;50.076179;"150g Svíčková na smetaně podávaná s brusinkami, šlehačkou a houskovými knedlíky;179 Kč"
https://www.firmy.cz/detail/13098804-the-pub-pilsner-unique-bar-praha-nove-mesto.html;4.5;7;14.428369;50.076179;"150g Plzeňský pivní guláš podávaný s houskovými knedlíky a čerstvou cibulkou;179 Kč"
https://www.firmy.cz/detail/13098804-the-pub-pilsner-unique-bar-praha-nove-mesto.html;4.5;7;14.428369;50.076179;"200g Řízek z kuřecích prsíček NOVINKA podávaný s hranolky s citronem;179 Kč"
https://www.firmy.cz/detail/13098804-the-pub-pilsner-unique-bar-praha-nove-mesto.html;4.5;7;14.428369;50.076179;"200g Řízek z vepřové krkovičky podávaný se šťouchanými bramborami a citronem;179 Kč"
https://www.firmy.cz/detail/13098804-the-pub-pilsner-unique-bar-praha-nove-mesto.html;4.5;7;14.428369;50.076179;"200g Grilovaná Pražská šunka NOVINKA podávaná s hořčicí, smetanovým křenem, beraními rohy a čerstvým chlebem (3ks);179 Kč"
https://www.firmy.cz/detail/13098804-the-pub-pilsner-unique-bar-praha-nove-mesto.html;4.5;7;14.428369;50.076179;"150g Smažený Eidam podávaný s tatarskou omáčkou a hranolky;179 Kč"
https://www.firmy.cz/detail/13098804-the-pub-pilsner-unique-bar-praha-nove-mesto.html;4.5;7;14.428369;50.076179;"150g Jablečný štrůdl podávaný s vanilkovou zmrzlinou a čerstvou šlehačkou;69 Kč"
https://www.firmy.cz/detail/13098804-the-pub-pilsner-unique-bar-praha-nove-mesto.html;4.5;7;14.428369;50.076179;"80g BBQ omáčka;49 Kč"
https://www.firmy.cz/detail/13098804-the-pub-pilsner-unique-bar-praha-nove-mesto.html;4.5;7;14.428369;50.076179;"80g Česnekový dip;39 Kč"
https://www.firmy.cz/detail/13098804-the-pub-pilsner-unique-bar-praha-nove-mesto.html;4.5;7;14.428369;50.076179;"80g Mexická salsa;39 Kč"
https://www.firmy.cz/detail/13098804-the-pub-pilsner-unique-bar-praha-nove-mesto.html;4.5;7;14.428369;50.076179;"80g Horký čedar;49 Kč"
https://www.firmy.cz/detail/13098804-the-pub-pilsner-unique-bar-praha-nove-mesto.html;4.5;7;14.428369;50.076179;"80g Tatarská omáčka;29 Kč"
https://www.firmy.cz/detail/13098804-the-pub-pilsner-unique-bar-praha-nove-mesto.html;4.5;7;14.428369;50.076179;"80g Zakysaná smetana;29 Kč"
https://www.firmy.cz/detail/13098804-the-pub-pilsner-unique-bar-praha-nove-mesto.html;4.5;7;14.428369;50.076179;"80g Plnotučná hořčice;29 Kč"
https://www.firmy.cz/detail/13098804-the-pub-pilsner-unique-bar-praha-nove-mesto.html;4.5;7;14.428369;50.076179;"80g Kečup Heinz;29 Kč"
https://www.firmy.cz/detail/13098804-the-pub-pilsner-unique-bar-praha-nove-mesto.html;4.5;7;14.428369;50.076179;"200g Šťouchané brambory;39 Kč"
https://www.firmy.cz/detail/13098804-the-pub-pilsner-unique-bar-praha-nove-mesto.html;4.5;7;14.428369;50.076179;"250g Grilovaná zelenina paprika, cibule, lilek, cuketa;99 Kč"
https://www.firmy.cz/detail/13098804-the-pub-pilsner-unique-bar-praha-nove-mesto.html;4.5;7;14.428369;50.076179;"250g Grilovaná zelenina při změně přílohy;69 Kč"
https://www.firmy.cz/detail/13098804-the-pub-pilsner-unique-bar-praha-nove-mesto.html;4.5;7;14.428369;50.076179;"200g Steakové hranolky;39 Kč"
https://www.firmy.cz/detail/13098804-the-pub-pilsner-unique-bar-praha-nove-mesto.html;4.5;7;14.428369;50.076179;"200g Hranolky;39 Kč"
https://www.firmy.cz/detail/13098804-the-pub-pilsner-unique-bar-praha-nove-mesto.html;4.5;7;14.428369;50.076179;"1ks Rozpečená bylinková bageta;39 Kč"
https://www.firmy.cz/detail/13098804-the-pub-pilsner-unique-bar-praha-nove-mesto.html;4.5;7;14.428369;50.076179;"6ks Topinky s česnekem k tataráku;39 Kč"
https://www.firmy.cz/detail/13098804-the-pub-pilsner-unique-bar-praha-nove-mesto.html;4.5;7;14.428369;50.076179;"1ks Ošatka chleba;39 Kč"
https://www.firmy.cz/detail/13024465-hostinec-na-kamyku-praha-kamyk.html;4.2;42;14.442012;50.017620;"Čočková;45 Kč"
https://www.firmy.cz/detail/13024465-hostinec-na-kamyku-praha-kamyk.html;4.2;42;14.442012;50.017620;"350g Quesadilla s kuřecím masem, drcenými rajčaty, cuketou, eidamem, bylinkový dip;165 Kč"
https://www.firmy.cz/detail/13024465-hostinec-na-kamyku-praha-kamyk.html;4.2;42;14.442012;50.017620;"150g Gril. krůtí prsa zapečená s goudou a slaninkou, mačkané brambory s jarní cibulkou;169 Kč"
https://www.firmy.cz/detail/13024465-hostinec-na-kamyku-praha-kamyk.html;4.2;42;14.442012;50.017620;"150g Segedínský guláš, houskový knedlík;159 Kč"
https://www.firmy.cz/detail/13024465-hostinec-na-kamyku-praha-kamyk.html;4.2;42;14.442012;50.017620;"400g Šunkofleky s uzeným masem, vejcem, kyselá okurka;159 Kč"
https://www.firmy.cz/detail/13024465-hostinec-na-kamyku-praha-kamyk.html;4.2;42;14.442012;50.017620;"BURGER KLAUS - 160g kravky z balkánských stepí, parmazánová majonéza, swiss cheese, grilovaná slaninka, rajče, smažená cibulka, salát;169 Kč"
https://www.firmy.cz/detail/13024465-hostinec-na-kamyku-praha-kamyk.html;4.2;42;14.442012;50.017620;"Dle denní nabídky;69 Kč"
https://www.firmy.cz/detail/13024465-hostinec-na-kamyku-praha-kamyk.html;4.2;42;14.442012;50.017620;"90g Domácí pomazánka s třeným pivním sýrem, červenou cibulkou a topinkami;139 Kč"
https://www.firmy.cz/detail/13024465-hostinec-na-kamyku-praha-kamyk.html;4.2;42;14.442012;50.017620;"130g Hovězí tatarák s opékanými topinkami;235 Kč"
https://www.firmy.cz/detail/13024465-hostinec-na-kamyku-praha-kamyk.html;4.2;42;14.442012;50.017620;"80g Domácí škvarková pomazánka s nakládanou okurkou, cibulkou a chlebem;115 Kč"
https://www.firmy.cz/detail/13024465-hostinec-na-kamyku-praha-kamyk.html;4.2;42;14.442012;50.017620;"10ks Cibulové kroužky v pivním těstíčku s naší majonézou;128 Kč"
https://www.firmy.cz/detail/13024465-hostinec-na-kamyku-praha-kamyk.html;4.2;42;14.442012;50.017620;"120g Čerstvé bramborové lupínky, se slaninovými chipsy a domácí majonézou;145 Kč"
https://www.firmy.cz/detail/13024465-hostinec-na-kamyku-praha-kamyk.html;4.2;42;14.442012;50.017620;"1ks Vltavský utopenec, pečivo;107 Kč"
https://www.firmy.cz/detail/13024465-hostinec-na-kamyku-praha-kamyk.html;4.2;42;14.442012;50.017620;"100g Nakládaný Hermelín s omáčkou z pečených paprik, pečivo;135 Kč"
https://www.firmy.cz/detail/13024465-hostinec-na-kamyku-praha-kamyk.html;4.2;42;14.442012;50.017620;"90g Přírodní pařený ovčí sýr s olivami a červenou cibulkou;155 Kč"
https://www.firmy.cz/detail/13024465-hostinec-na-kamyku-praha-kamyk.html;4.2;42;14.442012;50.017620;"150g KLASIK - naše majonéza, gouda, nakládané okurky, rajčata, červená cibule, grilovaná slanina, čerstvý salát;202 Kč"
https://www.firmy.cz/detail/13024465-hostinec-na-kamyku-praha-kamyk.html;4.2;42;14.442012;50.017620;"300g KLASIK - naše majonéza, gouda, nakládané okurky, rajčata, červená cibule, grilovaná slanina, čerstvý salát;264 Kč"
https://www.firmy.cz/detail/13024465-hostinec-na-kamyku-praha-kamyk.html;4.2;42;14.442012;50.017620;"150g ROUTE 66 - medovo-hořčičná majonéza, gouda, parmská šunka, vídeňská cibulka, sušená rajčata, rukola;207 Kč"
https://www.firmy.cz/detail/13024465-hostinec-na-kamyku-praha-kamyk.html;4.2;42;14.442012;50.017620;"300g ROUTE 66 - medovo-hořčičná majonéza, gouda, parmská šunka, vídeňská cibulka, sušená rajčata, rukola;269 Kč"
https://www.firmy.cz/detail/13024465-hostinec-na-kamyku-praha-kamyk.html;4.2;42;14.442012;50.017620;"150g JALAPEŇO - chipotle majonéza, čedar, pečené vejce, jalapeňos papričky, slaninový chips, hořčice, čerstvý salát;207 Kč"
https://www.firmy.cz/detail/13024465-hostinec-na-kamyku-praha-kamyk.html;4.2;42;14.442012;50.017620;"300g JALAPEŇO - chipotle majonéza, čedar, pečené vejce, jalapeňos papričky, slaninový chips, hořčice, čerstvý salát;269 Kč"
https://www.firmy.cz/detail/13024465-hostinec-na-kamyku-praha-kamyk.html;4.2;42;14.442012;50.017620;"150g TOM-IR - parmazánová majonéza, čedar, grilovaná slaninka, plátky čerstvé okurky, náš kečup, salát;204 Kč"
https://www.firmy.cz/detail/13024465-hostinec-na-kamyku-praha-kamyk.html;4.2;42;14.442012;50.017620;"300g TOM-IR - parmazánová majonéza, čedar, grilovaná slaninka, plátky čerstvé okurky, náš kečup, salát;266 Kč"
https://www.firmy.cz/detail/13024465-hostinec-na-kamyku-praha-kamyk.html;4.2;42;14.442012;50.017620;"120g WEGGIE - naše majonéza, grilovaný camembert, brusinky, smažená cibulka, BBQ omáčka, rukola;202 Kč"
https://www.firmy.cz/detail/13024465-hostinec-na-kamyku-praha-kamyk.html;4.2;42;14.442012;50.017620;"1ks Pečené vepřové koleno s hořčicí, křenem, beraními rohy, pečivo (cca800g);289 Kč"
https://www.firmy.cz/detail/13024465-hostinec-na-kamyku-praha-kamyk.html;4.2;42;14.442012;50.017620;"480g Marinované vepřové žebra, pečené v medové omáčce s uzenou solí, podávané s hořčicí, křenem a beraními rohy, pečivo;279 Kč"
https://www.firmy.cz/detail/13024465-hostinec-na-kamyku-praha-kamyk.html;4.2;42;14.442012;50.017620;"500g Pečená kuřecí křídélka s čerstvou zeleninou a dipem dle vašeho výběru, (Buffalo/med);239 Kč"
https://www.firmy.cz/detail/13024465-hostinec-na-kamyku-praha-kamyk.html;4.2;42;14.442012;50.017620;"BBQ omáčkou a česnekovým dipem ze zakysané smetany;247 Kč"
https://www.firmy.cz/detail/13024465-hostinec-na-kamyku-praha-kamyk.html;4.2;42;14.442012;50.017620;"200g ované Gril krůtí prsa, s restovanými cherry rajčaty, balkánským sýrem, bylinkovým pestem, domácími hranolky;265 Kč"
https://www.firmy.cz/detail/13024465-hostinec-na-kamyku-praha-kamyk.html;4.2;42;14.442012;50.017620;"200g Grilovaná vepřová panenka obalená ve slanince, smetanová pepřová omáčka, steakové hranolky;265 Kč"
https://www.firmy.cz/detail/13024465-hostinec-na-kamyku-praha-kamyk.html;4.2;42;14.442012;50.017620;"200g Filírovaný hovězí pupek z grilu, s restovanou sezónní zeleninou a nakuřovanou BBQ omáčkou s hořčicí;285 Kč"
https://www.firmy.cz/detail/13024465-hostinec-na-kamyku-praha-kamyk.html;4.2;42;14.442012;50.017620;"170g Kuřecí / Vepřový řízek se šťouchaným bramborem, kyselou okurkou;205 Kč"
https://www.firmy.cz/detail/13024465-hostinec-na-kamyku-praha-kamyk.html;4.2;42;14.442012;50.017620;"150g Smažený sýr, steakové hranolky, naše tatarka;207 Kč"
https://www.firmy.cz/detail/13024465-hostinec-na-kamyku-praha-kamyk.html;4.2;42;14.442012;50.017620;"200g Grilované vepřové játra, vídeňská cibulka, naše hranolky, domácí tatarská omáčka;208 Kč"
https://www.firmy.cz/detail/13024465-hostinec-na-kamyku-praha-kamyk.html;4.2;42;14.442012;50.017620;"CAESAR SALÁT - listy římského salátu s parmazánovým dresinkem, rajčaty, pečeným vejcem, grilovaným kuřetem, s hobliny parmazánu a toustem;215 Kč"
https://www.firmy.cz/detail/13024465-hostinec-na-kamyku-praha-kamyk.html;4.2;42;14.442012;50.017620;"MOZZARELLA SALÁT - čerstvé listové saláty, s mozzarellou, rajčaty, bazalkovým pestem, praženými semínky a balsamikovou reduí;197 Kč"
https://www.firmy.cz/detail/13024465-hostinec-na-kamyku-praha-kamyk.html;4.2;42;14.442012;50.017620;"COLESLAW SALÁT - čerstvé zelí, mrkev, domácí majonéza;95 Kč"
https://www.firmy.cz/detail/13024465-hostinec-na-kamyku-praha-kamyk.html;4.2;42;14.442012;50.017620;"120g Křupavé kuřecí řízečky, naše hranolky, kečup;159 Kč"
https://www.firmy.cz/detail/13024465-hostinec-na-kamyku-praha-kamyk.html;4.2;42;14.442012;50.017620;"350g Špagety pomodoro s cherry rajčaty a strouhaným parmazánem;188 Kč"
https://www.firmy.cz/detail/13024465-hostinec-na-kamyku-praha-kamyk.html;4.2;42;14.442012;50.017620;"2ks Palačinky s jahodovým džemem, lesním ovocem a šlehačkou;119 Kč"
https://www.firmy.cz/detail/13024465-hostinec-na-kamyku-praha-kamyk.html;4.2;42;14.442012;50.017620;"Bagetka rovnou z pece s bylinkovo - česnekovým máslem;59 Kč"
https://www.firmy.cz/detail/13024465-hostinec-na-kamyku-praha-kamyk.html;4.2;42;14.442012;50.017620;"Naše domácí steakové hranolky;55 Kč"
https://www.firmy.cz/detail/13024465-hostinec-na-kamyku-praha-kamyk.html;4.2;42;14.442012;50.017620;"Grilovaná sezónní zelenina;89 Kč"
https://www.firmy.cz/detail/13024465-hostinec-na-kamyku-praha-kamyk.html;4.2;42;14.442012;50.017620;"Šťouchané brambory s cibulkou;55 Kč"
https://www.firmy.cz/detail/13024465-hostinec-na-kamyku-praha-kamyk.html;4.2;42;14.442012;50.017620;"Naše majonéza s okurčičkami a kapary;35 Kč"
https://www.firmy.cz/detail/13024465-hostinec-na-kamyku-praha-kamyk.html;4.2;42;14.442012;50.017620;"BBQ;35 Kč"
https://www.firmy.cz/detail/13024465-hostinec-na-kamyku-praha-kamyk.html;4.2;42;14.442012;50.017620;"Parmazánová;35 Kč"
https://www.firmy.cz/detail/13024465-hostinec-na-kamyku-praha-kamyk.html;4.2;42;14.442012;50.017620;"Česneková;35 Kč"
https://www.firmy.cz/detail/13024465-hostinec-na-kamyku-praha-kamyk.html;4.2;42;14.442012;50.017620;"Chipotle;35 Kč"
https://www.firmy.cz/detail/13024465-hostinec-na-kamyku-praha-kamyk.html;4.2;42;14.442012;50.017620;"Pepřová;35 Kč"
https://www.firmy.cz/detail/13005261-cafe-pub-atmosphere-praha-stare-mesto.html;4.6;10;14.413542;50.084055;"Dýňová se zázvorem;69 Kč"
https://www.firmy.cz/detail/13005261-cafe-pub-atmosphere-praha-stare-mesto.html;4.6;10;14.413542;50.084055;"Roastbeef s pikantní omáčkou, pečené (slovo „stehnal“ není zcela čitelné – možná „šťouchané“?);189 Kč"
https://www.firmy.cz/detail/13005261-cafe-pub-atmosphere-praha-stare-mesto.html;4.6;10;14.413542;50.084055;"Club sandwich, hranolky, majonéza;189 Kč"
https://www.firmy.cz/detail/13005261-cafe-pub-atmosphere-praha-stare-mesto.html;4.6;10;14.413542;50.084055;"Portobello žampiony plněné sýrem, míchaný listový salát, domácí buchta;189 Kč"
https://www.firmy.cz/detail/13005261-cafe-pub-atmosphere-praha-stare-mesto.html;4.6;10;14.413542;50.084055;"Plátky smažené tenké bramborové plátky s česnekovou, chilli a tatarskou omáčkou;169 Kč"
https://www.firmy.cz/detail/13005261-cafe-pub-atmosphere-praha-stare-mesto.html;4.6;10;14.413542;50.084055;"Čízy smažené tenké bramborové plátky s horkou sýrovou omáčkou;179 Kč"
https://www.firmy.cz/detail/13005261-cafe-pub-atmosphere-praha-stare-mesto.html;4.6;10;14.413542;50.084055;"Grundle obalované smažené grundle s bylinkovou a pikantní omáčkou;179 Kč"
https://www.firmy.cz/detail/13005261-cafe-pub-atmosphere-praha-stare-mesto.html;4.6;10;14.413542;50.084055;"Grilovaný kozí sýr grilovaný kozí sýr s brusinkovým přelivem na hruškách a olivovým olejem dochucený ledový salát, rukola a cherry rajčátka, bylinková bagetka;189 Kč"
https://www.firmy.cz/detail/13005261-cafe-pub-atmosphere-praha-stare-mesto.html;4.6;10;14.413542;50.084055;"Nakládaný hermelín s feferonkou, beraními rohy a čerstvým chlebem;129 Kč"
https://www.firmy.cz/detail/13005261-cafe-pub-atmosphere-praha-stare-mesto.html;4.6;10;14.413542;50.084055;"Chleba se škvarkovou pomazánkou jarní cibulkou a kyselou okurkou;119 Kč"
https://www.firmy.cz/detail/13005261-cafe-pub-atmosphere-praha-stare-mesto.html;4.6;10;14.413542;50.084055;"Roastbeef roastbeef, kyselé okurky, feferonky, cibulka, pikantní omáčka, podáváme s bylinkovou bagetkou;215 Kč"
https://www.firmy.cz/detail/13005261-cafe-pub-atmosphere-praha-stare-mesto.html;4.6;10;14.413542;50.084055;"Brambule brambory restované na másle s cibulí, česnekem a petrželkou, kořeněné tymiánem, zasypané balkánským sýrem;189 Kč"
https://www.firmy.cz/detail/13005261-cafe-pub-atmosphere-praha-stare-mesto.html;4.6;10;14.413542;50.084055;"Pikantule brambory restované na másle s kuřecími nudličkami, anglickou slaninou, cibulí, česnekem, petrželkou, žampiony, kořeněné špetkou tabasca, zasypané balkánským sýrem;199 Kč"
https://www.firmy.cz/detail/13005261-cafe-pub-atmosphere-praha-stare-mesto.html;4.6;10;14.413542;50.084055;"Špagety Carbonara špagety s pancettou, zahuštěné žloutkem a parmazánem;245 Kč"
https://www.firmy.cz/detail/13005261-cafe-pub-atmosphere-praha-stare-mesto.html;4.6;10;14.413542;50.084055;"Špagety se špenátem a pancettou špagety s pancettou a listovým špenátem na smetaně a česneku, hoblinky parmazánu;250 Kč"
https://www.firmy.cz/detail/13005261-cafe-pub-atmosphere-praha-stare-mesto.html;4.6;10;14.413542;50.084055;"Burritos s filírovaným hovězím steakem tortila plněná fazolovou pastou a filírovaným hovězím steakem, papričkami jalapeňos, paprikami, cherry rajčátky a sýrem cheddar, podáváme s rajčatovou salsou, guacamole a zakysanou smetanou;269 Kč"
https://www.firmy.cz/detail/13005261-cafe-pub-atmosphere-praha-stare-mesto.html;4.6;10;14.413542;50.084055;"Tortila s trhaným kuřecím masem tortila plněná trhaným kuřecím masem, ledový salát, ředkvička, cheddarová omáčka, guacamole;255 Kč"
https://www.firmy.cz/detail/13005261-cafe-pub-atmosphere-praha-stare-mesto.html;4.6;10;14.413542;50.084055;"Tortila s kuřecími stripsy s bylinkovým dipem, ledovým salátem, rukolou a rajčetem;259 Kč"
https://www.firmy.cz/detail/13005261-cafe-pub-atmosphere-praha-stare-mesto.html;4.6;10;14.413542;50.084055;"Burritos vegetarián tortilla plněná fazolovou pastou, pečenou paprikou, červenou cibulí, špenátem, česnekem, jalapeňos a sýrem cheddar, podáváme s rajčatovou salsou, guacamole a zakysanou smetanou;259 Kč"
https://www.firmy.cz/detail/13005261-cafe-pub-atmosphere-praha-stare-mesto.html;4.6;10;14.413542;50.084055;"Bageta s kuřecím masem zapečená francouzská bageta s kuřecím masem, směsí salátů, rajčaty a majonézou, podáváme se zeleninovým salátem;225 Kč"
https://www.firmy.cz/detail/13005261-cafe-pub-atmosphere-praha-stare-mesto.html;4.6;10;14.413542;50.084055;"Bageta s roastbeefem zapečená francouzská bageta s roastbeefem, směsí salátů, rajčaty, cibulkou a pikantní omáčkou, podáváme se zeleninovým salátem;239 Kč"
https://www.firmy.cz/detail/13005261-cafe-pub-atmosphere-praha-stare-mesto.html;4.6;10;14.413542;50.084055;"Bageta s trhaným vepřovým masem zapečená francouzská bageta s trhaným vepřovým masem, rajčaty, čerstvým špenátem a cheddarem, podáváme se zeleninovým salátem;235 Kč"
https://www.firmy.cz/detail/13005261-cafe-pub-atmosphere-praha-stare-mesto.html;4.6;10;14.413542;50.084055;"Big cheeseburger 100% hovězí mleté maso v bulce se sýrem cheddar, pancettou, rukolou, nakládanou červenou cibulkou, rajčaty a hořčičnou omáčkou, podáváme s hranolky;299 Kč"
https://www.firmy.cz/detail/13005261-cafe-pub-atmosphere-praha-stare-mesto.html;4.6;10;14.413542;50.084055;"Big BBQ jalapeňos burger 100% hovězí mleté maso v bulce s grilovanou slaninou, papričkami jalapeňos, rajčaty, ledovým salátem, šalotkou, BBQ omáčkou a majonézou, podáváme s hranolky;299 Kč"
https://www.firmy.cz/detail/13005261-cafe-pub-atmosphere-praha-stare-mesto.html;4.6;10;14.413542;50.084055;"Big Pork Burger trhané pečené vepřové maso v bulce se smaženou cibulkou, cheddarem, polníčkem, rajčaty a BBQ omáčkou, podáváme s hranolky;299 Kč"
https://www.firmy.cz/detail/13005261-cafe-pub-atmosphere-praha-stare-mesto.html;4.6;10;14.413542;50.084055;"Big BBQ Chicken Burger trhané kuřecí maso v bulce se smaženou cibulkou, cheddarem, polníčkem, rajčaty a BBQ omáčkou, podáváme s hranolky a majonézou;295 Kč"
https://www.firmy.cz/detail/13005261-cafe-pub-atmosphere-praha-stare-mesto.html;4.6;10;14.413542;50.084055;"Caesar salát grilovaná kuřecí prsa na římském salátu s ančovičkovým dresinkem, křupavou pancettou, krutony a hoblinkami parmazánu, podáváme s česnekovou bagetou;210 Kč"
https://www.firmy.cz/detail/13005261-cafe-pub-atmosphere-praha-stare-mesto.html;4.6;10;14.413542;50.084055;"Salát s kozím sýrem a avokádem grilovaný kozí sýr na směsi salátů s avokádem a restovaným řapíkatým celerem s vlašskými ořechy, podáváme s česnekovou bagetou;239 Kč"
https://www.firmy.cz/detail/13005261-cafe-pub-atmosphere-praha-stare-mesto.html;4.6;10;14.413542;50.084055;"Salát s roastbeefem plátky roastbeefu se Směsí salátů a rajčat s šalotkou, dresinkem, hruškovo-cibulovým chutney, podávané s česnekovou bagetou;239 Kč"
https://www.firmy.cz/detail/13005261-cafe-pub-atmosphere-praha-stare-mesto.html;4.6;10;14.413542;50.084055;"Řecký salát cherry rajčátka, papriky, okurky, olivy, balkánský sýr, domácí oregánový olej, podáváme s česnekovou bagetou;199 Kč"
https://www.firmy.cz/detail/13005261-cafe-pub-atmosphere-praha-stare-mesto.html;4.6;10;14.413542;50.084055;"Kuřecí prsa s roqueforovou omáčkou grilovaná kuřecí prsa přelitá roqueforovou omáčkou s čerstvou bazalkou;245 Kč"
https://www.firmy.cz/detail/13005261-cafe-pub-atmosphere-praha-stare-mesto.html;4.6;10;14.413542;50.084055;"Kuřecí prsa s listovým špenátem grilovaná kuřecí prsa s čerstvým listovým špenátem dochuceným česnekem;245 Kč"
https://www.firmy.cz/detail/13005261-cafe-pub-atmosphere-praha-stare-mesto.html;4.6;10;14.413542;50.084055;"Pečená křídla 12ks pečených kuřecích křídel marinovaných v BBQ omáčce, bylinkový dip, podávané s čerstvou zeleninou;259 Kč"
https://www.firmy.cz/detail/13005261-cafe-pub-atmosphere-praha-stare-mesto.html;4.6;10;14.413542;50.084055;"Kuřecí parmazánové stripsy podávané se zeleninovým salátkem a batátovými hranolkami, pažitkový dip;265 Kč"
https://www.firmy.cz/detail/13005261-cafe-pub-atmosphere-praha-stare-mesto.html;4.6;10;14.413542;50.084055;"Biftek whisky and pepper biftek ze svíčkové s pepřovou whisky omáčkou;395 Kč"
https://www.firmy.cz/detail/13005261-cafe-pub-atmosphere-praha-stare-mesto.html;4.6;10;14.413542;50.084055;"Biftek s hříbkovou omáčkou biftek ze svíčkové s hříbkovou omáčkou;395 Kč"
https://www.firmy.cz/detail/13005261-cafe-pub-atmosphere-praha-stare-mesto.html;4.6;10;14.413542;50.084055;"Plátky svíčkové na pánvi tenké plátky hovězí svíčkové zprudka opečené, provoněné rozmarýnem a česnekem;395 Kč"
https://www.firmy.cz/detail/13005261-cafe-pub-atmosphere-praha-stare-mesto.html;4.6;10;14.413542;50.084055;"Tatarský biftek čerstvě umletá hovězí svíčková podávaná s vaječným žloutkem, cibulí, hořčicí, worchesterovou omáčkou, solí, pepřem a sladkou paprikou, s 5 kusy topinek s česnekem;330 Kč"
https://www.firmy.cz/detail/13005261-cafe-pub-atmosphere-praha-stare-mesto.html;4.6;10;14.413542;50.084055;"Losos s ratatouille grilovaný steak z lososa podávaný se zeleninou ratatouille;340 Kč"
https://www.firmy.cz/detail/13005261-cafe-pub-atmosphere-praha-stare-mesto.html;4.6;10;14.413542;50.084055;"Losos s medovohořčičnou omáčkou grilovaný filet z lososa marinovaný v medovohořčičné omáčce s mladým koprem;325 Kč"
https://www.firmy.cz/detail/13005261-cafe-pub-atmosphere-praha-stare-mesto.html;4.6;10;14.413542;50.084055;"Panenka s hořčičnou omáčkou grilovaná panenka s hořčičnou omáčkou;325 Kč"
https://www.firmy.cz/detail/13005261-cafe-pub-atmosphere-praha-stare-mesto.html;4.6;10;14.413542;50.084055;"Panenka s Jack Daniel’s honey omáčkou grilovaná panenka s omáčkou ze zeleného pepře a Jack Daniel’s Honey;339 Kč"
https://www.firmy.cz/detail/13005261-cafe-pub-atmosphere-praha-stare-mesto.html;4.6;10;14.413542;50.084055;"Pečená žebra pečená vepřová žebírka s hořčičnou a BBQ omáčkou, čerstvým křenem a nakládanými beraními rohy, s rozpečeným česnekovým chlebem;299 Kč"
https://www.firmy.cz/detail/13005261-cafe-pub-atmosphere-praha-stare-mesto.html;4.6;10;14.413542;50.084055;"Medová žebra pečená vepřová žebírka v medové marinádě s grilovanými chilli papričkami a rozpečeným česnekovým chlebem;299 Kč"
https://www.firmy.cz/detail/13005261-cafe-pub-atmosphere-praha-stare-mesto.html;4.6;10;14.413542;50.084055;"Česneková omáčka;35 Kč"
https://www.firmy.cz/detail/13005261-cafe-pub-atmosphere-praha-stare-mesto.html;4.6;10;14.413542;50.084055;"Chipotle omáčka;35 Kč"
https://www.firmy.cz/detail/13005261-cafe-pub-atmosphere-praha-stare-mesto.html;4.6;10;14.413542;50.084055;"BBQ omáčka;35 Kč"
https://www.firmy.cz/detail/13005261-cafe-pub-atmosphere-praha-stare-mesto.html;4.6;10;14.413542;50.084055;"Bylinková omáčka;35 Kč"
https://www.firmy.cz/detail/13005261-cafe-pub-atmosphere-praha-stare-mesto.html;4.6;10;14.413542;50.084055;"Tatarská omáčka;35 Kč"
https://www.firmy.cz/detail/13005261-cafe-pub-atmosphere-praha-stare-mesto.html;4.6;10;14.413542;50.084055;"Zakysaná smetana;35 Kč"
https://www.firmy.cz/detail/13005261-cafe-pub-atmosphere-praha-stare-mesto.html;4.6;10;14.413542;50.084055;"Rajčatová salsa;45 Kč"
https://www.firmy.cz/detail/13005261-cafe-pub-atmosphere-praha-stare-mesto.html;4.6;10;14.413542;50.084055;"Guacamole;45 Kč"
https://www.firmy.cz/detail/13005261-cafe-pub-atmosphere-praha-stare-mesto.html;4.6;10;14.413542;50.084055;"Rustikální hranolky;59 Kč"
https://www.firmy.cz/detail/13005261-cafe-pub-atmosphere-praha-stare-mesto.html;4.6;10;14.413542;50.084055;"Restované brambory;59 Kč"
https://www.firmy.cz/detail/13005261-cafe-pub-atmosphere-praha-stare-mesto.html;4.6;10;14.413542;50.084055;"Batátové hranolky;59 Kč"
https://www.firmy.cz/detail/13005261-cafe-pub-atmosphere-praha-stare-mesto.html;4.6;10;14.413542;50.084055;"Česneková bageta 1ks;59 Kč"
https://www.firmy.cz/detail/13005261-cafe-pub-atmosphere-praha-stare-mesto.html;4.6;10;14.413542;50.084055;"Grilovaná zelenina;59 Kč"
https://www.firmy.cz/detail/13005261-cafe-pub-atmosphere-praha-stare-mesto.html;4.6;10;14.413542;50.084055;"Zelené lusky na cibulce a slanině;59 Kč"
https://www.firmy.cz/detail/13016552-u-2-dubu-praha-kreslice.html;4.6;27;14.565109;50.023295;"Polévka 0, 33l Hovězí vývar s masem a nudlemi;40 Kč"
https://www.firmy.cz/detail/13016552-u-2-dubu-praha-kreslice.html;4.6;27;14.565109;50.023295;"MENU: 1 Hovězí vývar s masem a nudlemi, 170gr Smažený kuřecí řízek, domácí bramborový salát nebo vařené brambory;190 Kč"
https://www.firmy.cz/detail/13016552-u-2-dubu-praha-kreslice.html;4.6;27;14.565109;50.023295;"MENU: 2 Hovězí vývar s masem a nudlemi, 150gr Hovězí gulášek sypaný cibulkou, houskové knedlíky;190 Kč"
https://www.firmy.cz/detail/13016552-u-2-dubu-praha-kreslice.html;4.6;27;14.565109;50.023295;"MENU: 3 Hovězí vývar s masem a nudlemi, 170gr Smažený vepřový řízek, domácí bramborový salát nebo vařené brambory;190 Kč"
https://www.firmy.cz/detail/13016552-u-2-dubu-praha-kreslice.html;4.6;27;14.565109;50.023295;"100g Tlačenka našeho mistra řezníka s cibulkou, octem a čerstvým chlebem;65 Kč"
https://www.firmy.cz/detail/13016552-u-2-dubu-praha-kreslice.html;4.6;27;14.565109;50.023295;"1 ks Petrovický utopenec s cibulí, feferonkou a beraním rohem, chléb;70 Kč"
https://www.firmy.cz/detail/13016552-u-2-dubu-praha-kreslice.html;4.6;27;14.565109;50.023295;"1 ks Domácí Camembert (Hermelín) s beraním rohem, chléb;80 Kč"
https://www.firmy.cz/detail/13016552-u-2-dubu-praha-kreslice.html;4.6;27;14.565109;50.023295;"1 ks Domácí langoš z našeho těsta s česnekem, kečupem a sýrem;100 Kč"
https://www.firmy.cz/detail/13016552-u-2-dubu-praha-kreslice.html;4.6;27;14.565109;50.023295;"1 ks Grilovaná Pirátská klobása s hořčicí a čerstvým chlebem;100 Kč"
https://www.firmy.cz/detail/13016552-u-2-dubu-praha-kreslice.html;4.6;27;14.565109;50.023295;"1 ks Ďábelská topinka s pikantní masovou směsí, sypaná sýrem;100 Kč"
https://www.firmy.cz/detail/13016552-u-2-dubu-praha-kreslice.html;4.6;27;14.565109;50.023295;"3 ks Smažené Jalapeňos papričky plněné čedarem, s limetkovým dipem a tortilla chips;135 Kč"
https://www.firmy.cz/detail/13016552-u-2-dubu-praha-kreslice.html;4.6;27;14.565109;50.023295;"300 g Domácí bramborové knedle plněné uzeným, bílé zelí, smažená cibulka;185 Kč"
https://www.firmy.cz/detail/13016552-u-2-dubu-praha-kreslice.html;4.6;27;14.565109;50.023295;"150 g Svíčková na smetaně pomalu tažená hovězí pečeně, houskové knedlíky, brusinkový terč;190 Kč"
https://www.firmy.cz/detail/13016552-u-2-dubu-praha-kreslice.html;4.6;27;14.565109;50.023295;"120g Smažený sýr (eidam) s domácí tatarkou;140 Kč"
https://www.firmy.cz/detail/13016552-u-2-dubu-praha-kreslice.html;4.6;27;14.565109;50.023295;"100g Smažený Camembert (hermelín) s domácí tatarkou;140 Kč"
https://www.firmy.cz/detail/13016552-u-2-dubu-praha-kreslice.html;4.6;27;14.565109;50.023295;"150g Smažená sýrová jehla (eidam, camembert, niva) s domácí tatarkou;160 Kč"
https://www.firmy.cz/detail/13016552-u-2-dubu-praha-kreslice.html;4.6;27;14.565109;50.023295;"200g Smažený řízek z kuřecích prsíček zdobený citrónem;170 Kč"
https://www.firmy.cz/detail/13016552-u-2-dubu-praha-kreslice.html;4.6;27;14.565109;50.023295;"200g Smažený vepřový řízek zdobený citrónem;170 Kč"
https://www.firmy.cz/detail/13016552-u-2-dubu-praha-kreslice.html;4.6;27;14.565109;50.023295;"500g Kuřecí křídla „SWEET-CHILLI“ s bylinkovou bagetkou, limetkovým dipem ze zakysané smetany a salátem Coleslaw;210 Kč"
https://www.firmy.cz/detail/13016552-u-2-dubu-praha-kreslice.html;4.6;27;14.565109;50.023295;"200g Křeslická řezanka pikantní kuřecí/vepřové nudličky restované s cibulí a barevnou paprikou;210 Kč"
https://www.firmy.cz/detail/13016552-u-2-dubu-praha-kreslice.html;4.6;27;14.565109;50.023295;"600g Pečená vepřová žebra v pikantní marinádě podávaná s hořčicí, křenem s beraními rohy a čerstvým chlebem;245 Kč"
https://www.firmy.cz/detail/13016552-u-2-dubu-praha-kreslice.html;4.6;27;14.565109;50.023295;"300g Špagety Bolognese (masové ragů, tomatová omáčka, Grana Padano/Eidam);190 Kč"
https://www.firmy.cz/detail/13016552-u-2-dubu-praha-kreslice.html;4.6;27;14.565109;50.023295;"200g Domácí bramborák s česnekem a majoránkou plněný pikantní masovou směsí;220 Kč"
https://www.firmy.cz/detail/13016552-u-2-dubu-praha-kreslice.html;4.6;27;14.565109;50.023295;"200g Šťavnatý steak z kuřecích prsíček na čerstvých bylinkách;190 Kč"
https://www.firmy.cz/detail/13016552-u-2-dubu-praha-kreslice.html;4.6;27;14.565109;50.023295;"300g Steak z vepřové krkovice v úpravě SOUS-VIDE;210 Kč"
https://www.firmy.cz/detail/13016552-u-2-dubu-praha-kreslice.html;4.6;27;14.565109;50.023295;"200g Vepřová panenka na grilu;225 Kč"
https://www.firmy.cz/detail/13016552-u-2-dubu-praha-kreslice.html;4.6;27;14.565109;50.023295;"250g RUMP STEAK – URUGAY na drceném barevném pepři;310 Kč"
https://www.firmy.cz/detail/13016552-u-2-dubu-praha-kreslice.html;4.6;27;14.565109;50.023295;"0, 1 l Teplé pepřová se smetanou, medově-hořčičná z hrubozrnné hořčice, krémová smetanová z lesních hub;45 Kč"
https://www.firmy.cz/detail/13016552-u-2-dubu-praha-kreslice.html;4.6;27;14.565109;50.023295;"0, 05l Studené dip bylinkový, limetkový ze zakysané smetany, jalapeňo-tomatový, domácí tatarka, bylinkové máslo;25 Kč"
https://www.firmy.cz/detail/13016552-u-2-dubu-praha-kreslice.html;4.6;27;14.565109;50.023295;"0, 05l Kečup, hořčice;15 Kč"
https://www.firmy.cz/detail/13016552-u-2-dubu-praha-kreslice.html;4.6;27;14.565109;50.023295;"350g ŠOPÁK (okurka, rajče, paprika, balkánský sýr);135 Kč"
https://www.firmy.cz/detail/13016552-u-2-dubu-praha-kreslice.html;4.6;27;14.565109;50.023295;"350g CEASAR (římský salát, grilované kuřecí prsíčko, opečená slanina, Grana Padano, ančovičkový dresink, krutony);225 Kč"
https://www.firmy.cz/detail/13016552-u-2-dubu-praha-kreslice.html;4.6;27;14.565109;50.023295;"150g Vařené brambory;40 Kč"
https://www.firmy.cz/detail/13016552-u-2-dubu-praha-kreslice.html;4.6;27;14.565109;50.023295;"150g Americké brambory;45 Kč"
https://www.firmy.cz/detail/13016552-u-2-dubu-praha-kreslice.html;4.6;27;14.565109;50.023295;"150g Selské brambory opečené s cibulí, se slaninou a česnekem;50 Kč"
https://www.firmy.cz/detail/13016552-u-2-dubu-praha-kreslice.html;4.6;27;14.565109;50.023295;"150g Restované fazolky se slaninou a česnekem;65 Kč"
https://www.firmy.cz/detail/13016552-u-2-dubu-praha-kreslice.html;4.6;27;14.565109;50.023295;"150g Hranolky;45 Kč"
https://www.firmy.cz/detail/13016552-u-2-dubu-praha-kreslice.html;4.6;27;14.565109;50.023295;"150g Krokety;45 Kč"
https://www.firmy.cz/detail/13016552-u-2-dubu-praha-kreslice.html;4.6;27;14.565109;50.023295;"1 ks Bylinková bageta;45 Kč"
https://www.firmy.cz/detail/13016552-u-2-dubu-praha-kreslice.html;4.6;27;14.565109;50.023295;"2ks Domácí palačinky plněné nutellou, zdobené šlehačkou a čokoládou;100 Kč"
https://www.firmy.cz/detail/12976056-hostinec-u-herciku-praha-cakovice.html;4.7;19;14.531192;50.152846;"K celému hlavnímu jídlu polévka za;35 Kč"
https://www.firmy.cz/detail/12976056-hostinec-u-herciku-praha-cakovice.html;4.7;19;14.531192;50.152846;"330 ml Hovězí vývar;49 Kč"
https://www.firmy.cz/detail/12976056-hostinec-u-herciku-praha-cakovice.html;4.7;19;14.531192;50.152846;";"
https://www.firmy.cz/detail/12976056-hostinec-u-herciku-praha-cakovice.html;4.7;19;14.531192;50.152846;";"
https://www.firmy.cz/detail/12976056-hostinec-u-herciku-praha-cakovice.html;4.7;19;14.531192;50.152846;";"
https://www.firmy.cz/detail/12976056-hostinec-u-herciku-praha-cakovice.html;4.7;19;14.531192;50.152846;";"
https://www.firmy.cz/detail/12976056-hostinec-u-herciku-praha-cakovice.html;4.7;19;14.531192;50.152846;";"
https://www.firmy.cz/detail/12976056-hostinec-u-herciku-praha-cakovice.html;4.7;19;14.531192;50.152846;";"
https://www.firmy.cz/detail/12976056-hostinec-u-herciku-praha-cakovice.html;4.7;19;14.531192;50.152846;";"
https://www.firmy.cz/detail/12976056-hostinec-u-herciku-praha-cakovice.html;4.7;19;14.531192;50.152846;";"
https://www.firmy.cz/detail/12976056-hostinec-u-herciku-praha-cakovice.html;4.7;19;14.531192;50.152846;";"
https://www.firmy.cz/detail/12976056-hostinec-u-herciku-praha-cakovice.html;4.7;19;14.531192;50.152846;";"
https://www.firmy.cz/detail/12976056-hostinec-u-herciku-praha-cakovice.html;4.7;19;14.531192;50.152846;";"
https://www.firmy.cz/detail/692513-hostinec-u-pristavu-praha-holesovice.html;4.3;3;14.455621;50.104923;"0. 25 l Čočková;40 Kč"
https://www.firmy.cz/detail/692513-hostinec-u-pristavu-praha-holesovice.html;4.3;3;14.455621;50.104923;"150 gr Pečená kachna, zelí, HK, BK;180 Kč"
https://www.firmy.cz/detail/692513-hostinec-u-pristavu-praha-holesovice.html;4.3;3;14.455621;50.104923;"150 gr Milánské špagety se sýrem;180 Kč"
https://www.firmy.cz/detail/692513-hostinec-u-pristavu-praha-holesovice.html;4.3;3;14.455621;50.104923;";"
https://www.firmy.cz/detail/692513-hostinec-u-pristavu-praha-holesovice.html;4.3;3;14.455621;50.104923;";"
https://www.firmy.cz/detail/692513-hostinec-u-pristavu-praha-holesovice.html;4.3;3;14.455621;50.104923;";"
https://www.firmy.cz/detail/692513-hostinec-u-pristavu-praha-holesovice.html;4.3;3;14.455621;50.104923;";"
https://www.firmy.cz/detail/692513-hostinec-u-pristavu-praha-holesovice.html;4.3;3;14.455621;50.104923;";"
https://www.firmy.cz/detail/692513-hostinec-u-pristavu-praha-holesovice.html;4.3;3;14.455621;50.104923;";"
https://www.firmy.cz/detail/692513-hostinec-u-pristavu-praha-holesovice.html;4.3;3;14.455621;50.104923;";"
https://www.firmy.cz/detail/692513-hostinec-u-pristavu-praha-holesovice.html;4.3;3;14.455621;50.104923;";"
https://www.firmy.cz/detail/692513-hostinec-u-pristavu-praha-holesovice.html;4.3;3;14.455621;50.104923;";"
https://www.firmy.cz/detail/692513-hostinec-u-pristavu-praha-holesovice.html;4.3;3;14.455621;50.104923;";"
https://www.firmy.cz/detail/692513-hostinec-u-pristavu-praha-holesovice.html;4.3;3;14.455621;50.104923;";"
https://www.firmy.cz/detail/692513-hostinec-u-pristavu-praha-holesovice.html;4.3;3;14.455621;50.104923;";"
https://www.firmy.cz/detail/692513-hostinec-u-pristavu-praha-holesovice.html;4.3;3;14.455621;50.104923;";"
https://www.firmy.cz/detail/692513-hostinec-u-pristavu-praha-holesovice.html;4.3;3;14.455621;50.104923;";"
https://www.firmy.cz/detail/13021981-hospoda-u-klokocnika-praha-nusle.html;4.5;38;14.441874;50.058740;"Kulajda s čerstvým domácím rohlíčkem;59 Kč"
https://www.firmy.cz/detail/13021981-hospoda-u-klokocnika-praha-nusle.html;4.5;38;14.441874;50.058740;"Čočková polévka s uzeným masem s čerstvým domácím rohlíčkem;59 Kč"
https://www.firmy.cz/detail/13021981-hospoda-u-klokocnika-praha-nusle.html;4.5;38;14.441874;50.058740;"Menu: polévka dle výběru + Holandský řízek s bramborovou kaší a okurkou;199 Kč"
https://www.firmy.cz/detail/13021981-hospoda-u-klokocnika-praha-nusle.html;4.5;38;14.441874;50.058740;";"
https://www.firmy.cz/detail/13021981-hospoda-u-klokocnika-praha-nusle.html;4.5;38;14.441874;50.058740;";"
https://www.firmy.cz/detail/13021981-hospoda-u-klokocnika-praha-nusle.html;4.5;38;14.441874;50.058740;";"
https://www.firmy.cz/detail/13021981-hospoda-u-klokocnika-praha-nusle.html;4.5;38;14.441874;50.058740;";"
https://www.firmy.cz/detail/13373711-j-j-murphy-s-irish-pub-praha-mala-strana.html;4.9;6;14.403346;50.087198;"Polévka dne;90 Kč"
https://www.firmy.cz/detail/13373711-j-j-murphy-s-irish-pub-praha-mala-strana.html;4.9;6;14.403346;50.087198;"Nachos s chedarem a s chalapeňos papričkami, rajčatovou salsou, zakysanou smetanou a česnekovo-pažitkovým dipem;205 Kč"
https://www.firmy.cz/detail/13373711-j-j-murphy-s-irish-pub-praha-mala-strana.html;4.9;6;14.403346;50.087198;"B. L. T. SENDVIČ 300g;240 Kč"
https://www.firmy.cz/detail/13373711-j-j-murphy-s-irish-pub-praha-mala-strana.html;4.9;6;14.403346;50.087198;"Kuřecí zapečený sendvič 300g;240 Kč"
https://www.firmy.cz/detail/13373711-j-j-murphy-s-irish-pub-praha-mala-strana.html;4.9;6;14.403346;50.087198;"SMAŽENÝ SÝR 150 g;260 Kč"
https://www.firmy.cz/detail/13373711-j-j-murphy-s-irish-pub-praha-mala-strana.html;4.9;6;14.403346;50.087198;"J. J. HOVEZÍ GULÁŠ NA GUINNESSU 150 g;280 Kč"
https://www.firmy.cz/detail/263644-hostinec-respublica-praha-vinohrady.html;None;None;14.433236;50.071832;"Francouzská cibulačka se sýrem;35 Kč"
https://www.firmy.cz/detail/263644-hostinec-respublica-praha-vinohrady.html;None;None;14.433236;50.071832;"Hovězí vývar s masem a nudlemi;35 Kč"
https://www.firmy.cz/detail/263644-hostinec-respublica-praha-vinohrady.html;None;None;14.433236;50.071832;"MENU 1 - Vepřový guláš, červená cibulka, houskový knedlík + polévka;140 Kč"
https://www.firmy.cz/detail/263644-hostinec-respublica-praha-vinohrady.html;None;None;14.433236;50.071832;"MENU 2 - Chilli con carne podávané s chlebem + polévka;140 Kč"
https://www.firmy.cz/detail/263644-hostinec-respublica-praha-vinohrady.html;None;None;14.433236;50.071832;"Vepřový steak na grilu, omáčka z hrubozrnné hořčice, krokety;160 Kč"
https://www.firmy.cz/detail/263644-hostinec-respublica-praha-vinohrady.html;None;None;14.433236;50.071832;"Kuřecí nudličky na čínský způsob, hranolky (rýže);155 Kč"
https://www.firmy.cz/detail/263644-hostinec-respublica-praha-vinohrady.html;None;None;14.433236;50.071832;"Hovězí na slanině, dušená rýže;155 Kč"
https://www.firmy.cz/detail/263644-hostinec-respublica-praha-vinohrady.html;None;None;14.433236;50.071832;"Smažený eidam, mačkaný brambor, tatarka;155 Kč"
https://www.firmy.cz/detail/263644-hostinec-respublica-praha-vinohrady.html;None;None;14.433236;50.071832;"Vepřový guláš, červená cibulka, houskový knedlík;135 Kč"
https://www.firmy.cz/detail/263644-hostinec-respublica-praha-vinohrady.html;None;None;14.433236;50.071832;"Chilli con carne podávané s chlebem;135 Kč"
https://www.firmy.cz/detail/263644-hostinec-respublica-praha-vinohrady.html;None;None;14.433236;50.071832;"Menu box;5 Kč"
https://www.firmy.cz/detail/263644-hostinec-respublica-praha-vinohrady.html;None;None;14.433236;50.071832;"DEZERT: Domácí jablečný štrůdl s rozinkami a šlehačkou;59 Kč"
https://www.firmy.cz/detail/263644-hostinec-respublica-praha-vinohrady.html;None;None;14.433236;50.071832;"1ks Gulášová;55 Kč"
https://www.firmy.cz/detail/263644-hostinec-respublica-praha-vinohrady.html;None;None;14.433236;50.071832;"1ks Česnečka s anglickou slaninou, sýrem a chlebovými krutony;50 Kč"
https://www.firmy.cz/detail/263644-hostinec-respublica-praha-vinohrady.html;None;None;14.433236;50.071832;"1ks Polévka dle denní nabídky;45 Kč"
https://www.firmy.cz/detail/263644-hostinec-respublica-praha-vinohrady.html;None;None;14.433236;50.071832;"200g Utopenci s cibulí a feferonkou;75 Kč"
https://www.firmy.cz/detail/263644-hostinec-respublica-praha-vinohrady.html;None;None;14.433236;50.071832;"150g Tlačenka s octem a cibulí;80 Kč"
https://www.firmy.cz/detail/263644-hostinec-respublica-praha-vinohrady.html;None;None;14.433236;50.071832;"120g Nakládaný Hermelín s feferonkou a kozím rohem;85 Kč"
https://www.firmy.cz/detail/263644-hostinec-respublica-praha-vinohrady.html;None;None;14.433236;50.071832;"200g Studený uzený bůček s křenem a hořčicí;85 Kč"
https://www.firmy.cz/detail/263644-hostinec-respublica-praha-vinohrady.html;None;None;14.433236;50.071832;"200g Klobása na grilu s hořčicí, křenem, feferonkou a kozím rohem;95 Kč"
https://www.firmy.cz/detail/263644-hostinec-respublica-praha-vinohrady.html;None;None;14.433236;50.071832;"300g Horké buřty na černém pivu;95 Kč"
https://www.firmy.cz/detail/263644-hostinec-respublica-praha-vinohrady.html;None;None;14.433236;50.071832;"2ks Pikantní masová směs na topince se sýrem;95 Kč"
https://www.firmy.cz/detail/263644-hostinec-respublica-praha-vinohrady.html;None;None;14.433236;50.071832;"120g Grilovaný Hermelín na ledovém salátu s brusinkami, toast;115 Kč"
https://www.firmy.cz/detail/263644-hostinec-respublica-praha-vinohrady.html;None;None;14.433236;50.071832;"350g Smažené bramborové lupínky, omáčky BBQ, smetanovo-česneková;125 Kč"
https://www.firmy.cz/detail/263644-hostinec-respublica-praha-vinohrady.html;None;None;14.433236;50.071832;"150g Selská vepřová pečeně, dušené zelí, houskový knedlík;165 Kč"
https://www.firmy.cz/detail/263644-hostinec-respublica-praha-vinohrady.html;None;None;14.433236;50.071832;"150g Hovězí guláš s cibulí a feferonkou, houskový knedlík;165 Kč"
https://www.firmy.cz/detail/263644-hostinec-respublica-praha-vinohrady.html;None;None;14.433236;50.071832;"150g Svíčková na smetaně, brusinkový terč, houskový knedlík;175 Kč"
https://www.firmy.cz/detail/263644-hostinec-respublica-praha-vinohrady.html;None;None;14.433236;50.071832;"150g Smažený kuřecí řízek, okurka, citron;160 Kč"
https://www.firmy.cz/detail/263644-hostinec-respublica-praha-vinohrady.html;None;None;14.433236;50.071832;"150g Smažený vepřový řízek, okurka, citron;160 Kč"
https://www.firmy.cz/detail/263644-hostinec-respublica-praha-vinohrady.html;None;None;14.433236;50.071832;"150g Smažené řízečky z panenky, okurka, citron;175 Kč"
https://www.firmy.cz/detail/263644-hostinec-respublica-praha-vinohrady.html;None;None;14.433236;50.071832;"200g Jitrnička pečená na grilu, vařený brambor, kysané zelí, hořčice;145 Kč"
https://www.firmy.cz/detail/263644-hostinec-respublica-praha-vinohrady.html;None;None;14.433236;50.071832;"1ks 1/4 Pečená kachnička, zelí, houskový knedlík;205 Kč"
https://www.firmy.cz/detail/263644-hostinec-respublica-praha-vinohrady.html;None;None;14.433236;50.071832;"700g Pečená vepřová žebírka v pikantní medové marinádě, hořčice, křen, feferonka, kozí roh;255 Kč"
https://www.firmy.cz/detail/263644-hostinec-respublica-praha-vinohrady.html;None;None;14.433236;50.071832;"1ks Pečené vepřové koleno s kostí (1300 - 1500 g) na černém pivu, hořčice, křen, feferonka, kozí roh;285 Kč"
https://www.firmy.cz/detail/263644-hostinec-respublica-praha-vinohrady.html;None;None;14.433236;50.071832;"150g Grilovaná kuřecí prsa naložená v barbecue marinádě;160 Kč"
https://www.firmy.cz/detail/263644-hostinec-respublica-praha-vinohrady.html;None;None;14.433236;50.071832;"150g Zapečená kuřecí prsíčka se třemi druhy sýrů (Eidam, Niva, Hermelín);175 Kč"
https://www.firmy.cz/detail/263644-hostinec-respublica-praha-vinohrady.html;None;None;14.433236;50.071832;"150g Přírodní kuřecí prsíčka s grilovanou zeleninou;190 Kč"
https://www.firmy.cz/detail/263644-hostinec-respublica-praha-vinohrady.html;None;None;14.433236;50.071832;"200g Vepřová panenka na hříbkách;190 Kč"
https://www.firmy.cz/detail/263644-hostinec-respublica-praha-vinohrady.html;None;None;14.433236;50.071832;"200g Vepřové medailonky zabalené ve slanině;190 Kč"
https://www.firmy.cz/detail/263644-hostinec-respublica-praha-vinohrady.html;None;None;14.433236;50.071832;"200g Steak z vepřové krkovičky, zelené fazolové lusky se slaninou;185 Kč"
https://www.firmy.cz/detail/263644-hostinec-respublica-praha-vinohrady.html;None;None;14.433236;50.071832;"400g Flákota z vepřové krkovice na grilu, hořčice, křen;245 Kč"
https://www.firmy.cz/detail/263644-hostinec-respublica-praha-vinohrady.html;None;None;14.433236;50.071832;"200g Vepřový steak s pepřovou omáčkou;170 Kč"
https://www.firmy.cz/detail/263644-hostinec-respublica-praha-vinohrady.html;None;None;14.433236;50.071832;"250g Hovězí steak z mladého býčka, zelené fazolové lusky se slaninou;285 Kč"
https://www.firmy.cz/detail/263644-hostinec-respublica-praha-vinohrady.html;None;None;14.433236;50.071832;"250g Hovězí steak z mladého býčka se smetanovou omáčkou se zeleným pepřem;285 Kč"
https://www.firmy.cz/detail/263644-hostinec-respublica-praha-vinohrady.html;None;None;14.433236;50.071832;"150g Tataráček, topinky s česnekem;195 Kč"
https://www.firmy.cz/detail/263644-hostinec-respublica-praha-vinohrady.html;None;None;14.433236;50.071832;"150g Smažený sýr Eidam, tatarská omáčka;145 Kč"
https://www.firmy.cz/detail/263644-hostinec-respublica-praha-vinohrady.html;None;None;14.433236;50.071832;"120g Smažený Hermelín, tatarská omáčka;145 Kč"
https://www.firmy.cz/detail/263644-hostinec-respublica-praha-vinohrady.html;None;None;14.433236;50.071832;"300g Zeleninový salát s grilovaným kuřecím masem, bylinkový dip;155 Kč"
https://www.firmy.cz/detail/263644-hostinec-respublica-praha-vinohrady.html;None;None;14.433236;50.071832;"250g Šopský salát;95 Kč"
https://www.firmy.cz/detail/263644-hostinec-respublica-praha-vinohrady.html;None;None;14.433236;50.071832;"150g Hranolky;35 Kč"
https://www.firmy.cz/detail/263644-hostinec-respublica-praha-vinohrady.html;None;None;14.433236;50.071832;"150g Americké brambory;40 Kč"
https://www.firmy.cz/detail/263644-hostinec-respublica-praha-vinohrady.html;None;None;14.433236;50.071832;"150g Vařené brambory;30 Kč"
https://www.firmy.cz/detail/263644-hostinec-respublica-praha-vinohrady.html;None;None;14.433236;50.071832;"150g Šťouchané brambory;40 Kč"
https://www.firmy.cz/detail/263644-hostinec-respublica-praha-vinohrady.html;None;None;14.433236;50.071832;"150g Krokety;45 Kč"
https://www.firmy.cz/detail/263644-hostinec-respublica-praha-vinohrady.html;None;None;14.433236;50.071832;"3ks Domácí bramboráčky;45 Kč"
https://www.firmy.cz/detail/263644-hostinec-respublica-praha-vinohrady.html;None;None;14.433236;50.071832;"150g Fazolové lusky se slaninou;50 Kč"
https://www.firmy.cz/detail/263644-hostinec-respublica-praha-vinohrady.html;None;None;14.433236;50.071832;"200g Grilovaná zelenina;80 Kč"
https://www.firmy.cz/detail/263644-hostinec-respublica-praha-vinohrady.html;None;None;14.433236;50.071832;"50g Tatarská omáčka;20 Kč"
https://www.firmy.cz/detail/263644-hostinec-respublica-praha-vinohrady.html;None;None;14.433236;50.071832;"50g Hořčice;5 Kč"
https://www.firmy.cz/detail/263644-hostinec-respublica-praha-vinohrady.html;None;None;14.433236;50.071832;"1ks Kyselá okurka;5 Kč"
https://www.firmy.cz/detail/263644-hostinec-respublica-praha-vinohrady.html;None;None;14.433236;50.071832;"1ks Chléb;2 Kč"
https://www.firmy.cz/detail/2231875-pivnice-u-pivoje-praha-holesovice.html;4.9;16;14.430663;50.099058;"Nakládaný hermelín;85 Kč"
https://www.firmy.cz/detail/2231875-pivnice-u-pivoje-praha-holesovice.html;4.9;16;14.430663;50.099058;"Nakládaný romadůr;85 Kč"
https://www.firmy.cz/detail/2231875-pivnice-u-pivoje-praha-holesovice.html;4.9;16;14.430663;50.099058;"Kuřecí steak s bylinkovou omáčkou, hranolky;170 Kč"
https://www.firmy.cz/detail/2231875-pivnice-u-pivoje-praha-holesovice.html;4.9;16;14.430663;50.099058;"Pikantní kuřecí směs v bramboráku;190 Kč"
https://www.firmy.cz/detail/2231875-pivnice-u-pivoje-praha-holesovice.html;4.9;16;14.430663;50.099058;"Hranolky;45 Kč"
https://www.firmy.cz/detail/2231875-pivnice-u-pivoje-praha-holesovice.html;4.9;16;14.430663;50.099058;"Vařený brambor;40 Kč"
https://www.firmy.cz/detail/13118484-hospudka-modra-hvezda-praha-smichov.html;4.2;4;14.404581;50.062999;;
https://www.firmy.cz/detail/13808483-hostinec-na-bretislavce-praha-dejvice.html;4;8;14.389273;50.123195;;
https://www.firmy.cz/detail/337671-pivnice-u-svejka-praha-dejvice.html;4.2;16;14.394514;50.105310;;
https://www.firmy.cz/detail/13012663-pivoteka-zizkoff-praha-zizkov.html;5;1;14.451081;50.084759;;
https://www.firmy.cz/detail/13858532-hospudka-u-peci-praha-kamyk.html;5;1;14.428294;50.015047;;
https://www.firmy.cz/detail/13506966-rohan-beergarden-praha.html;4.2;26;14.464390;50.103122;;
https://www.firmy.cz/detail/13138061-restaurace-nadejovska-1466-praha-ujezd-nad-lesy.html;None;None;14.641630;50.082907;;
https://www.firmy.cz/detail/12717064-hospudka-na-slavoji-praha-zbraslav.html;5;2;14.382711;49.971016;;
https://www.firmy.cz/detail/13411792-hospudka-u-kopeckych-praha-zabehlice.html;4.7;7;14.489830;50.054941;;
https://www.firmy.cz/detail/2466156-lokal-dlouhaaa-praha-stare-mesto.html;4.4;86;14.425880;50.090694;;
https://www.firmy.cz/detail/13126886-domecek-praha.html;4;8;14.412802;50.127289;;
https://www.firmy.cz/detail/13831595-3j-beer-bar-praha-vrsovice.html;5;3;14.454588;50.072106;;
https://www.firmy.cz/detail/13710652-the-pub-praha-6-praha-bubenec.html;1.5;2;14.401082;50.100847;;
https://www.firmy.cz/detail/13840145-tesne-vedle-burundi-praha-bubenec.html;5;1;14.420148;50.101352;;
https://www.firmy.cz/detail/13115719-hospudka-u-parezu-praha-stodulky.html;4.9;8;14.344370;50.047236;;
https://www.firmy.cz/detail/13204969-vycep-u-rarasku-praha-nove-mesto.html;4.9;19;14.417799;50.081531;;
https://www.firmy.cz/detail/13156223-u-kajmana-praha-chodov.html;3.8;8;14.516612;50.023384;;
https://www.firmy.cz/detail/13259819-garaz-praha-hodkovicky.html;4.8;6;14.412071;50.022265;;
https://www.firmy.cz/detail/12988691-restaurant-smolik-praha-ujezd-nad-lesy.html;4.1;19;14.664767;50.086661;;
https://www.firmy.cz/detail/12919719-hospoda-jarov-praha-zizkov.html;3.8;6;14.497189;50.091704;;
https://www.firmy.cz/detail/12717064-hospudka-na-slavoji-praha-zbraslav.html;5;2;14.382711;49.971016;;
https://www.firmy.cz/detail/13411792-hospudka-u-kopeckych-praha-zabehlice.html;4.7;7;14.489830;50.054941;;
https://www.firmy.cz/detail/2466156-lokal-dlouhaaa-praha-stare-mesto.html;4.4;86;14.425880;50.090694;;
https://www.firmy.cz/detail/13126886-domecek-praha.html;4;8;14.412802;50.127289;;
https://www.firmy.cz/detail/13831595-3j-beer-bar-praha-vrsovice.html;5;3;14.454588;50.072106;;
https://www.firmy.cz/detail/13200476-branicka-formanka-praha-nove-mesto.html;4.7;27;14.423890;50.080236;;
https://www.firmy.cz/detail/13403662-vycep-balabenka-praha-liben.html;5;3;14.485727;50.103991;;
https://www.firmy.cz/detail/13113999-restaurace-u-couku-praha-horni-mecholupy.html;4.3;11;14.559137;50.044162;;
https://www.firmy.cz/detail/13328758-gunners-pub-praha-zizkov.html;3.4;3;14.471741;50.089845;;
https://www.firmy.cz/detail/13306064-hospudka-u-bartose-praha-karlin.html;4.8;7;14.449997;50.093621;;
https://www.firmy.cz/detail/13372242-pivnice-u-stadionu-praha-vrsovice.html;4.8;3;14.469771;50.069505;;
https://www.firmy.cz/detail/679683-hostinec-u-suchy-dasne-praha-nove-mesto.html;4.4;14;14.416315;50.070811;;
https://www.firmy.cz/detail/13418924-kozel-na-moste-praha-cerny-most.html;5;4;14.575636;50.106100;;
https://www.firmy.cz/detail/13372495-hospudka-na-vysinach-praha-vrsovice.html;5;3;14.460367;50.071625;;
https://www.firmy.cz/detail/13245901-gorila-bar-praha-smichov.html;4.8;11;14.394085;50.073692;;
https://www.firmy.cz/detail/13805448-klubova-hospudka-ujezd-praha-ujezd-u-pruhonic.html;4.3;2;14.544069;50.010220;;
https://www.firmy.cz/detail/12948757-hospudka-sokol-praha-smichov.html;4.5;1;14.407880;50.071310;;
https://www.firmy.cz/detail/13643420-hospudka-prima-praha-pisnice.html;4;1;14.467949;49.993525;;
https://www.firmy.cz/detail/13139510-hospoda-u-lesa-praha-klanovice.html;3.6;49;14.671149;50.087706;;
https://www.firmy.cz/detail/336158-u-hrocha-praha-mala-strana.html;4.4;201;14.403232;50.089161;;
https://www.firmy.cz/detail/1949500-restaurant-oaza-billiard-club-praha.html;3.8;18;14.384883;50.100674;;
https://www.firmy.cz/detail/13750660-hospudka-u-hriste-praha.html;4;8;14.414050;50.130366;;
https://www.firmy.cz/detail/12814379-senk-na-rajske-praha-cerny-most.html;4.6;7;14.561870;50.106445;;
https://www.firmy.cz/detail/332447-hospudka-nad-viktorkou-praha-zizkov.html;3.7;5;14.448674;50.082905;;
https://www.firmy.cz/detail/13872935-pivnice-zerno-praha-prosek.html;5;1;14.493638;50.121318;;
https://www.firmy.cz/detail/13129771-hospoda-u-kruhu-praha-nove-mesto.html;4.6;19;14.423279;50.080933;;
https://www.firmy.cz/detail/13532701-zetko-comedy-pub-praha-liben.html;4.3;28;14.462449;50.119118;;
https://www.firmy.cz/detail/13120945-hospoda-libensky-ostrov-1555-praha-liben.html;4.1;4;14.464273;50.104217;;
https://www.firmy.cz/detail/12888232-restaurace-na-zamysli-praha-kosire.html;4.7;3;14.374017;50.069385;;
https://www.firmy.cz/detail/13417763-hospoda-lidovy-dum-praha-uhrineves.html;4.6;11;14.600482;50.030203;;
https://www.firmy.cz/detail/13187194-u-brachy-praha-nove-mesto.html;3.2;5;14.416665;50.068383;;
https://www.firmy.cz/detail/13033633-rapidbar65-praha-karlin.html;4.7;5;14.444111;50.091097;;
https://www.firmy.cz/detail/12761309-pivni-bar-napalme-praha-liben.html;4.5;14;14.473084;50.104103;;
https://www.firmy.cz/detail/13057808-kulturni-centrum-klubovna-praha.html;None;None;14.388537;50.098261;;
https://www.firmy.cz/detail/12943672-pivnice-dno-pytle-praha-vinohrady.html;None;None;14.442861;50.077109;;
https://www.firmy.cz/detail/13747708-hospoda-u-barona-praha-prosek.html;5;12;14.494824;50.116839;;
https://www.firmy.cz/detail/13136270-obcerstveni-grill-xaveriova-praha.html;5;2;14.398143;50.063871;;
https://www.firmy.cz/detail/625166-hospudka-u-kladiva-praha-strasnice.html;4.5;15;14.487674;50.080900;;
https://www.firmy.cz/detail/12723884-u-kunstatu-praha-stare-mesto.html;3.2;3;14.417006;50.085338;;
https://www.firmy.cz/detail/13015661-galerie-piva-praha-vrsovice.html;4.7;8;14.450866;50.070599;;
https://www.firmy.cz/detail/12983895-poctivej-vycep-praha-kobylisy.html;4.8;39;14.447541;50.126158;;
https://www.firmy.cz/detail/13001427-hospoda-na-pahorku-praha-hostivar.html;4.5;2;14.546876;50.048787;;
https://www.firmy.cz/detail/13823963-hospudka-na-ruzku-praha-kunratice.html;5;47;14.487018;50.022328;;
https://www.firmy.cz/detail/12852763-bar-barre-praha-holesovice.html;4.8;2;14.427257;50.100977;;
https://www.firmy.cz/detail/573112-hostinec-u-prochazku-praha-krc.html;4.9;7;14.441216;50.047933;;
https://www.firmy.cz/detail/13361026-burza-4-praha-holesovice.html;4.8;6;14.445308;50.098409;;
https://www.firmy.cz/detail/13490459-pivovar-bad-flash-praha-kobylisy.html;4.7;15;14.453813;50.128784;;
https://www.firmy.cz/detail/12963474-valdstejnska-hospoda-praha-mala-strana.html;2.6;2;14.405416;50.089617;;
https://www.firmy.cz/detail/2466288-restaurace-pivni-sanatorium-praha-radotin.html;4.4;9;14.365511;49.990398;;
https://www.firmy.cz/detail/13079723-hostinec-ve-mlyne-praha-krc.html;4.8;31;14.457158;50.015967;;
https://www.firmy.cz/detail/13133686-hospoda-jaromirova-praha-nusle.html;5;2;14.428767;50.065155;;
https://www.firmy.cz/detail/13144885-snack-bar-v-dome-praha-horni-mecholupy.html;3.9;2;14.554012;50.042272;;
https://www.firmy.cz/detail/12723884-u-kunstatu-praha-stare-mesto.html;3.2;3;14.417006;50.085338;;
https://www.firmy.cz/detail/13450799-klub-na-venecku-praha-smichov.html;4.2;5;14.395353;50.067863;;
https://www.firmy.cz/detail/13118950-pivnice-u-maresu-praha-kbely.html;5;1;14.548130;50.133061;;
https://www.firmy.cz/detail/13337629-u-olmeru-rest-pub-praha-nusle.html;4.6;20;14.425236;50.063776;;
https://www.firmy.cz/detail/13329312-na-olympii-praha-seberov.html;1;1;14.513206;50.010602;;
https://www.firmy.cz/detail/13739280-pivnice-u-baby-praha-karlin.html;4.5;6;14.440828;50.090694;;
https://www.firmy.cz/detail/13130488-tetyana-tulaydan-praha-stodulky.html;4.7;70;14.313868;50.055815;;
https://www.firmy.cz/detail/13209457-pivnice-fantasie-praha-stodulky.html;4;4;14.338864;50.037939;;
https://www.firmy.cz/detail/13882444-pivni-zahrada-praha-smichov.html;4.7;70;14.405967;50.072060;;
https://www.firmy.cz/detail/13391503-lucaffe-48-praha.html;3;1;14.508367;50.027801;;
https://www.firmy.cz/detail/13365353-u-budyho-praha-liben.html;4.3;25;14.464694;50.106461;;
https://www.firmy.cz/detail/1959313-hostinec-divci-skok-praha-liboc.html;3.4;87;14.320765;50.099755;;
https://www.firmy.cz/detail/13382266-hospoda-u-benyho-praha-vinohrady.html;4.9;6;14.442154;50.077576;;
https://www.firmy.cz/detail/13717362-pivnice-sutka-praha-troja.html;None;None;14.444764;50.125339;;
https://www.firmy.cz/detail/12960737-nase-hospoda-na-ruzku-praha-smichov.html;None;None;14.409609;50.060311;;
https://www.firmy.cz/detail/13497818-dande-praha-chodov.html;None;None;14.496105;50.031826;;
https://www.firmy.cz/detail/568432-restaurace-dejvicke-nadrazi-praha-dejvice.html;None;None;14.400001;50.097137;;
https://www.firmy.cz/detail/13118335-restaurace-kulturni-dum-barikadniku-praha-strasnice.html;4.4;None;14.493394;50.073552;;
https://www.firmy.cz/detail/13354809-u-sumecka-seberov-praha-seberov.html;None;None;14.513524;50.013199;;
https://www.firmy.cz/detail/12981882-lipanska-hospudka-u-klingra-praha-lipany.html;None;None;14.617068;49.999173;;
https://www.firmy.cz/detail/12969993-pivni-laborator-u-rumlika-praha-nusle.html;None;None;14.443794;50.056438;;
https://www.firmy.cz/detail/337032-hostinec-u-parku-praha-nusle.html;None;None;14.448006;50.059482;;
https://www.firmy.cz/detail/13490762-hospudka-u-neostichu-praha-smichov.html;None;None;14.400114;50.067038;;
https://www.firmy.cz/detail/12919050-hamersky-sklipek-praha-zabehlice.html;3.9;53;14.485615;50.051641;;
https://www.firmy.cz/detail/12983894-craft-house-praha-nove-mesto.html;3.5;8;14.423456;50.078661;;
https://www.firmy.cz/detail/13069150-hostinec-u-starejch-hadru-praha-vrsovice.html;5;3;14.449866;50.071865;;
https://www.firmy.cz/detail/13202710-hangar-pub-praha-holesovice.html;4.9;20;14.422740;50.099211;;
https://www.firmy.cz/detail/12735594-pivni-lokal-ostry-praha-zizkov.html;3.8;5;14.450972;50.084427;;
https://www.firmy.cz/detail/2349310-hostinec-v-rybnickach-praha-strasnice.html;4.3;7;14.507995;50.070676;;
https://www.firmy.cz/detail/13099005-u-tiskarny-praha-nove-mesto.html;5;3;14.430779;50.072112;;
https://www.firmy.cz/detail/13563081-neko-anime-bar-praha-smichov.html;5;3;14.403276;50.076999;;
https://www.firmy.cz/detail/2457833-obcerstveni-horolezecka-867-1-praha-hostivar.html;5;1;14.542057;50.051708;;
https://www.firmy.cz/detail/569598-hospoda-pohoda-praha-nusle.html;None;None;14.439408;50.065496;;
https://www.firmy.cz/detail/13127305-club-montana-praha-vysocany.html;4.5;3;14.487923;50.099950;;
https://www.firmy.cz/detail/2346019-restaurace-u-bobra-praha-horni-pocernice.html;3.5;11;14.617374;50.111911;;
https://www.firmy.cz/detail/2175877-obcerstveni-u-bati-praha-libus.html;4;1;14.462904;50.007431;;
https://www.firmy.cz/detail/13153811-nightmare-prague-horror-bar-praha-mala-strana.html;5;2;14.404522;50.079936;;
https://www.firmy.cz/detail/13744906-stare-zatisi-praha-bubenec.html;4.8;2;14.398264;50.103235;;
https://www.firmy.cz/detail/13202385-pub-u-sousedu-praha-hostivar.html;4.7;16;14.538223;50.050692;;
https://www.firmy.cz/detail/13108271-lokomotiva-vrsovice-praha-vrsovice.html;3.8;7;14.455999;50.064302;;
https://www.firmy.cz/detail/13136676-billiard-svet-praha-ujezd-nad-lesy.html;5;1;14.664500;50.075333;;
https://www.firmy.cz/detail/12913831-krkonosska-hospudka-praha-dejvice.html;4.9;26;14.406486;50.098309;;
https://www.firmy.cz/detail/326956-balbinova-poeticka-hospudka-praha-vinohrady.html;4.8;19;14.433924;50.076978;;
https://www.firmy.cz/detail/13119912-hospoda-na-hristi-reporyje-praha-reporyje.html;3.9;None;14.311002;50.030512;;
https://www.firmy.cz/detail/13247207-hospoda-nedvezi-praha-nedvezi-u-rican.html;5;1;14.652395;50.017771;;
https://www.firmy.cz/detail/13157661-beergeek-bar-praha-vinohrady.html;4.5;15;14.450013;50.077085;;
https://www.firmy.cz/detail/12746063-hospudka-do-vetru-praha-brevnov.html;4.8;14;14.352723;50.088093;;
https://www.firmy.cz/detail/12997296-hospoda-stara-orechovka-praha-stresovice.html;5;7;14.380443;50.095183;;
https://www.firmy.cz/detail/13217099-hospoda-u-zdi-praha-liben.html;3.3;6;14.489717;50.104714;;
https://www.firmy.cz/detail/13869812-lahvacek-praha-letnany.html;None;None;14.514699;50.136576;;
https://www.firmy.cz/detail/13142606-vodacka-krcma-u-svary-praha-hodkovicky.html;None;None;14.398308;50.023949;;
https://www.firmy.cz/detail/13065989-jan-palecek-hospoda-praha-vrsovice.html;None;None;14.447478;50.070592;;
https://www.firmy.cz/detail/13608338-hospoda-u-bocana-praha-hloubetin.html;None;None;14.530427;50.104917;;
https://www.firmy.cz/detail/13111066-club-bar-korlin-praha-hlubocepy.html;None;None;14.368802;50.029924;;
https://www.firmy.cz/detail/13229448-beer-point-praha-nove-mesto.html;None;None;14.429552;50.078852;;
https://www.firmy.cz/detail/13443981-klub-prosek-praha-strizkov.html;None;None;14.493094;50.126026;;
https://www.firmy.cz/detail/13123015-bad-flash-bar-praha-karlin.html;None;None;14.456169;50.093841;;
https://www.firmy.cz/detail/2331311-bufet-cerny-kohout-praha-holesovice.html;None;None;14.449075;50.103334;;
https://www.firmy.cz/detail/13118461-hospoda-na-tocne-praha-tocna.html;None;None;14.431152;49.972816;;
https://www.firmy.cz/detail/2692616-hospudka-u-habasku-praha-zizkov.html;4.8;14;14.446419;50.085760;;
https://www.firmy.cz/detail/13136401-karel-mlejnek-praha-branik.html;1;1;14.426829;50.033590;;
https://www.firmy.cz/detail/2289361-kavarna-na-sumave-praha-vinohrady.html;4.9;36;14.443755;50.075719;;
https://www.firmy.cz/detail/13647104-pohoda-hospoda-bar-praha-stodulky.html;4.7;70;14.347597;50.050010;;
https://www.firmy.cz/detail/2253647-hospudka-knoflik-praha-smichov.html;4.3;8;14.404562;50.070273;;
https://www.firmy.cz/detail/13139431-jan-batha-praha-zizkov.html;4.2;59;14.457187;50.082188;;
https://www.firmy.cz/detail/13121637-hospudka-u-draka-v-exilu-praha-radotin.html;4.7;70;14.359792;49.984403;;
https://www.firmy.cz/detail/13807044-restaurace-na-hristi-praha-brevnov.html;4.9;9;14.330809;50.078397;;
https://www.firmy.cz/detail/13022379-pivovarska-restaurace-praha-zabehlice.html;4.1;9;14.486080;50.055242;;
https://www.firmy.cz/detail/13175914-bar-kocarek-praha-smichov.html;4.4;4;14.389519;50.072515;;
https://www.firmy.cz/detail/13149424-oaza-praha-malesice.html;5;1;14.506417;50.083229;;
https://www.firmy.cz/detail/13361575-jerky-pub-u-stribrne-kocky-praha-hradcany.html;4.4;8;14.387432;50.086541;;
https://www.firmy.cz/detail/13507995-stromecek-praha-zbraslav.html;4.9;19;14.392981;49.973444;;
https://www.firmy.cz/detail/13127532-hostinec-u-blahu-praha-zbraslav.html;4.9;13;14.378143;49.967657;;
https://www.firmy.cz/detail/13767755-hostinec-u-brehu-praha-michle.html;5;2;14.451329;50.058883;;
https://www.firmy.cz/detail/13401448-hostinec-pod-vrbou-praha-miskovice.html;4.6;14;14.542884;50.159637;;
https://www.firmy.cz/detail/13791563-lidova-pivnice-praha-kamyk.html;4;1;14.455022;50.008653;;
https://www.firmy.cz/detail/13021295-restaurace-pod-hajem-praha-liben.html;4.9;9;14.472769;50.126164;;
https://www.firmy.cz/detail/13153912-hospudka-u-standy-praha-vrsovice.html;3.6;7;14.453592;50.070236;;
https://www.firmy.cz/detail/13624598-hospudka-na-schudkach-praha-vrsovice.html;4.7;15;14.474745;50.070523;;
https://www.firmy.cz/detail/13240896-hospoda-severka-praha-chodov.html;3.9;8;14.520266;50.028253;;
https://www.firmy.cz/detail/2471905-hospoda-za-vetrem-praha-zizkov.html;5;10;14.479799;50.091375;;
https://www.firmy.cz/detail/13530073-beercheckpoint-praha-letnany.html;4.9;9;14.516660;50.137011;;
https://www.firmy.cz/detail/12720695-prague-beer-museum-praha-stare-mesto.html;3.2;5;14.413984;50.085012;;
