url;rating;number_of_reviews;longitude;latitude;menu_item;price
https://www.firmy.cz/detail/13703777-hospudka-u-mlejna-hradec-kralove-malsovice.html;4;52;15.854821;50.206885;"Hovězí vývar se strouháním a zeleninou";"55 Kč"
https://www.firmy.cz/detail/13703777-hospudka-u-mlejna-hradec-kralove-malsovice.html;4;52;15.854821;50.206885;"Hrstková polévka";"55 Kč"
https://www.firmy.cz/detail/13703777-hospudka-u-mlejna-hradec-kralove-malsovice.html;4;52;15.854821;50.206885;"130g Plzeňský guláš s křenem, párky a vejcem se špekovými knedlíkami";"153 Kč"
https://www.firmy.cz/detail/13703777-hospudka-u-mlejna-hradec-kralove-malsovice.html;4;52;15.854821;50.206885;"150g Pečené vepřové kolínko se zeleninou a pastyňákem s vařenými bramborami";"148 Kč"
https://www.firmy.cz/detail/13703777-hospudka-u-mlejna-hradec-kralove-malsovice.html;4;52;15.854821;50.206885;"130g Kuřecí kapsa s hranolkami a jemným fazolkovým přelivem";"178 Kč"
https://www.firmy.cz/detail/13703777-hospudka-u-mlejna-hradec-kralove-malsovice.html;4;52;15.854821;50.206885;"120g Vepřové Švej-ču-žou s jasmínovou rýží";"168 Kč"
https://www.firmy.cz/detail/13703777-hospudka-u-mlejna-hradec-kralove-malsovice.html;4;52;15.854821;50.206885;"200g Míchaný zeleninový salát se smaženými kuřecími křídly s koktejlovým dresingem a česnekovými toasty";"158 Kč"
https://www.firmy.cz/detail/13703777-hospudka-u-mlejna-hradec-kralove-malsovice.html;4;52;15.854821;50.206885;"150g Steakový mix gril s cibulovými kroužky a steakovými hranolkami s orientálním kari dipem";"218 Kč"
https://www.firmy.cz/detail/13703777-hospudka-u-mlejna-hradec-kralove-malsovice.html;4;52;15.854821;50.206885;"Polévka k hlavnímu jídlu";"30 Kč"
https://www.firmy.cz/detail/13703777-hospudka-u-mlejna-hradec-kralove-malsovice.html;4;52;15.854821;50.206885;"0, 3l Kuřecí vývar s masovými hroudami a restovanou kořenovou zeleninou na másle";"65 Kč"
https://www.firmy.cz/detail/13703777-hospudka-u-mlejna-hradec-kralove-malsovice.html;4;52;15.854821;50.206885;"0, 3l Mlynářský oukrop se sýrem a chlebovými krutony";"65 Kč"
https://www.firmy.cz/detail/13703777-hospudka-u-mlejna-hradec-kralove-malsovice.html;4;52;15.854821;50.206885;"0, 3l Polévka dle denní nabídky";"65 Kč"
https://www.firmy.cz/detail/13703777-hospudka-u-mlejna-hradec-kralove-malsovice.html;4;52;15.854821;50.206885;"Pečený roastbeef marinovaný v dijonské hořčici s křenovým dipem a stříbrnými cibulkami";"133 Kč"
https://www.firmy.cz/detail/13703777-hospudka-u-mlejna-hradec-kralove-malsovice.html;4;52;15.854821;50.206885;"Restovaná králičí játra na česneku a slanině v portském víně, provoněná majoránkou";"125 Kč"
https://www.firmy.cz/detail/13703777-hospudka-u-mlejna-hradec-kralove-malsovice.html;4;52;15.854821;50.206885;"60g Grilovaný sýr " Oštěpok" na topince s divokými brusinkami";"89 Kč"
https://www.firmy.cz/detail/13703777-hospudka-u-mlejna-hradec-kralove-malsovice.html;4;52;15.854821;50.206885;"100g Přírodní vepřové medailonky s opečenou sušenou šunkou a pečenou bramborou";"175 Kč"
https://www.firmy.cz/detail/13703777-hospudka-u-mlejna-hradec-kralove-malsovice.html;4;52;15.854821;50.206885;"100g Grilovaný kuřecí plátek s opečenými brambory a bylinkovým dresingem";"175 Kč"
https://www.firmy.cz/detail/13703777-hospudka-u-mlejna-hradec-kralove-malsovice.html;4;52;15.854821;50.206885;"100g Kuřecí nugetky v kukuřičné strouhance s vařeným bramborem, tatrská omáčka nebo kečup";"185 Kč"
https://www.firmy.cz/detail/13703777-hospudka-u-mlejna-hradec-kralove-malsovice.html;4;52;15.854821;50.206885;"250 - 300g Pečený pstruh po mlynářsku s čerstvými bylinkami se salátem z krouhaného zelí";"288 Kč"
https://www.firmy.cz/detail/13703777-hospudka-u-mlejna-hradec-kralove-malsovice.html;4;52;15.854821;50.206885;"200g Kapří filet na šalvějovém másle s restovanou brokolicí a ořechovou strouhankou, holandská omáčka a bylinková bageta";"295 Kč"
https://www.firmy.cz/detail/13703777-hospudka-u-mlejna-hradec-kralove-malsovice.html;4;52;15.854821;50.206885;"180g Grilovaný steak z candáta na cuketovo-žampionovém ragú";"299 Kč"
https://www.firmy.cz/detail/13703777-hospudka-u-mlejna-hradec-kralove-malsovice.html;4;52;15.854821;50.206885;"200g Dančí steak se švestkovým přelivem a slaninovou hruškou";"318 Kč"
https://www.firmy.cz/detail/13703777-hospudka-u-mlejna-hradec-kralove-malsovice.html;4;52;15.854821;50.206885;"200g Jelení medailonky na jalovci s lesní hříbkovou omáčkou a rozmarýnovými brambory";"318 Kč"
https://www.firmy.cz/detail/13703777-hospudka-u-mlejna-hradec-kralove-malsovice.html;4;52;15.854821;50.206885;"200g Kořeněný hovězí steak z rozpáleného grilu s bylinkovým máslem na zeleninovém salátu s rukolou a vinaigrettem";"285 Kč"
https://www.firmy.cz/detail/13703777-hospudka-u-mlejna-hradec-kralove-malsovice.html;4;52;15.854821;50.206885;"200g Hovězí steak na grilu s opečenou sušenou šunkou a selskými bramborami";"328 Kč"
https://www.firmy.cz/detail/13703777-hospudka-u-mlejna-hradec-kralove-malsovice.html;4;52;15.854821;50.206885;"200g Hovězí steak z roštěné s restovaným králičím jatýrkem na tymiánu";"293 Kč"
https://www.firmy.cz/detail/13703777-hospudka-u-mlejna-hradec-kralove-malsovice.html;4;52;15.854821;50.206885;"200g Filírovaná vepřová panenka s grilovanou zeleninou a pečenou bramborou se sýrovým dipem";"308 Kč"
https://www.firmy.cz/detail/13703777-hospudka-u-mlejna-hradec-kralove-malsovice.html;4;52;15.854821;50.206885;"250g Vepřové karé na barevném pepři se zelenými fazolkami na slaniněa šťouchanými bramborami";"298 Kč"
https://www.firmy.cz/detail/13703777-hospudka-u-mlejna-hradec-kralove-malsovice.html;4;52;15.854821;50.206885;"250g Vepřový steak z krkovičky na rozmarýnu s pikantní máslovou kukuřicí";"268 Kč"
https://www.firmy.cz/detail/13703777-hospudka-u-mlejna-hradec-kralove-malsovice.html;4;52;15.854821;50.206885;"300g Gilovaná krkovička na medvědím česneku s chlebovým vejcem a česnekovou majonézou";"288 Kč"
https://www.firmy.cz/detail/13703777-hospudka-u-mlejna-hradec-kralove-malsovice.html;4;52;15.854821;50.206885;"250g Vepřový kotlet " Švejk" plněný nivou s červeným zelím a bramboráčky";"295 Kč"
https://www.firmy.cz/detail/13703777-hospudka-u-mlejna-hradec-kralove-malsovice.html;4;52;15.854821;50.206885;"200g Bramborákový špalek s ďábelskou omáčkou a listy zelených salátů s rajčaty";"288 Kč"
https://www.firmy.cz/detail/13703777-hospudka-u-mlejna-hradec-kralove-malsovice.html;4;52;15.854821;50.206885;"600g Grilovaná vepřová žebra s barbecue marinádou servírovaná s jablečným křenem, okurkou, cibulkami, beraními rohy a čerstvým chlebem";"275 Kč"
https://www.firmy.cz/detail/13703777-hospudka-u-mlejna-hradec-kralove-malsovice.html;4;52;15.854821;50.206885;"200g Kuřecí steak na čerstvých bylinách s listovým salátem, cherry rajčaty a sezamovým semínkem";"238 Kč"
https://www.firmy.cz/detail/13703777-hospudka-u-mlejna-hradec-kralove-malsovice.html;4;52;15.854821;50.206885;"150g Bramboráčky s kuřecím masem zapečené nivou";"215 Kč"
https://www.firmy.cz/detail/13703777-hospudka-u-mlejna-hradec-kralove-malsovice.html;4;52;15.854821;50.206885;"150g Masová směs "Chilli" s paprikou, zakysanou smetanou a bramboráčky";"248 Kč"
https://www.firmy.cz/detail/13703777-hospudka-u-mlejna-hradec-kralove-malsovice.html;4;52;15.854821;50.206885;"150g Smažené vepřové nebo kuřecí řízečky s měsíčkem citrónu";"295 Kč"
https://www.firmy.cz/detail/13703777-hospudka-u-mlejna-hradec-kralove-malsovice.html;4;52;15.854821;50.206885;"120g Smažený hermelín s kuřecím masem";"168 Kč"
https://www.firmy.cz/detail/13703777-hospudka-u-mlejna-hradec-kralove-malsovice.html;4;52;15.854821;50.206885;"250g Linguini s kuřecím masem a brokolicí v sýrové omáčce";"195 Kč"
https://www.firmy.cz/detail/13703777-hospudka-u-mlejna-hradec-kralove-malsovice.html;4;52;15.854821;50.206885;"250g Linguini s rajčatovým pestem a kousky vepřové panenky a cherry rajčaty, parmezán";"218 Kč"
https://www.firmy.cz/detail/13703777-hospudka-u-mlejna-hradec-kralove-malsovice.html;4;52;15.854821;50.206885;"300g Linguini s pestem ze sušených rajčat a hoblinkami parmezánu";"168 Kč"
https://www.firmy.cz/detail/13703777-hospudka-u-mlejna-hradec-kralove-malsovice.html;4;52;15.854821;50.206885;"250g Smetanovétortelilny plněné špenátem s čerstvými žampiony a nivou, ochucené bazalkou a oregánem";"178 Kč"
https://www.firmy.cz/detail/13703777-hospudka-u-mlejna-hradec-kralove-malsovice.html;4;52;15.854821;50.206885;"300g Gratinované brambory na cibulce s brokolicí, zjemněné smetanou a zeleným salátem s cherry rajčat";"168 Kč"
https://www.firmy.cz/detail/13703777-hospudka-u-mlejna-hradec-kralove-malsovice.html;4;52;15.854821;50.206885;"200g Grilovaný sýr s grilovanou zeleninou a pečenými brambory s bylinkovým dresinkem";"208 Kč"
https://www.firmy.cz/detail/13703777-hospudka-u-mlejna-hradec-kralove-malsovice.html;4;52;15.854821;50.206885;"130g Smažený sýr";"145 Kč"
https://www.firmy.cz/detail/13703777-hospudka-u-mlejna-hradec-kralove-malsovice.html;4;52;15.854821;50.206885;"120g Smažený hermelín";"155 Kč"
https://www.firmy.cz/detail/13703777-hospudka-u-mlejna-hradec-kralove-malsovice.html;4;52;15.854821;50.206885;"200g Vařené brambory";"40 Kč"
https://www.firmy.cz/detail/13703777-hospudka-u-mlejna-hradec-kralove-malsovice.html;4;52;15.854821;50.206885;"200g Opečené brambory se slupkou";"45 Kč"
https://www.firmy.cz/detail/13703777-hospudka-u-mlejna-hradec-kralove-malsovice.html;4;52;15.854821;50.206885;"200g Šťouchané brambory se slaninou a pórkem";"63 Kč"
https://www.firmy.cz/detail/13703777-hospudka-u-mlejna-hradec-kralove-malsovice.html;4;52;15.854821;50.206885;"200g Restované brambory s cibulí a klobásou";"68 Kč"
https://www.firmy.cz/detail/13703777-hospudka-u-mlejna-hradec-kralove-malsovice.html;4;52;15.854821;50.206885;"3ks Bramboráčky 180g";"58 Kč"
https://www.firmy.cz/detail/13703777-hospudka-u-mlejna-hradec-kralove-malsovice.html;4;52;15.854821;50.206885;"150g Hranolky";"48 Kč"
https://www.firmy.cz/detail/13703777-hospudka-u-mlejna-hradec-kralove-malsovice.html;4;52;15.854821;50.206885;"150g Krokety";"53 Kč"
https://www.firmy.cz/detail/13703777-hospudka-u-mlejna-hradec-kralove-malsovice.html;4;52;15.854821;50.206885;"150g Bramborákové krokety";"58 Kč"
https://www.firmy.cz/detail/13703777-hospudka-u-mlejna-hradec-kralove-malsovice.html;4;52;15.854821;50.206885;"150g Zelené fazolky na slanině a česneku";"65 Kč"
https://www.firmy.cz/detail/13703777-hospudka-u-mlejna-hradec-kralove-malsovice.html;4;52;15.854821;50.206885;"200g Grilovaná zelenina";"70 Kč"
https://www.firmy.cz/detail/13703777-hospudka-u-mlejna-hradec-kralove-malsovice.html;4;52;15.854821;50.206885;"200g Míchaný zeleninový salát";"80 Kč"
https://www.firmy.cz/detail/13703777-hospudka-u-mlejna-hradec-kralove-malsovice.html;4;52;15.854821;50.206885;"175g Rozpečená bageta s bylinkovým máslem";"58 Kč"
https://www.firmy.cz/detail/13703777-hospudka-u-mlejna-hradec-kralove-malsovice.html;4;52;15.854821;50.206885;"200g Ošatka chleba";"26 Kč"
https://www.firmy.cz/detail/13703777-hospudka-u-mlejna-hradec-kralove-malsovice.html;4;52;15.854821;50.206885;"Pepřová omáčka";"40 Kč"
https://www.firmy.cz/detail/13703777-hospudka-u-mlejna-hradec-kralove-malsovice.html;4;52;15.854821;50.206885;"Čertovská omáčka";"40 Kč"
https://www.firmy.cz/detail/13703777-hospudka-u-mlejna-hradec-kralove-malsovice.html;4;52;15.854821;50.206885;"Houbová omáčka";"40 Kč"
https://www.firmy.cz/detail/13703777-hospudka-u-mlejna-hradec-kralove-malsovice.html;4;52;15.854821;50.206885;"Kečup";"15 Kč"
https://www.firmy.cz/detail/13703777-hospudka-u-mlejna-hradec-kralove-malsovice.html;4;52;15.854821;50.206885;"Hořčice";"15 Kč"
https://www.firmy.cz/detail/13703777-hospudka-u-mlejna-hradec-kralove-malsovice.html;4;52;15.854821;50.206885;"Česneková majonéza";"30 Kč"
https://www.firmy.cz/detail/13703777-hospudka-u-mlejna-hradec-kralove-malsovice.html;4;52;15.854821;50.206885;"Bylinkový dresing";"28 Kč"
https://www.firmy.cz/detail/13703777-hospudka-u-mlejna-hradec-kralove-malsovice.html;4;52;15.854821;50.206885;"Tatarská omáčka";"28 Kč"
https://www.firmy.cz/detail/13703777-hospudka-u-mlejna-hradec-kralove-malsovice.html;4;52;15.854821;50.206885;"Pikantní studená omáčka";"28 Kč"
https://www.firmy.cz/detail/13703777-hospudka-u-mlejna-hradec-kralove-malsovice.html;4;52;15.854821;50.206885;"Pikantní sladká omáčka";"30 Kč"
https://www.firmy.cz/detail/13703777-hospudka-u-mlejna-hradec-kralove-malsovice.html;4;52;15.854821;50.206885;"Jablečný křen";"20 Kč"
https://www.firmy.cz/detail/13703777-hospudka-u-mlejna-hradec-kralove-malsovice.html;4;52;15.854821;50.206885;"450g Zeleninový salát s grilovanou kukuřicí a plátky pečeného roastbeefu s pikantním dresingem a pečenými bramborami";"218 Kč"
https://www.firmy.cz/detail/13703777-hospudka-u-mlejna-hradec-kralove-malsovice.html;4;52;15.854821;50.206885;"450g Zeleninový salát s filírovaným hovězím masem 100g, vejcem a francouzským dresingem, bylinkové krutony";"218 Kč"
https://www.firmy.cz/detail/13703777-hospudka-u-mlejna-hradec-kralove-malsovice.html;4;52;15.854821;50.206885;"450g Zeleninový salát s trhanými listy salátů a gratinovaným kuřecím prsem, bylinkový dresing";"218 Kč"
https://www.firmy.cz/detail/13703777-hospudka-u-mlejna-hradec-kralove-malsovice.html;4;52;15.854821;50.206885;"350g Trhané listy salátů s hruškou, opečenou sušenou šunkou a modrým sýrem, medovo-hořčičný dresings křupavou bagetou";"199 Kč"
https://www.firmy.cz/detail/13703777-hospudka-u-mlejna-hradec-kralove-malsovice.html;4;52;15.854821;50.206885;"450g Vegetariánský salát";"218 Kč"
https://www.firmy.cz/detail/13703777-hospudka-u-mlejna-hradec-kralove-malsovice.html;4;52;15.854821;50.206885;"300g Zeleninový salát s balkánským sýrem";"165 Kč"
https://www.firmy.cz/detail/13703777-hospudka-u-mlejna-hradec-kralove-malsovice.html;4;52;15.854821;50.206885;"130g Tatarský biftek s čerstvým česnekem a křupavými topinkami /6ks/";"215 Kč"
https://www.firmy.cz/detail/13703777-hospudka-u-mlejna-hradec-kralove-malsovice.html;4;52;15.854821;50.206885;"150g Řezníkova tlačenka s čerstvou cibulkou a octem, čerstvý chléb";"89 Kč"
https://www.firmy.cz/detail/13703777-hospudka-u-mlejna-hradec-kralove-malsovice.html;4;52;15.854821;50.206885;"Grilovaný sýr na topince s divokými brusinkami";"89 Kč"
https://www.firmy.cz/detail/13703777-hospudka-u-mlejna-hradec-kralove-malsovice.html;4;52;15.854821;50.206885;"Nakládaný hermelín s pikantní omáčkou, čerstvý chléb";"110 Kč"
https://www.firmy.cz/detail/13703777-hospudka-u-mlejna-hradec-kralove-malsovice.html;4;52;15.854821;50.206885;"1ks Pečená klobása s křenem a hořčicí, čerstvý chléb";"95 Kč"
https://www.firmy.cz/detail/13703777-hospudka-u-mlejna-hradec-kralove-malsovice.html;4;52;15.854821;50.206885;"300g Smažené grundle v paprikové mouce s citronem a česnekovou majonézou";"135 Kč"
https://www.firmy.cz/detail/13703777-hospudka-u-mlejna-hradec-kralove-malsovice.html;4;52;15.854821;50.206885;"3 půlky Topinky s česnekem a strouhanou nivou nebo eidamem";"75 Kč"
https://www.firmy.cz/detail/13703777-hospudka-u-mlejna-hradec-kralove-malsovice.html;4;52;15.854821;50.206885;"100g Mistička marinovaných oliv";"115 Kč"
https://www.firmy.cz/detail/13703777-hospudka-u-mlejna-hradec-kralove-malsovice.html;4;52;15.854821;50.206885;"Staročeské lívance ve skořicovém cukru s javorovým sirupem a šlehačkou";"99 Kč"
https://www.firmy.cz/detail/13703777-hospudka-u-mlejna-hradec-kralove-malsovice.html;4;52;15.854821;50.206885;"Jablka v županu s vanilkovou zmrzlinou a šlehačkou";"115 Kč"
https://www.firmy.cz/detail/13703777-hospudka-u-mlejna-hradec-kralove-malsovice.html;4;52;15.854821;50.206885;"Palačinky s horkými borůvkami a citronovou zmrzlinou zdobené šlehačkou";"99 Kč"
https://www.firmy.cz/detail/13703777-hospudka-u-mlejna-hradec-kralove-malsovice.html;4;52;15.854821;50.206885;"Horké maliny s vanilkovou zmrzlinou a šlehačkou";"98 Kč"
https://www.firmy.cz/detail/13703777-hospudka-u-mlejna-hradec-kralove-malsovice.html;4;52;15.854821;50.206885;"Banán v belgické čokoládě";"98 Kč"
https://www.firmy.cz/detail/13703777-hospudka-u-mlejna-hradec-kralove-malsovice.html;4;52;15.854821;50.206885;"Čokoládový dort s malinovým přelivem a zakysanou smetanou";"75 Kč"
https://www.firmy.cz/detail/13703777-hospudka-u-mlejna-hradec-kralove-malsovice.html;4;52;15.854821;50.206885;"Kopeček zmrzliny";"30 Kč"
https://www.firmy.cz/detail/1695915-pivovarska-hospudka-s-bowlingem-rampusak-dobruska.html;4.5;46;16.160573;50.294612;;
https://www.firmy.cz/detail/13503510-pivovarsky-dum-benedict-praha-nove-mesto.html;4.7;114;14.423677;50.075451;"Bramboračka s houbami a zeleninou";"42 Kč"
https://www.firmy.cz/detail/13503510-pivovarsky-dum-benedict-praha-nove-mesto.html;4.7;114;14.423677;50.075451;"Slepičí vývar s celestýnskými nudlemi";"42 Kč"
https://www.firmy.cz/detail/13503510-pivovarsky-dum-benedict-praha-nove-mesto.html;4.7;114;14.423677;50.075451;"Dušená vepřová plec v mrkvi s mladou cibulkou a kmínem, vařené brambory s máslem a petrželkou";"169 Kč"
https://www.firmy.cz/detail/13503510-pivovarsky-dum-benedict-praha-nove-mesto.html;4.7;114;14.423677;50.075451;;
https://www.firmy.cz/detail/13503510-pivovarsky-dum-benedict-praha-nove-mesto.html;4.7;114;14.423677;50.075451;;
https://www.firmy.cz/detail/13503510-pivovarsky-dum-benedict-praha-nove-mesto.html;4.7;114;14.423677;50.075451;;
https://www.firmy.cz/detail/13503510-pivovarsky-dum-benedict-praha-nove-mesto.html;4.7;114;14.423677;50.075451;;
https://www.firmy.cz/detail/13039485-stodola-herink-herink.html;4.7;69;14.575496;49.967578;;
https://www.firmy.cz/detail/13175789-pasta-cafe-romana-havirov-podlesi.html;4.6;58;18.451877;49.780956;"0, 33l Uzený vývar s masem, kořenovou zeleninou a kroupami";"45 Kč"
https://www.firmy.cz/detail/13175789-pasta-cafe-romana-havirov-podlesi.html;4.6;58;18.451877;49.780956;"0, 33l Dršťková";"89 Kč"
https://www.firmy.cz/detail/13175789-pasta-cafe-romana-havirov-podlesi.html;4.6;58;18.451877;49.780956;"150g Smažené tvarůžky v trojobalu, vařený brambor, tatarská omáčka a zeleninová obloha";"225 Kč"
https://www.firmy.cz/detail/13175789-pasta-cafe-romana-havirov-podlesi.html;4.6;58;18.451877;49.780956;"150g Kuřecí prsíčko na grilu zapečené s broskví a sýrem Eidam, smažené krokety, domácí ďábelská omáčka a zeleninová obloha";"195 Kč"
https://www.firmy.cz/detail/13175789-pasta-cafe-romana-havirov-podlesi.html;4.6;58;18.451877;49.780956;"150g Katův šleh s domácími bramboráčky, sypané sýrem a zeleninová obloha";"189 Kč"
https://www.firmy.cz/detail/13175789-pasta-cafe-romana-havirov-podlesi.html;4.6;58;18.451877;49.780956;"150g Pštrosí vejce s máslovou bramborou kaší a zeleninová obloha";"189 Kč"
https://www.firmy.cz/detail/13175789-pasta-cafe-romana-havirov-podlesi.html;4.6;58;18.451877;49.780956;"150g Dukátové buchtičky s vanilkovým krémem a coulis z lesních plodů";"189 Kč"
https://www.firmy.cz/detail/13129077-hospudka-u-havlu-sokolovna-touzim-touzim.html;4.8;41;12.989984;50.058322;;
https://www.firmy.cz/detail/13821716-restaurace-hospudka-bobovka-lipno-lipno-nad-vltavou-slupecna.html;4.6;55;14.221776;48.646700;;
https://www.firmy.cz/detail/13464785-hostinec-racek-tynec-nad-labem.html;4.2;48;15.357479;50.042324;;
https://www.firmy.cz/detail/2332341-restaurace-panorama-rychnov-nad-kneznou.html;4.7;46;16.285951;50.169919;;
https://www.firmy.cz/detail/2004407-u-mateje-kotrby-restaurace-a-bar-praha-nove-mesto.html;4.5;68;14.416620;50.079464;;
https://www.firmy.cz/detail/13101540-baloncentrum-brestek.html;4.5;None;17.345110;49.105278;;
https://www.firmy.cz/detail/13915378-hospudka-u-musilu-lhotka-nad-labem.html;5;6;14.047046;50.525166;;
https://www.firmy.cz/detail/12866962-penzion-restaurant-u-hofmanu-praha-kobylisy.html;3.6;53;14.454215;50.122563;"130g Sví?ková na smetan?, houskový knedlík, brusinkový ter?";"195 Kč"
https://www.firmy.cz/detail/12866962-penzion-restaurant-u-hofmanu-praha-kobylisy.html;3.6;53;14.454215;50.122563;"130g Pe?ená vep?ová plec se zelím a houskovým knedlíkem";"155 Kč"
https://www.firmy.cz/detail/12866962-penzion-restaurant-u-hofmanu-praha-kobylisy.html;3.6;53;14.454215;50.122563;"130g Moravský vrabec se ?penátem a bramborovým knedlíkem";"165 Kč"
https://www.firmy.cz/detail/12866962-penzion-restaurant-u-hofmanu-praha-kobylisy.html;3.6;53;14.454215;50.122563;"130g Pe?ené kr?tí stehno (b. k) se ?penátem a bramborovým knedlíkem";"165 Kč"
https://www.firmy.cz/detail/12866962-penzion-restaurant-u-hofmanu-praha-kobylisy.html;3.6;53;14.454215;50.122563;"150g Sma?ený ku?ecí ?ízek s bramborem, okurka";"175 Kč"
https://www.firmy.cz/detail/12866962-penzion-restaurant-u-hofmanu-praha-kobylisy.html;3.6;53;14.454215;50.122563;"150g Sma?ený vep?ový ?ízek s bramborem, okurka";"175 Kč"
https://www.firmy.cz/detail/12866962-penzion-restaurant-u-hofmanu-praha-kobylisy.html;3.6;53;14.454215;50.122563;"150g Sma?ený kapr s bramborem";"165 Kč"
https://www.firmy.cz/detail/12866962-penzion-restaurant-u-hofmanu-praha-kobylisy.html;3.6;53;14.454215;50.122563;"150g Sma?ené kalamáry s bramborem a tatarskou omá?kou";"175 Kč"
https://www.firmy.cz/detail/12866962-penzion-restaurant-u-hofmanu-praha-kobylisy.html;3.6;53;14.454215;50.122563;"Polévka + Francouzské brambory, okurka";"165 Kč"
https://www.firmy.cz/detail/2589014-restaurace-u-sedleru-praha-nove-mesto.html;3.7;18;14.419194;50.077176;"0, 3 l Hovězí polévka s masem, nudlemi a zeleninou";"42 Kč"
https://www.firmy.cz/detail/2589014-restaurace-u-sedleru-praha-nove-mesto.html;3.7;18;14.419194;50.077176;"0, 3 l Hrachová s párkem";"42 Kč"
https://www.firmy.cz/detail/2589014-restaurace-u-sedleru-praha-nove-mesto.html;3.7;18;14.419194;50.077176;"250 g Pečené kuřecí stehno na másle a česneku s bramborovou kaší";"159 Kč"
https://www.firmy.cz/detail/2589014-restaurace-u-sedleru-praha-nove-mesto.html;3.7;18;14.419194;50.077176;"130 g Svíčková na smetaně s houskovým knedlíkem a brusinkami";"189 Kč"
https://www.firmy.cz/detail/2589014-restaurace-u-sedleru-praha-nove-mesto.html;3.7;18;14.419194;50.077176;"150 g Vepřová játra na cibulce s jasmínovou rýží";"165 Kč"
https://www.firmy.cz/detail/2589014-restaurace-u-sedleru-praha-nove-mesto.html;3.7;18;14.419194;50.077176;"150 g Mix grill / hovězí medailonek + kuřecí prso/ s bramborovými hranolky a sýrovým dipem";"219 Kč"
https://www.firmy.cz/detail/2589014-restaurace-u-sedleru-praha-nove-mesto.html;3.7;18;14.419194;50.077176;"1 Ks Burrito s kuřecím masem, ledovým salátem, rajčetem, kukuřicí a paprikou, pečené brambory a limetkový dip";"179 Kč"
https://www.firmy.cz/detail/2589014-restaurace-u-sedleru-praha-nove-mesto.html;3.7;18;14.419194;50.077176;"180 g Smažená hlíva ústřičná s vařeným bramborem a tat. omáčkou";"162 Kč"
https://www.firmy.cz/detail/2589014-restaurace-u-sedleru-praha-nove-mesto.html;3.7;18;14.419194;50.077176;"150 g Rajčatový s bílou cibulí";"59 Kč"
https://www.firmy.cz/detail/2589014-restaurace-u-sedleru-praha-nove-mesto.html;3.7;18;14.419194;50.077176;"1 Ks Dort od našeho cukráře dle nabídky";"89 Kč"
https://www.firmy.cz/detail/2589014-restaurace-u-sedleru-praha-nove-mesto.html;3.7;18;14.419194;50.077176;"1 Ks Větrník od našeho cukráře";"69 Kč"
https://www.firmy.cz/detail/2589014-restaurace-u-sedleru-praha-nove-mesto.html;3.7;18;14.419194;50.077176;"Polední menu: Polévka dle výběru + Pečené kuřecí stehno na másle a česneku s bramborovou kaší";"169 Kč"
https://www.firmy.cz/detail/2589014-restaurace-u-sedleru-praha-nove-mesto.html;3.7;18;14.419194;50.077176;"150 g Hovězí tatarák z falešné svíčkové, sekaná cibulka, koření, česnekové topinky";"249 Kč"
https://www.firmy.cz/detail/2589014-restaurace-u-sedleru-praha-nove-mesto.html;3.7;18;14.419194;50.077176;"150 g Grilované klobásky dle nabídky /jehněčí, telecí, vepřové/, dva druhy hořčice, salát z kysaného zelí";"189 Kč"
https://www.firmy.cz/detail/2589014-restaurace-u-sedleru-praha-nove-mesto.html;3.7;18;14.419194;50.077176;"3 Ks Olomoucké tvarůžky ve slanině balené a v pivním těstíčku smažené, hořčice, cibulka";"149 Kč"
https://www.firmy.cz/detail/2589014-restaurace-u-sedleru-praha-nove-mesto.html;3.7;18;14.419194;50.077176;"200 g Hovězí steak dle nabídky, silná omáčka se zeleným pepřem, bramborové hranolky";"319 Kč"
https://www.firmy.cz/detail/2589014-restaurace-u-sedleru-praha-nove-mesto.html;3.7;18;14.419194;50.077176;"200 g Filírovaná vepřová panenka, smetanová omáčka s liškami, šťouchané brambory";"299 Kč"
https://www.firmy.cz/detail/2589014-restaurace-u-sedleru-praha-nove-mesto.html;3.7;18;14.419194;50.077176;"1300 g Vepřové koleno pečené do křupava, petrželové pesto, salát z kysaného zelí, hořčice, křen";"329 Kč"
https://www.firmy.cz/detail/2589014-restaurace-u-sedleru-praha-nove-mesto.html;3.7;18;14.419194;50.077176;"200 g Tradiční svíčková na smetaně s brusinkami, houskovým a karlovarským knedlíkem";"249 Kč"
https://www.firmy.cz/detail/2589014-restaurace-u-sedleru-praha-nove-mesto.html;3.7;18;14.419194;50.077176;"250 g Smažený vepřový řízek "Sloní ucho", šťouchané brambory";"249 Kč"
https://www.firmy.cz/detail/2589014-restaurace-u-sedleru-praha-nove-mesto.html;3.7;18;14.419194;50.077176;"200 g Smažené kuřecí řízečky v bylinkové strouhance, šťouchané brambory";"229 Kč"
https://www.firmy.cz/detail/2589014-restaurace-u-sedleru-praha-nove-mesto.html;3.7;18;14.419194;50.077176;"120 g Smažený sýr Gouda, šťouchané brambory, tatarská omáčka";"209 Kč"
https://www.firmy.cz/detail/2589014-restaurace-u-sedleru-praha-nove-mesto.html;3.7;18;14.419194;50.077176;"200 g Lišky na smetaně s karlovarským knedlíkem";"189 Kč"
https://www.firmy.cz/detail/2589014-restaurace-u-sedleru-praha-nove-mesto.html;3.7;18;14.419194;50.077176;"200 g Pivní chilli guláš s hovězího krku s červenou cibulí a chilli papričkou";"229 Kč"
https://www.firmy.cz/detail/2589014-restaurace-u-sedleru-praha-nove-mesto.html;3.7;18;14.419194;50.077176;"200 g Klasický poctivý hospodský guláš z hovězího krku s bílou cibulí";"229 Kč"
https://www.firmy.cz/detail/2589014-restaurace-u-sedleru-praha-nove-mesto.html;3.7;18;14.419194;50.077176;"200 g Segedínský guláš z vepřové plece se šlehačkou a slninovým chipsem";"229 Kč"
https://www.firmy.cz/detail/2589014-restaurace-u-sedleru-praha-nove-mesto.html;3.7;18;14.419194;50.077176;"200 g Guláš z kančích líček s bylinkami a brusinkami";"269 Kč"
https://www.firmy.cz/detail/2589014-restaurace-u-sedleru-praha-nove-mesto.html;3.7;18;14.419194;50.077176;"1 Ks Utopenec z davelských špekáčků u nás naložený s cibulí a feferonkou";"79 Kč"
https://www.firmy.cz/detail/2589014-restaurace-u-sedleru-praha-nove-mesto.html;3.7;18;14.419194;50.077176;"120 g Světlá tlačenka od Nováka s cibulí, octem a peřem";"110 Kč"
https://www.firmy.cz/detail/2589014-restaurace-u-sedleru-praha-nove-mesto.html;3.7;18;14.419194;50.077176;"120 Matesy ala losos s červenou cibulí a citronem";"119 Kč"
https://www.firmy.cz/detail/2589014-restaurace-u-sedleru-praha-nove-mesto.html;3.7;18;14.419194;50.077176;"100 g Tatarák z pivního sýra s cibulkou, hořčicí a opečeným chlebem";"139 Kč"
https://www.firmy.cz/detail/2589014-restaurace-u-sedleru-praha-nove-mesto.html;3.7;18;14.419194;50.077176;"1 Ks Pikantní Hermelín u nasá naložený s červenou cibulí a feferonkou";"109 Kč"
https://www.firmy.cz/detail/2589014-restaurace-u-sedleru-praha-nove-mesto.html;3.7;18;14.419194;50.077176;"150 g Staropražské smažené grundle s citronem, petrželí a česnekovým Aioli";"149 Kč"
https://www.firmy.cz/detail/2589014-restaurace-u-sedleru-praha-nove-mesto.html;3.7;18;14.419194;50.077176;"1 Ks Talián od Dilejších ohřívaný ve vývaru, podávaný s hořčicí a smetanovým křenem";"99 Kč"
https://www.firmy.cz/detail/2589014-restaurace-u-sedleru-praha-nove-mesto.html;3.7;18;14.419194;50.077176;"400 g Caesar salát s kuřecím masem se slaninou, krutony, trhanými saláty a ančovičkoým dresinkem";"199 Kč"
https://www.firmy.cz/detail/2589014-restaurace-u-sedleru-praha-nove-mesto.html;3.7;18;14.419194;50.077176;"300 g Šopský salát s balkánským sýrem";"89 Kč"
https://www.firmy.cz/detail/2589014-restaurace-u-sedleru-praha-nove-mesto.html;3.7;18;14.419194;50.077176;"150 g Salát z kysaného zelí";"39 Kč"
https://www.firmy.cz/detail/2589014-restaurace-u-sedleru-praha-nove-mesto.html;3.7;18;14.419194;50.077176;"3 Ks Lívance s máslem, skořicí a šlehačkou";"89 Kč"
https://www.firmy.cz/detail/2589014-restaurace-u-sedleru-praha-nove-mesto.html;3.7;18;14.419194;50.077176;"2 Ks Ovocné knedlíky dle nabídky s cukrem, máslem a tvarohem";"99 Kč"
https://www.firmy.cz/detail/2589014-restaurace-u-sedleru-praha-nove-mesto.html;3.7;18;14.419194;50.077176;"200 g Domácí karlovarský knedlík";"50 Kč"
https://www.firmy.cz/detail/2589014-restaurace-u-sedleru-praha-nove-mesto.html;3.7;18;14.419194;50.077176;"260 g Knedlík houskový aneb klasických "šest"";"45 Kč"
https://www.firmy.cz/detail/2589014-restaurace-u-sedleru-praha-nove-mesto.html;3.7;18;14.419194;50.077176;"4 Ks Domácí bramboráčky";"49 Kč"
https://www.firmy.cz/detail/2589014-restaurace-u-sedleru-praha-nove-mesto.html;3.7;18;14.419194;50.077176;"200 g Šťouhané brambory s cibulkou a slaninou";"40 Kč"
https://www.firmy.cz/detail/2589014-restaurace-u-sedleru-praha-nove-mesto.html;3.7;18;14.419194;50.077176;"200 g Bramborové hranolky";"49 Kč"
https://www.firmy.cz/detail/2589014-restaurace-u-sedleru-praha-nove-mesto.html;3.7;18;14.419194;50.077176;"200 g Domácí americké brambory";"49 Kč"
https://www.firmy.cz/detail/13072330-zahradni-restaurace-miminoo-praha-zizkov.html;4.2;59;14.450763;50.080985;;
https://www.firmy.cz/detail/13264069-chatovy-tabor-maly-ratmirov-blazejov-maly-ratmirov.html;4.2;39;15.116193;49.140481;;
https://www.firmy.cz/detail/661662-krcma-u-pavouka-praha-stare-mesto.html;3.6;37;14.424618;50.087437;;
https://www.firmy.cz/detail/13048962-hostinec-obora-slatinany-trpisov.html;4.4;102;15.797196;49.888932;;
https://www.firmy.cz/detail/13436103-orlice-bar-club-hradec-kralove-slezske-predmesti.html;4.4;3;15.856921;50.215468;;
https://www.firmy.cz/detail/13568397-pivni-bar-cerna-ruka-praha-vinohrady.html;5;4;14.447955;50.078005;;
https://www.firmy.cz/detail/13152117-sauna-stramberk-stramberk.html;4.9;6;18.122846;49.586704;;
https://www.firmy.cz/detail/13465331-chaozz-bar-u-tri-mostu-usti-nad-orlici-hylvaty.html;4.7;7;16.413097;49.953832;"Bramborová";"20 Kč"
https://www.firmy.cz/detail/13465331-chaozz-bar-u-tri-mostu-usti-nad-orlici-hylvaty.html;4.7;7;16.413097;49.953832;"Čínské nudle s kuřecím masem a zeleninou";"120 Kč"
https://www.firmy.cz/detail/13465331-chaozz-bar-u-tri-mostu-usti-nad-orlici-hylvaty.html;4.7;7;16.413097;49.953832;"Pštrosí vejce, vařené brambory";"120 Kč"
https://www.firmy.cz/detail/13465331-chaozz-bar-u-tri-mostu-usti-nad-orlici-hylvaty.html;4.7;7;16.413097;49.953832;"Vepřový řízek, vařené brambory";"120 Kč"
https://www.firmy.cz/detail/13465331-chaozz-bar-u-tri-mostu-usti-nad-orlici-hylvaty.html;4.7;7;16.413097;49.953832;"Kuřecí steak se sýrovým dipem";"225 Kč"
https://www.firmy.cz/detail/13465331-chaozz-bar-u-tri-mostu-usti-nad-orlici-hylvaty.html;4.7;7;16.413097;49.953832;"Kuřecí steak s bylinkovým dipem";"225 Kč"
https://www.firmy.cz/detail/13465331-chaozz-bar-u-tri-mostu-usti-nad-orlici-hylvaty.html;4.7;7;16.413097;49.953832;"Kachní steak s medovo – hořčičným dipem";"235 Kč"
https://www.firmy.cz/detail/13465331-chaozz-bar-u-tri-mostu-usti-nad-orlici-hylvaty.html;4.7;7;16.413097;49.953832;"Kachní steak na černém pivu";"235 Kč"
https://www.firmy.cz/detail/13465331-chaozz-bar-u-tri-mostu-usti-nad-orlici-hylvaty.html;4.7;7;16.413097;49.953832;"Přírodní steak z vepřové krkovice 500g";"365 Kč"
https://www.firmy.cz/detail/13465331-chaozz-bar-u-tri-mostu-usti-nad-orlici-hylvaty.html;4.7;7;16.413097;49.953832;"Steak z vepřové krkovice se sweet chilli omáčkou";"235 Kč"
https://www.firmy.cz/detail/13465331-chaozz-bar-u-tri-mostu-usti-nad-orlici-hylvaty.html;4.7;7;16.413097;49.953832;"Steak z vepřové panenky s pepřovým dipem";"245 Kč"
https://www.firmy.cz/detail/13465331-chaozz-bar-u-tri-mostu-usti-nad-orlici-hylvaty.html;4.7;7;16.413097;49.953832;"Steak z vepřové panenky se švestkovou omáčkou";"245 Kč"
https://www.firmy.cz/detail/13465331-chaozz-bar-u-tri-mostu-usti-nad-orlici-hylvaty.html;4.7;7;16.413097;49.953832;"Flank steak s dipem z červeného vína a hořčicí";"295 Kč"
https://www.firmy.cz/detail/13465331-chaozz-bar-u-tri-mostu-usti-nad-orlici-hylvaty.html;4.7;7;16.413097;49.953832;"Steak z lososa s citronovým dipem";"255 Kč"
https://www.firmy.cz/detail/13465331-chaozz-bar-u-tri-mostu-usti-nad-orlici-hylvaty.html;4.7;7;16.413097;49.953832;"Steak z lososa na bylinkách";"255 Kč"
https://www.firmy.cz/detail/13465331-chaozz-bar-u-tri-mostu-usti-nad-orlici-hylvaty.html;4.7;7;16.413097;49.953832;"Hranolky";"45 Kč"
https://www.firmy.cz/detail/13465331-chaozz-bar-u-tri-mostu-usti-nad-orlici-hylvaty.html;4.7;7;16.413097;49.953832;"Krokety";"45 Kč"
https://www.firmy.cz/detail/13465331-chaozz-bar-u-tri-mostu-usti-nad-orlici-hylvaty.html;4.7;7;16.413097;49.953832;"Pečené brambory";"45 Kč"
https://www.firmy.cz/detail/13465331-chaozz-bar-u-tri-mostu-usti-nad-orlici-hylvaty.html;4.7;7;16.413097;49.953832;"Americké brambory";"45 Kč"
https://www.firmy.cz/detail/13465331-chaozz-bar-u-tri-mostu-usti-nad-orlici-hylvaty.html;4.7;7;16.413097;49.953832;"Domácí bramborové chipsy s dipem";"95 Kč"
https://www.firmy.cz/detail/13465331-chaozz-bar-u-tri-mostu-usti-nad-orlici-hylvaty.html;4.7;7;16.413097;49.953832;"Cibulové kroužky s pikantním dipem";"55 Kč"
https://www.firmy.cz/detail/13465331-chaozz-bar-u-tri-mostu-usti-nad-orlici-hylvaty.html;4.7;7;16.413097;49.953832;"Utopenec s chlebem";"79 Kč"
https://www.firmy.cz/detail/13465331-chaozz-bar-u-tri-mostu-usti-nad-orlici-hylvaty.html;4.7;7;16.413097;49.953832;"Nakládaný hermelín s chlebem";"82 Kč"
https://www.firmy.cz/detail/13465331-chaozz-bar-u-tri-mostu-usti-nad-orlici-hylvaty.html;4.7;7;16.413097;49.953832;"Pikantní klobása s chlebem";"79 Kč"
https://www.firmy.cz/detail/13465331-chaozz-bar-u-tri-mostu-usti-nad-orlici-hylvaty.html;4.7;7;16.413097;49.953832;"Topinka s kuřecí směsí";"125 Kč"
https://www.firmy.cz/detail/13465331-chaozz-bar-u-tri-mostu-usti-nad-orlici-hylvaty.html;4.7;7;16.413097;49.953832;"Chicken twister";"155 Kč"
https://www.firmy.cz/detail/13465331-chaozz-bar-u-tri-mostu-usti-nad-orlici-hylvaty.html;4.7;7;16.413097;49.953832;"Pikantní twister";"155 Kč"
https://www.firmy.cz/detail/13465331-chaozz-bar-u-tri-mostu-usti-nad-orlici-hylvaty.html;4.7;7;16.413097;49.953832;"CHEESEBURGER";"145 Kč"
https://www.firmy.cz/detail/13465331-chaozz-bar-u-tri-mostu-usti-nad-orlici-hylvaty.html;4.7;7;16.413097;49.953832;"SEBI BURGER (bulka, 150g maso, slanina, okurek, smaž. cibulka, rajče, salát, dresing, sýr";"155 Kč"
https://www.firmy.cz/detail/13465331-chaozz-bar-u-tri-mostu-usti-nad-orlici-hylvaty.html;4.7;7;16.413097;49.953832;"SEB -EYE BURGE";"165 Kč"
https://www.firmy.cz/detail/13465331-chaozz-bar-u-tri-mostu-usti-nad-orlici-hylvaty.html;4.7;7;16.413097;49.953832;"Chalupářská pizza";"149 Kč"
https://www.firmy.cz/detail/13465331-chaozz-bar-u-tri-mostu-usti-nad-orlici-hylvaty.html;4.7;7;16.413097;49.953832;"Ďábelská pizza";"149 Kč"
https://www.firmy.cz/detail/13465331-chaozz-bar-u-tri-mostu-usti-nad-orlici-hylvaty.html;4.7;7;16.413097;49.953832;"Chaozz pizza";"159 Kč"
https://www.firmy.cz/detail/13465331-chaozz-bar-u-tri-mostu-usti-nad-orlici-hylvaty.html;4.7;7;16.413097;49.953832;"Sýrová pizza";"149 Kč"
https://www.firmy.cz/detail/13465331-chaozz-bar-u-tri-mostu-usti-nad-orlici-hylvaty.html;4.7;7;16.413097;49.953832;"Pizza s kuřecím masem";"159 Kč"
https://www.firmy.cz/detail/13465331-chaozz-bar-u-tri-mostu-usti-nad-orlici-hylvaty.html;4.7;7;16.413097;49.953832;"Smažený sýr";"120 Kč"
https://www.firmy.cz/detail/13465331-chaozz-bar-u-tri-mostu-usti-nad-orlici-hylvaty.html;4.7;7;16.413097;49.953832;"Smažené kuřecí stripsy";"110 Kč"
https://www.firmy.cz/detail/13465331-chaozz-bar-u-tri-mostu-usti-nad-orlici-hylvaty.html;4.7;7;16.413097;49.953832;"Smažené tvarůžky";"95 Kč"
https://www.firmy.cz/detail/2220349-restaurace-u-blekotu-praha-kobylisy.html;4.4;70;14.456530;50.130522;"150g "Čertovy vidle" (kousky kuřecího masa, cibule, niva, smetana) , bramborové krokety";"169 Kč"
https://www.firmy.cz/detail/2220349-restaurace-u-blekotu-praha-kobylisy.html;4.4;70;14.456530;50.130522;"180g Westernové mexico fazole "CALVERA" s klobásou, čerstvý chléb";"162 Kč"
https://www.firmy.cz/detail/2220349-restaurace-u-blekotu-praha-kobylisy.html;4.4;70;14.456530;50.130522;"250g Pečené kuřecí stehno po italsku "ROMA" (sušené rajčata + česnek) s jasmínovou rýží";"157 Kč"
https://www.firmy.cz/detail/2220349-restaurace-u-blekotu-praha-kobylisy.html;4.4;70;14.456530;50.130522;"150g Rajská omáčka s hovězím masem a těstovinami (kolínka)";"169 Kč"
https://www.firmy.cz/detail/2220349-restaurace-u-blekotu-praha-kobylisy.html;4.4;70;14.456530;50.130522;"120g Tortilla s masovou směsí a zeleninou, strouhaný sýr";"165 Kč"
https://www.firmy.cz/detail/2220349-restaurace-u-blekotu-praha-kobylisy.html;4.4;70;14.456530;50.130522;"150g Smažený vepřový řízek s vařenýn bramborem, okurkou a citronem";"169 Kč"
https://www.firmy.cz/detail/2220349-restaurace-u-blekotu-praha-kobylisy.html;4.4;70;14.456530;50.130522;"150g Vepřová plec po selsku s červeným zelím a bramborovým knedlíkem";"159 Kč"
https://www.firmy.cz/detail/2220349-restaurace-u-blekotu-praha-kobylisy.html;4.4;70;14.456530;50.130522;"1ks Medovník se šlehačkou";"65 Kč"
https://www.firmy.cz/detail/2220349-restaurace-u-blekotu-praha-kobylisy.html;4.4;70;14.456530;50.130522;"1ks Pistáciový Cheesecake";"99 Kč"
https://www.firmy.cz/detail/2220349-restaurace-u-blekotu-praha-kobylisy.html;4.4;70;14.456530;50.130522;"1ks Banán v čokoládě se šlehačkou";"59 Kč"
https://www.firmy.cz/detail/2220349-restaurace-u-blekotu-praha-kobylisy.html;4.4;70;14.456530;50.130522;"0, 33l Polévka dle denní nabídky";"65 Kč"
https://www.firmy.cz/detail/2220349-restaurace-u-blekotu-praha-kobylisy.html;4.4;70;14.456530;50.130522;"150g Tatarský biftek z hovězí roštěné, topinky";"249 Kč"
https://www.firmy.cz/detail/2220349-restaurace-u-blekotu-praha-kobylisy.html;4.4;70;14.456530;50.130522;"1ks Nakládaný hermelín, vlastní výroba, chléb";"109 Kč"
https://www.firmy.cz/detail/2220349-restaurace-u-blekotu-praha-kobylisy.html;4.4;70;14.456530;50.130522;"100g Škvarková pomazánka, vlastní výroba, chléb";"95 Kč"
https://www.firmy.cz/detail/2220349-restaurace-u-blekotu-praha-kobylisy.html;4.4;70;14.456530;50.130522;"80g Carpaccio, bazalkové pesto, rukola, bagetka, parmazán, olivový olej";"175 Kč"
https://www.firmy.cz/detail/2220349-restaurace-u-blekotu-praha-kobylisy.html;4.4;70;14.456530;50.130522;"150g Tlačenka od řezníka Heřmana, cibule, chléb";"95 Kč"
https://www.firmy.cz/detail/2220349-restaurace-u-blekotu-praha-kobylisy.html;4.4;70;14.456530;50.130522;"1ks Klobása na grilu, čerstvý struhaný křen, hořčice, chléb";"115 Kč"
https://www.firmy.cz/detail/2220349-restaurace-u-blekotu-praha-kobylisy.html;4.4;70;14.456530;50.130522;"120g Grilovaný hermelín, brusinky, toustový chléb";"139 Kč"
https://www.firmy.cz/detail/2220349-restaurace-u-blekotu-praha-kobylisy.html;4.4;70;14.456530;50.130522;"200g Kuřecí prsní steak s anglickou slaninou, chléb";"219 Kč"
https://www.firmy.cz/detail/2220349-restaurace-u-blekotu-praha-kobylisy.html;4.4;70;14.456530;50.130522;"250g Vepřový steak z krkovice, grilovaná paprika, chléb";"239 Kč"
https://www.firmy.cz/detail/2220349-restaurace-u-blekotu-praha-kobylisy.html;4.4;70;14.456530;50.130522;"350g Vepřová kotleta se sázeným vejcem, chléb";"255 Kč"
https://www.firmy.cz/detail/2220349-restaurace-u-blekotu-praha-kobylisy.html;4.4;70;14.456530;50.130522;"200g Vepřové medajlonky z panenky s restovanou cibulkou, chléb";"249 Kč"
https://www.firmy.cz/detail/2220349-restaurace-u-blekotu-praha-kobylisy.html;4.4;70;14.456530;50.130522;"250g Jihoamerický hovězí steak z vysoké roštěné (Rib Eye) , chléb";"329 Kč"
https://www.firmy.cz/detail/2220349-restaurace-u-blekotu-praha-kobylisy.html;4.4;70;14.456530;50.130522;"250g Hovězí Rumpsteak, chléb";"309 Kč"
https://www.firmy.cz/detail/2220349-restaurace-u-blekotu-praha-kobylisy.html;4.4;70;14.456530;50.130522;"200g Katův šleh s chilli papričkami, chléb";"199 Kč"
https://www.firmy.cz/detail/2220349-restaurace-u-blekotu-praha-kobylisy.html;4.4;70;14.456530;50.130522;"500g Pečená vepřová žebra, zelný salát, barbecue omáčka, česnekový dip, strouhaný křen, chléb";"219 Kč"
https://www.firmy.cz/detail/2220349-restaurace-u-blekotu-praha-kobylisy.html;4.4;70;14.456530;50.130522;"150g Smažený kuřecí/vepřový řízek, citron";"185 Kč"
https://www.firmy.cz/detail/2220349-restaurace-u-blekotu-praha-kobylisy.html;4.4;70;14.456530;50.130522;"120g Smažený sýr eidam 40%, vlastní výroba, obloha";"115 Kč"
https://www.firmy.cz/detail/2220349-restaurace-u-blekotu-praha-kobylisy.html;4.4;70;14.456530;50.130522;"100g Smažený hermelín, obloha";"115 Kč"
https://www.firmy.cz/detail/2220349-restaurace-u-blekotu-praha-kobylisy.html;4.4;70;14.456530;50.130522;"70g Smažený kuřecí řízek pro děti, hranolky, kečup";"135 Kč"
https://www.firmy.cz/detail/2220349-restaurace-u-blekotu-praha-kobylisy.html;4.4;70;14.456530;50.130522;"200g Hot Mexican burger s hranolky hovězí Angus, Chilli Rawit paprička, sýr Cheddar, ledový salát, pikantní dresink, opečená houska, hranolky Julienne";"239 Kč"
https://www.firmy.cz/detail/2220349-restaurace-u-blekotu-praha-kobylisy.html;4.4;70;14.456530;50.130522;"200g Hovězí Bacon Cheddar Burger s hranolky hovězí Angus, sýr Cheddar, dresink, slanina, zelenina, opečená houska, hranolky Julienne";"239 Kč"
https://www.firmy.cz/detail/2220349-restaurace-u-blekotu-praha-kobylisy.html;4.4;70;14.456530;50.130522;"150g Okurkový salát";"89 Kč"
https://www.firmy.cz/detail/2220349-restaurace-u-blekotu-praha-kobylisy.html;4.4;70;14.456530;50.130522;"150g Šopský salát okurky, rajčata, papriky, balkánský sýr, olivový olej";"99 Kč"
https://www.firmy.cz/detail/2220349-restaurace-u-blekotu-praha-kobylisy.html;4.4;70;14.456530;50.130522;"300g Lehký zeleninový salát s grilovaným kuřecím masem";"209 Kč"
https://www.firmy.cz/detail/2220349-restaurace-u-blekotu-praha-kobylisy.html;4.4;70;14.456530;50.130522;"250g Caesar salát římský salát, kuřecí prsa, žemlové krutony, ančovičkový dresink, plátky slaniny";"209 Kč"
https://www.firmy.cz/detail/2220349-restaurace-u-blekotu-praha-kobylisy.html;4.4;70;14.456530;50.130522;"300g Mix listových salátů saláty, mozzarella, cherry rajčata, rukola, olivový olej";"165 Kč"
https://www.firmy.cz/detail/2220349-restaurace-u-blekotu-praha-kobylisy.html;4.4;70;14.456530;50.130522;"200g Hranolky Julianne (tenké)";"49 Kč"
https://www.firmy.cz/detail/2220349-restaurace-u-blekotu-praha-kobylisy.html;4.4;70;14.456530;50.130522;"200g Krokety";"50 Kč"
https://www.firmy.cz/detail/2220349-restaurace-u-blekotu-praha-kobylisy.html;4.4;70;14.456530;50.130522;"200g Grilované zelené fazolky se slaninou";"69 Kč"
https://www.firmy.cz/detail/2220349-restaurace-u-blekotu-praha-kobylisy.html;4.4;70;14.456530;50.130522;"200g Grilovaná zelenina";"75 Kč"
https://www.firmy.cz/detail/2220349-restaurace-u-blekotu-praha-kobylisy.html;4.4;70;14.456530;50.130522;"Tatarská omáčka, vlastní výroba";"35 Kč"
https://www.firmy.cz/detail/2220349-restaurace-u-blekotu-praha-kobylisy.html;4.4;70;14.456530;50.130522;"Blekotova omáčka";"35 Kč"
https://www.firmy.cz/detail/2220349-restaurace-u-blekotu-praha-kobylisy.html;4.4;70;14.456530;50.130522;"Pepřová omáčka";"35 Kč"
https://www.firmy.cz/detail/2220349-restaurace-u-blekotu-praha-kobylisy.html;4.4;70;14.456530;50.130522;"Hříbková omáčka";"35 Kč"
https://www.firmy.cz/detail/2220349-restaurace-u-blekotu-praha-kobylisy.html;4.4;70;14.456530;50.130522;"Kopeček zmrzliny na výběr vanilka nebo vlašský ořech";"29 Kč"
https://www.firmy.cz/detail/2220349-restaurace-u-blekotu-praha-kobylisy.html;4.4;70;14.456530;50.130522;"Banán v čokoládě banán, šlehačka, čokoládová poleva";"75 Kč"
https://www.firmy.cz/detail/2220349-restaurace-u-blekotu-praha-kobylisy.html;4.4;70;14.456530;50.130522;"Banánový pohár vanilková zmrzlina, banán, čokoládová poleva, šlehačka";"105 Kč"
https://www.firmy.cz/detail/2220349-restaurace-u-blekotu-praha-kobylisy.html;4.4;70;14.456530;50.130522;"Horká láska vanilková zmrzlina, horké maliny, šlehačka";"105 Kč"
https://www.firmy.cz/detail/13111587-pivnice-klondike-rychnov-nad-kneznou.html;4.1;10;16.274255;50.158192;;
https://www.firmy.cz/detail/13297627-spravovna-praha-zizkov.html;4.1;23;14.448408;50.079143;"Mrkvový krém se zázvorem";"49 Kč"
https://www.firmy.cz/detail/13297627-spravovna-praha-zizkov.html;4.1;23;14.448408;50.079143;"Bramborové noky s mozzarellou a cuketou, pomodoro omáčka, bazalka";"179 Kč"
https://www.firmy.cz/detail/13297627-spravovna-praha-zizkov.html;4.1;23;14.448408;50.079143;"Šunka od kosti pečená na medu, bramborová kaše, vejmrda";"189 Kč"
https://www.firmy.cz/detail/13297627-spravovna-praha-zizkov.html;4.1;23;14.448408;50.079143;"Hovězí kýta na houbách, variace knedlíků";"199 Kč"
https://www.firmy.cz/detail/13297627-spravovna-praha-zizkov.html;4.1;23;14.448408;50.079143;"Zeleninový salát s parmskou šunkou a kozím sýrem, dýńová semínka, balsamico dresink";"179 Kč"
https://www.firmy.cz/detail/13297627-spravovna-praha-zizkov.html;4.1;23;14.448408;50.079143;"Smažený sýr (Eidam) v bylinkové strouhance, hranolky, domácí tatarka";"179 Kč"
https://www.firmy.cz/detail/13297627-spravovna-praha-zizkov.html;4.1;23;14.448408;50.079143;"Kuřecí Supreme na grilu, pappardelle s chřestovou omáčkou, parmezán";"229 Kč"
https://www.firmy.cz/detail/13297627-spravovna-praha-zizkov.html;4.1;23;14.448408;50.079143;"SALÁT Rajčatový s cibulkou";"69 Kč"
https://www.firmy.cz/detail/13297627-spravovna-praha-zizkov.html;4.1;23;14.448408;50.079143;"DEZERT Buchtičky s vanilkovým krémem, máta";"79 Kč"
https://www.firmy.cz/detail/13297627-spravovna-praha-zizkov.html;4.1;23;14.448408;50.079143;"Škvarková pomazánka, šalotka, chléb";"125 Kč"
https://www.firmy.cz/detail/13297627-spravovna-praha-zizkov.html;4.1;23;14.448408;50.079143;"Telecí paštika brusinkové sádlo, chléb";"165 Kč"
https://www.firmy.cz/detail/13297627-spravovna-praha-zizkov.html;4.1;23;14.448408;50.079143;"Zavináče, nakládané zelí Koprová zálivka";"155 Kč"
https://www.firmy.cz/detail/13297627-spravovna-praha-zizkov.html;4.1;23;14.448408;50.079143;"Lahůdkový maxi chlebíček s bramborovým salátem, šunkou a vejcem";"105 Kč"
https://www.firmy.cz/detail/13297627-spravovna-praha-zizkov.html;4.1;23;14.448408;50.079143;"Lahůdkový maxxi chlebíček s rostbífem a smetanovým křenem";"125 Kč"
https://www.firmy.cz/detail/13297627-spravovna-praha-zizkov.html;4.1;23;14.448408;50.079143;"Lahůdkový maxi chlebíček sýrový s ořechy a hroznovým vínem";"105 Kč"
https://www.firmy.cz/detail/13297627-spravovna-praha-zizkov.html;4.1;23;14.448408;50.079143;"Nakládaný hermelín chléb";"169 Kč"
https://www.firmy.cz/detail/13297627-spravovna-praha-zizkov.html;4.1;23;14.448408;50.079143;"Smažené dršťky v kořenovém pivním těstíčku tatarská omáčka";"185 Kč"
https://www.firmy.cz/detail/13297627-spravovna-praha-zizkov.html;4.1;23;14.448408;50.079143;"Hovězí tatarák spravovna trochu jinak: s kapary, cornišonkami, koktejlovou omáčkou a parmezánem pečené topinky 5 ks";"289 Kč"
https://www.firmy.cz/detail/13297627-spravovna-praha-zizkov.html;4.1;23;14.448408;50.079143;"Domácí tlačenka z vepřových líček nakládané zelí, cibulka, ocet";"179 Kč"
https://www.firmy.cz/detail/13297627-spravovna-praha-zizkov.html;4.1;23;14.448408;50.079143;"Variace ďábelských topinek jeden kus s masovou směsí, sypané sýrem jeden kus strhaným masem, restovaná cibulka z fíky";"189 Kč"
https://www.firmy.cz/detail/13297627-spravovna-praha-zizkov.html;4.1;23;14.448408;50.079143;"Buřty na černém pivu chléb";"175 Kč"
https://www.firmy.cz/detail/13297627-spravovna-praha-zizkov.html;4.1;23;14.448408;50.079143;"Polévka dle denní nabídky";"79 Kč"
https://www.firmy.cz/detail/13297627-spravovna-praha-zizkov.html;4.1;23;14.448408;50.079143;"Silný slepičí vývar s játrovým knedlíkem, kořenovou zeleninou a libečkem";"95 Kč"
https://www.firmy.cz/detail/13297627-spravovna-praha-zizkov.html;4.1;23;14.448408;50.079143;"Pomalu pečený vepřový bůček majoránková omáčka, smetanový špenát, bramborová kaše";"345 Kč"
https://www.firmy.cz/detail/13297627-spravovna-praha-zizkov.html;4.1;23;14.448408;50.079143;"Čevabčiči plněné sýrem vařené brambory s osmaženou cibulkou domácí hořčice, cibulový salátek";"310 Kč"
https://www.firmy.cz/detail/13297627-spravovna-praha-zizkov.html;4.1;23;14.448408;50.079143;"Smažený sýr v bylinkové strouhance vařené brambory, domácí tatarská omáčka";"289 Kč"
https://www.firmy.cz/detail/13297627-spravovna-praha-zizkov.html;4.1;23;14.448408;50.079143;"Bramborový knedlík plněný kachním masem červené zelí nakládaný rybíz, karamelizovaná cibule";"325 Kč"
https://www.firmy.cz/detail/13297627-spravovna-praha-zizkov.html;4.1;23;14.448408;50.079143;"Kuřecí křídla pečená macerovaná v medu a rumu bylinkový dip, tousty nebo smažená pálivá se zauzeným pepřem";"295 Kč"
https://www.firmy.cz/detail/13297627-spravovna-praha-zizkov.html;4.1;23;14.448408;50.079143;"Grilované vepřové koleno domácí hořčice, křen, zelným salát, čerstvý chléb";"450 Kč"
https://www.firmy.cz/detail/13297627-spravovna-praha-zizkov.html;4.1;23;14.448408;50.079143;"Pomalu tažená vepřová žebra Na medvědím česneku, zelný salát, bylinkový dip, chléb";"399 Kč"
https://www.firmy.cz/detail/13297627-spravovna-praha-zizkov.html;4.1;23;14.448408;50.079143;"Kuřecí gordon bleu máslová bramborová kaše, okurkový salát";"325 Kč"
https://www.firmy.cz/detail/13297627-spravovna-praha-zizkov.html;4.1;23;14.448408;50.079143;"Vepřo, knedlo, zelo z přeštíka, chlebové knedlíky, kedlubnové zelí";"340 Kč"
https://www.firmy.cz/detail/13297627-spravovna-praha-zizkov.html;4.1;23;14.448408;50.079143;"Smažená treska v pivním těstíčku batátové hranolky, hráškový krém";"335 Kč"
https://www.firmy.cz/detail/13297627-spravovna-praha-zizkov.html;4.1;23;14.448408;50.079143;"Trhané kuřecí s máslovou omáčkou bramborovém chlebu s pastou s avokáda a sušený v tomatu, Caesar salátek";"315 Kč"
https://www.firmy.cz/detail/13297627-spravovna-praha-zizkov.html;4.1;23;14.448408;50.079143;"Burger spravovák 150/300g v závorce bioagnus (uzavřít z volským okem, opečenou slaninou, čedarem, salátek s rajčaty, hranolky, zauzená majonéza";"335 Kč"
https://www.firmy.cz/detail/13297627-spravovna-praha-zizkov.html;4.1;23;14.448408;50.079143;"Hovězí flank steak 300g mačkané brambory s jarní cibulkou, lanýžový demi glace";"499 Kč"
https://www.firmy.cz/detail/13297627-spravovna-praha-zizkov.html;4.1;23;14.448408;50.079143;"Domácí pirohy s bramborami a kapustou, Lišky, pažitkový dip";"289 Kč"
https://www.firmy.cz/detail/13297627-spravovna-praha-zizkov.html;4.1;23;14.448408;50.079143;"Listový salát s grilovaným kuřecím prsíčkem avokádo, sušená rajčata, pistácie, citrusový dresy";"325 Kč"
https://www.firmy.cz/detail/13297627-spravovna-praha-zizkov.html;4.1;23;14.448408;50.079143;"Trhané saláty s kozím sýrem červená řepa, octový dresin s medem, ořechy a perníkem";"285 Kč"
https://www.firmy.cz/detail/13297627-spravovna-praha-zizkov.html;4.1;23;14.448408;50.079143;"Dukátové buchtičky se šodó";"169 Kč"
https://www.firmy.cz/detail/13297627-spravovna-praha-zizkov.html;4.1;23;14.448408;50.079143;"Tvarohový koláč z čerstvým ovocem a drobenkou";"135 Kč"
https://www.firmy.cz/detail/13297627-spravovna-praha-zizkov.html;4.1;23;14.448408;50.079143;"Prazdroj světlý ležák 0, 3";"59 Kč"
https://www.firmy.cz/detail/13297627-spravovna-praha-zizkov.html;4.1;23;14.448408;50.079143;"Prazdroj světlý ležák 0, 5";"72 Kč"
https://www.firmy.cz/detail/13297627-spravovna-praha-zizkov.html;4.1;23;14.448408;50.079143;"Velkopopovický kozel tmavý výčepní 0, 3";"54 Kč"
https://www.firmy.cz/detail/13297627-spravovna-praha-zizkov.html;4.1;23;14.448408;50.079143;"Velkopopovický kozel tmavý výčepní 0, 5";"66 Kč"
https://www.firmy.cz/detail/13297627-spravovna-praha-zizkov.html;4.1;23;14.448408;50.079143;"Speciál z Prazdroje 0. 4l";"75 Kč"
https://www.firmy.cz/detail/13297627-spravovna-praha-zizkov.html;4.1;23;14.448408;50.079143;"Birell ovocný nealkoholické 0, 3/0, 5";"55 Kč"
https://www.firmy.cz/detail/13297627-spravovna-praha-zizkov.html;4.1;23;14.448408;50.079143;"Birell nealkoholický lahvové světlý lomeno polotmavý 0, 33";"55 Kč"
https://www.firmy.cz/detail/13297627-spravovna-praha-zizkov.html;4.1;23;14.448408;50.079143;"Frisco-sider 0, 33";"79 Kč"
https://www.firmy.cz/detail/13297627-spravovna-praha-zizkov.html;4.1;23;14.448408;50.079143;"Rozlévané víno bílé Pinot Grigio/ červené Merlot, 0, 15/ 0, 5";"79 Kč"
https://www.firmy.cz/detail/13297627-spravovna-praha-zizkov.html;4.1;23;14.448408;50.079143;"Rozlévané víno bílé Grüner Veltliner / červené Primitivo, 0, 15/ 0, 5";"95 Kč"
https://www.firmy.cz/detail/13297627-spravovna-praha-zizkov.html;4.1;23;14.448408;50.079143;"Rozlévané prosecco 0, 15";"95 Kč"
https://www.firmy.cz/detail/13297627-spravovna-praha-zizkov.html;4.1;23;14.448408;50.079143;"Žufánek Hruškovice z dubového sudu 0, 02";"82 Kč"
https://www.firmy.cz/detail/13297627-spravovna-praha-zizkov.html;4.1;23;14.448408;50.079143;"Tatranský čaj 52% 0, 02";"52 Kč"
https://www.firmy.cz/detail/13297627-spravovna-praha-zizkov.html;4.1;23;14.448408;50.079143;"Fasbind švýcarská hruškovice/jablko 0, 02";"92 Kč"
https://www.firmy.cz/detail/13297627-spravovna-praha-zizkov.html;4.1;23;14.448408;50.079143;"Bartida slivovice/ meruňkovice/ Hruškovice Williams 0, 02";"57 Kč"
https://www.firmy.cz/detail/13297627-spravovna-praha-zizkov.html;4.1;23;14.448408;50.079143;"Baron Hildebrand z zralá hruška/malina 0. 02";"65 Kč"
https://www.firmy.cz/detail/13297627-spravovna-praha-zizkov.html;4.1;23;14.448408;50.079143;"Božkov republika rezerva 0, 02";"47 Kč"
https://www.firmy.cz/detail/13297627-spravovna-praha-zizkov.html;4.1;23;14.448408;50.079143;"Božkov republika exlusive";"42 Kč"
https://www.firmy.cz/detail/13297627-spravovna-praha-zizkov.html;4.1;23;14.448408;50.079143;"Božkov originál 0, 02";"32 Kč"
https://www.firmy.cz/detail/13297627-spravovna-praha-zizkov.html;4.1;23;14.448408;50.079143;"Captain Morgan 0, 02";"42 Kč"
https://www.firmy.cz/detail/13297627-spravovna-praha-zizkov.html;4.1;23;14.448408;50.079143;"Cortés Ron blanco 0, 02";"42 Kč"
https://www.firmy.cz/detail/13297627-spravovna-praha-zizkov.html;4.1;23;14.448408;50.079143;"Legendario elixír rum 0, 02";"55 Kč"
https://www.firmy.cz/detail/13297627-spravovna-praha-zizkov.html;4.1;23;14.448408;50.079143;"Zacapa 23 y. o.";"97 Kč"
https://www.firmy.cz/detail/13297627-spravovna-praha-zizkov.html;4.1;23;14.448408;50.079143;"Diplomatico rezerva exclusiva 12 áňos";"82 Kč"
https://www.firmy.cz/detail/13297627-spravovna-praha-zizkov.html;4.1;23;14.448408;50.079143;"Johnnie Walker red label 0, 02";"40 Kč"
https://www.firmy.cz/detail/13297627-spravovna-praha-zizkov.html;4.1;23;14.448408;50.079143;"Tullamore Dew 0, 02";"47 Kč"
https://www.firmy.cz/detail/13297627-spravovna-praha-zizkov.html;4.1;23;14.448408;50.079143;"Chivas regál 12 y. o. 0. 02";"60 Kč"
https://www.firmy.cz/detail/13297627-spravovna-praha-zizkov.html;4.1;23;14.448408;50.079143;"Jack daniel's/Honey 0. 02";"50 Kč"
https://www.firmy.cz/detail/13297627-spravovna-praha-zizkov.html;4.1;23;14.448408;50.079143;"Jim Beam 0. 02";"42 Kč"
https://www.firmy.cz/detail/13297627-spravovna-praha-zizkov.html;4.1;23;14.448408;50.079143;"Fernet Stock originál/citrus 0. 02";"37 Kč"
https://www.firmy.cz/detail/13297627-spravovna-praha-zizkov.html;4.1;23;14.448408;50.079143;"Becherovka originál/grep 0, 02";"37 Kč"
https://www.firmy.cz/detail/13297627-spravovna-praha-zizkov.html;4.1;23;14.448408;50.079143;"Bartida peprmint/griotka/hruška 0, 02";"37 Kč"
https://www.firmy.cz/detail/13297627-spravovna-praha-zizkov.html;4.1;23;14.448408;50.079143;"Jägermeister originál/orange 0, 02";"40 Kč"
https://www.firmy.cz/detail/13297627-spravovna-praha-zizkov.html;4.1;23;14.448408;50.079143;"Amundsen 0, 02";"37 Kč"
https://www.firmy.cz/detail/13297627-spravovna-praha-zizkov.html;4.1;23;14.448408;50.079143;"Smirnoff 0, 02";"42 Kč"
https://www.firmy.cz/detail/13297627-spravovna-praha-zizkov.html;4.1;23;14.448408;50.079143;"Grey goose 0, 02";"82 Kč"
https://www.firmy.cz/detail/13297627-spravovna-praha-zizkov.html;4.1;23;14.448408;50.079143;"Tequila Sierra blanco/reposado 0, 02";"50 Kč"
https://www.firmy.cz/detail/13297627-spravovna-praha-zizkov.html;4.1;23;14.448408;50.079143;"Gordon's london dry Gin 0, 02";"40 Kč"
https://www.firmy.cz/detail/13297627-spravovna-praha-zizkov.html;4.1;23;14.448408;50.079143;"Gordon s premium pink 0, 02";"40 Kč"
https://www.firmy.cz/detail/13297627-spravovna-praha-zizkov.html;4.1;23;14.448408;50.079143;"Roku Gin 0, 02";"77 Kč"
https://www.firmy.cz/detail/13297627-spravovna-praha-zizkov.html;4.1;23;14.448408;50.079143;"Remi Martin v. s. o. p. 0, 02";"82 Kč"
https://www.firmy.cz/detail/13297627-spravovna-praha-zizkov.html;4.1;23;14.448408;50.079143;"Beton Becherovka, tonic, citrón";"139 Kč"
https://www.firmy.cz/detail/13297627-spravovna-praha-zizkov.html;4.1;23;14.448408;50.079143;"Beton grep, grep Becherovka, tonic, limeta";"139 Kč"
https://www.firmy.cz/detail/13297627-spravovna-praha-zizkov.html;4.1;23;14.448408;50.079143;"Bavorák Fernet Stock, tonic, citrón";"139 Kč"
https://www.firmy.cz/detail/13297627-spravovna-praha-zizkov.html;4.1;23;14.448408;50.079143;"Gin and tonic Gin tonic, limeta";"149 Kč"
https://www.firmy.cz/detail/13297627-spravovna-praha-zizkov.html;4.1;23;14.448408;50.079143;"Pink Gin and tonic pink Gin, Targa tonic";"159 Kč"
https://www.firmy.cz/detail/13297627-spravovna-praha-zizkov.html;4.1;23;14.448408;50.079143;"Aperol spritz prosecco, aperol soda";"159 Kč"
https://www.firmy.cz/detail/13297627-spravovna-praha-zizkov.html;4.1;23;14.448408;50.079143;"Hugo spritz prosecco, bezinkový sirup, máta soda";"145 Kč"
https://www.firmy.cz/detail/13297627-spravovna-praha-zizkov.html;4.1;23;14.448408;50.079143;"Mojito originál";"155 Kč"
https://www.firmy.cz/detail/13297627-spravovna-praha-zizkov.html;4.1;23;14.448408;50.079143;"Mojito malina/mango";"175 Kč"
https://www.firmy.cz/detail/13297627-spravovna-praha-zizkov.html;4.1;23;14.448408;50.079143;"Caipirinha cachaca limetky, třtinový cukr";"155 Kč"
https://www.firmy.cz/detail/13297627-spravovna-praha-zizkov.html;4.1;23;14.448408;50.079143;"Capiroska vodka, limetky, třtinový cukr";"155 Kč"
https://www.firmy.cz/detail/13297627-spravovna-praha-zizkov.html;4.1;23;14.448408;50.079143;"Cosmopolitan vodka, Cointreau, brusinkový džus";"155 Kč"
https://www.firmy.cz/detail/13297627-spravovna-praha-zizkov.html;4.1;23;14.448408;50.079143;"Cuba libre rum, kola limetka";"155 Kč"
https://www.firmy.cz/detail/13297627-spravovna-praha-zizkov.html;4.1;23;14.448408;50.079143;"Long Island ice tea vodka, rum, Gin, tequila, Cointreau limetový sirup cola";"155 Kč"
https://www.firmy.cz/detail/13297627-spravovna-praha-zizkov.html;4.1;23;14.448408;50.079143;"Chupito rum, lime sirup, koktejlová třešeň";"135 Kč"
https://www.firmy.cz/detail/13297627-spravovna-praha-zizkov.html;4.1;23;14.448408;50.079143;"Skinny bitch vodka soda, limety";"125 Kč"
https://www.firmy.cz/detail/13297627-spravovna-praha-zizkov.html;4.1;23;14.448408;50.079143;"Virgin mojito";"119 Kč"
https://www.firmy.cz/detail/13297627-spravovna-praha-zizkov.html;4.1;23;14.448408;50.079143;"Virgin mojito malina/mango";"139 Kč"
https://www.firmy.cz/detail/13297627-spravovna-praha-zizkov.html;4.1;23;14.448408;50.079143;"Gordon's 0, 0% tonic limeta";"155 Kč"
https://www.firmy.cz/detail/13297627-spravovna-praha-zizkov.html;4.1;23;14.448408;50.079143;"Espresso tonic";"129 Kč"
https://www.firmy.cz/detail/13297627-spravovna-praha-zizkov.html;4.1;23;14.448408;50.079143;"Zero Cuba libre";"155 Kč"
https://www.firmy.cz/detail/13297627-spravovna-praha-zizkov.html;4.1;23;14.448408;50.079143;"Zero caipirinha";"190 Kč"
https://www.firmy.cz/detail/13297627-spravovna-praha-zizkov.html;4.1;23;14.448408;50.079143;"Domácí limonády dle nabídky 0, 3/0, 5";"89 Kč"
https://www.firmy.cz/detail/13297627-spravovna-praha-zizkov.html;4.1;23;14.448408;50.079143;"Domácí ledový čaj dle nabídky 0, 3/0, 5";"89 Kč"
https://www.firmy.cz/detail/13297627-spravovna-praha-zizkov.html;4.1;23;14.448408;50.079143;"Kofola originál čepovaná 0, 3/0. 5";"45 Kč"
https://www.firmy.cz/detail/13297627-spravovna-praha-zizkov.html;4.1;23;14.448408;50.079143;"RC Cola";"65 Kč"
https://www.firmy.cz/detail/13297627-spravovna-praha-zizkov.html;4.1;23;14.448408;50.079143;"Targa florio pomeranč";"65 Kč"
https://www.firmy.cz/detail/13297627-spravovna-praha-zizkov.html;4.1;23;14.448408;50.079143;"Targa florio tonic";"65 Kč"
https://www.firmy.cz/detail/13297627-spravovna-praha-zizkov.html;4.1;23;14.448408;50.079143;"Džusy curiosa dle nabídky";"65 Kč"
https://www.firmy.cz/detail/13297627-spravovna-praha-zizkov.html;4.1;23;14.448408;50.079143;"Rajec neperlivý, jemně perlivý, perlivý";"59 Kč"
https://www.firmy.cz/detail/13297627-spravovna-praha-zizkov.html;4.1;23;14.448408;50.079143;"Evian perlivý neperlivý";"115 Kč"
https://www.firmy.cz/detail/13297627-spravovna-praha-zizkov.html;4.1;23;14.448408;50.079143;"Red Bull";"99 Kč"
https://www.firmy.cz/detail/13297627-spravovna-praha-zizkov.html;4.1;23;14.448408;50.079143;"Karafa vody 0, 5/1";"40 Kč"
https://www.firmy.cz/detail/13297627-spravovna-praha-zizkov.html;4.1;23;14.448408;50.079143;"Karafa sody 0, 5/1";"48 Kč"
https://www.firmy.cz/detail/13297627-spravovna-praha-zizkov.html;4.1;23;14.448408;50.079143;"Ristretto";"65 Kč"
https://www.firmy.cz/detail/13297627-spravovna-praha-zizkov.html;4.1;23;14.448408;50.079143;"Expresso";"65 Kč"
https://www.firmy.cz/detail/13297627-spravovna-praha-zizkov.html;4.1;23;14.448408;50.079143;"Double expresso";"105 Kč"
https://www.firmy.cz/detail/13297627-spravovna-praha-zizkov.html;4.1;23;14.448408;50.079143;"Cappuccino";"77 Kč"
https://www.firmy.cz/detail/13297627-spravovna-praha-zizkov.html;4.1;23;14.448408;50.079143;"Flat white";"105 Kč"
https://www.firmy.cz/detail/13297627-spravovna-praha-zizkov.html;4.1;23;14.448408;50.079143;"Café latte";"77 Kč"
https://www.firmy.cz/detail/13297627-spravovna-praha-zizkov.html;4.1;23;14.448408;50.079143;"Americano";"69 Kč"
https://www.firmy.cz/detail/13297627-spravovna-praha-zizkov.html;4.1;23;14.448408;50.079143;"Čaj dle nabídky";"75 Kč"
https://www.firmy.cz/detail/13297627-spravovna-praha-zizkov.html;4.1;23;14.448408;50.079143;"Čerstvý čaj dle nabídky";"85 Kč"
https://www.firmy.cz/detail/13297627-spravovna-praha-zizkov.html;4.1;23;14.448408;50.079143;"Horká čokoláda";"95 Kč"
https://www.firmy.cz/detail/13297627-spravovna-praha-zizkov.html;4.1;23;14.448408;50.079143;"Grog";"95 Kč"
https://www.firmy.cz/detail/13297627-spravovna-praha-zizkov.html;4.1;23;14.448408;50.079143;"Svařené víno";"95 Kč"
https://www.firmy.cz/detail/13402897-pivni-bar-u-kohlera-ostrava-moravska-ostrava.html;5;1;18.285007;49.837100;"Vepřový steak, švestková omáčka, hranolky 1a";"159 Kč"
https://www.firmy.cz/detail/13402897-pivni-bar-u-kohlera-ostrava-moravska-ostrava.html;5;1;18.285007;49.837100;"Zapečené těstoviny s uzeninou, kyselý okurek 1a, 3, 9, 10";"149 Kč"
https://www.firmy.cz/detail/13402897-pivni-bar-u-kohlera-ostrava-moravska-ostrava.html;5;1;18.285007;49.837100;"Husí konfitované stehno, variace knedlíků, bílé kysané a červené zelí 1a, 3, 10";"249 Kč"
https://www.firmy.cz/detail/13402897-pivni-bar-u-kohlera-ostrava-moravska-ostrava.html;5;1;18.285007;49.837100;"K menu Coca-Cola";"35 Kč"
https://www.firmy.cz/detail/13402897-pivni-bar-u-kohlera-ostrava-moravska-ostrava.html;5;1;18.285007;49.837100;"1ks Utopenec na útěku, 2ks chléb";"109 Kč"
https://www.firmy.cz/detail/13402897-pivni-bar-u-kohlera-ostrava-moravska-ostrava.html;5;1;18.285007;49.837100;"100g Olomoucké tvarůžky, máslo, cibule, 2ks chléb";"109 Kč"
https://www.firmy.cz/detail/13402897-pivni-bar-u-kohlera-ostrava-moravska-ostrava.html;5;1;18.285007;49.837100;"1ks Nakládaný hermelín, kozí roh, 2ks chléb";"109 Kč"
https://www.firmy.cz/detail/13402897-pivni-bar-u-kohlera-ostrava-moravska-ostrava.html;5;1;18.285007;49.837100;"120g Topinka nebo 3ks placičky s pikantní masovou směsí sypané sýrem";"189 Kč"
https://www.firmy.cz/detail/13402897-pivni-bar-u-kohlera-ostrava-moravska-ostrava.html;5;1;18.285007;49.837100;"500g Marinovaná vepřová žebra, hořčice, křen, kozí rohy, 3ks chléb";"279 Kč"
https://www.firmy.cz/detail/13402897-pivni-bar-u-kohlera-ostrava-moravska-ostrava.html;5;1;18.285007;49.837100;"500g Smažené kuřecí řízečky (prsní) , kyselý okurek, hořčice, 3ks chléb 1a, 3, 10";"309 Kč"
https://www.firmy.cz/detail/13402897-pivni-bar-u-kohlera-ostrava-moravska-ostrava.html;5;1;18.285007;49.837100;"500g Smažené vepřové řízečky (Panenka) , kyselý okurek, hořčice, chléb 1a, 3, 10";"359 Kč"
https://www.firmy.cz/detail/13402897-pivni-bar-u-kohlera-ostrava-moravska-ostrava.html;5;1;18.285007;49.837100;"100g Tatarský biftek s cibulí, 2ks topinka";"229 Kč"
https://www.firmy.cz/detail/13402897-pivni-bar-u-kohlera-ostrava-moravska-ostrava.html;5;1;18.285007;49.837100;"750g Vepřové pečené koleno sous-vide, kyselý okurek, hořčice, křen, chléb 10";"280 Kč"
https://www.firmy.cz/detail/13402897-pivni-bar-u-kohlera-ostrava-moravska-ostrava.html;5;1;18.285007;49.837100;"200g Smažený kuřecí prsní řízek, šťouchaný brambor se slaninou 1a, 3";"259 Kč"
https://www.firmy.cz/detail/13402897-pivni-bar-u-kohlera-ostrava-moravska-ostrava.html;5;1;18.285007;49.837100;"200g Smažený vepřový řízek z krkovice, šťouchaný brambor se slaninou 1a, 3";"259 Kč"
https://www.firmy.cz/detail/13402897-pivni-bar-u-kohlera-ostrava-moravska-ostrava.html;5;1;18.285007;49.837100;"200g Kuřecí steak, omáčka z nivy, hranolky";"249 Kč"
https://www.firmy.cz/detail/13402897-pivni-bar-u-kohlera-ostrava-moravska-ostrava.html;5;1;18.285007;49.837100;"200g Kuřecí medailonky, sušená rajčata, bazalka, sypané parmazánem, hranolky 1a, 3, 7";"259 Kč"
https://www.firmy.cz/detail/13402897-pivni-bar-u-kohlera-ostrava-moravska-ostrava.html;5;1;18.285007;49.837100;"200g Vepřová grilovaná krkovice, americké brambory, ďábelská omáčka";"279 Kč"
https://www.firmy.cz/detail/13402897-pivni-bar-u-kohlera-ostrava-moravska-ostrava.html;5;1;18.285007;49.837100;"200g Vepřová panenka na lůžku zelených fazolek se slaninou";"275 Kč"
https://www.firmy.cz/detail/13402897-pivni-bar-u-kohlera-ostrava-moravska-ostrava.html;5;1;18.285007;49.837100;"Vepřové medailonky z panenky zapečené s hermelínem, americké brambory 1a, 3";"275 Kč"
https://www.firmy.cz/detail/13402897-pivni-bar-u-kohlera-ostrava-moravska-ostrava.html;5;1;18.285007;49.837100;"200g vepřové výpečky, kysané zelí, houskový knedlík 1a, 3, 7";"249 Kč"
https://www.firmy.cz/detail/13402897-pivni-bar-u-kohlera-ostrava-moravska-ostrava.html;5;1;18.285007;49.837100;"150g Smažená gouda, hranolky, tatarská omáčka 1a, 3";"239 Kč"
https://www.firmy.cz/detail/13402897-pivni-bar-u-kohlera-ostrava-moravska-ostrava.html;5;1;18.285007;49.837100;"100g Smažený camembert, hranolky, tatarská omáčka 1a, 3";"239 Kč"
https://www.firmy.cz/detail/13402897-pivni-bar-u-kohlera-ostrava-moravska-ostrava.html;5;1;18.285007;49.837100;"150g Americké brambory";"50 Kč"
https://www.firmy.cz/detail/13402897-pivni-bar-u-kohlera-ostrava-moravska-ostrava.html;5;1;18.285007;49.837100;"150g Hranolky";"50 Kč"
https://www.firmy.cz/detail/13402897-pivni-bar-u-kohlera-ostrava-moravska-ostrava.html;5;1;18.285007;49.837100;"200g Šťouchané brambory se slaninou";"50 Kč"
https://www.firmy.cz/detail/13402897-pivni-bar-u-kohlera-ostrava-moravska-ostrava.html;5;1;18.285007;49.837100;"1ks Chléb";"10 Kč"
https://www.firmy.cz/detail/13402897-pivni-bar-u-kohlera-ostrava-moravska-ostrava.html;5;1;18.285007;49.837100;"1ks Topinka";"15 Kč"
https://www.firmy.cz/detail/13205243-tankovna-u-haldy-ostrava-hrabuvka.html;3.9;15;18.266900;49.788300;"150g Vepřova plec, dušená mrkev, vařený brambor 1a, 9";"179 Kč"
https://www.firmy.cz/detail/13205243-tankovna-u-haldy-ostrava-hrabuvka.html;3.9;15;18.266900;49.788300;"200g Restovaná drůbeží játra, domácí hranolky, ďábelská omáčka 1a, 7";"179 Kč"
https://www.firmy.cz/detail/13205243-tankovna-u-haldy-ostrava-hrabuvka.html;3.9;15;18.266900;49.788300;"1ks Tortilla s kuřecím masem, zeleninou, domácí hranolky, koktejlová omáčka 1a, 7, 9";"189 Kč"
https://www.firmy.cz/detail/13205243-tankovna-u-haldy-ostrava-hrabuvka.html;3.9;15;18.266900;49.788300;"200g Vepřová panenka, slaninová omáčka, grenaille 1a, 9";"199 Kč"
https://www.firmy.cz/detail/13205243-tankovna-u-haldy-ostrava-hrabuvka.html;3.9;15;18.266900;49.788300;"0, 33l Domácí hovězí vývar s nudlemi";"69 Kč"
https://www.firmy.cz/detail/13205243-tankovna-u-haldy-ostrava-hrabuvka.html;3.9;15;18.266900;49.788300;"0, 33l Česneková polévka s vejcem, krutony a sýrem";"79 Kč"
https://www.firmy.cz/detail/13205243-tankovna-u-haldy-ostrava-hrabuvka.html;3.9;15;18.266900;49.788300;"150g Smažené cibulové kroužky s BBQ omáčkou";"125 Kč"
https://www.firmy.cz/detail/13205243-tankovna-u-haldy-ostrava-hrabuvka.html;3.9;15;18.266900;49.788300;"120g Trhané vepřové maso, sweet chilli, rozpékaný chléb";"125 Kč"
https://www.firmy.cz/detail/13205243-tankovna-u-haldy-ostrava-hrabuvka.html;3.9;15;18.266900;49.788300;"120g Hovězí tatarák s topinkami";"225 Kč"
https://www.firmy.cz/detail/13205243-tankovna-u-haldy-ostrava-hrabuvka.html;3.9;15;18.266900;49.788300;"120g Tvarůžkový tatarák s topinkami";"185 Kč"
https://www.firmy.cz/detail/13205243-tankovna-u-haldy-ostrava-hrabuvka.html;3.9;15;18.266900;49.788300;"150g Hovězí guláš s karlovarským knedlíkem a karamelizovanou cibulkou";"239 Kč"
https://www.firmy.cz/detail/13205243-tankovna-u-haldy-ostrava-hrabuvka.html;3.9;15;18.266900;49.788300;"150g Smažený sýr, hranolky, tatarská omáčka";"205 Kč"
https://www.firmy.cz/detail/13205243-tankovna-u-haldy-ostrava-hrabuvka.html;3.9;15;18.266900;49.788300;"150g Svíčková na smetaně s variací knedlíků a citronovým terčíkem s brusinkama a šlehačkou";"245 Kč"
https://www.firmy.cz/detail/13205243-tankovna-u-haldy-ostrava-hrabuvka.html;3.9;15;18.266900;49.788300;"100g Smažené olomoucké tvarůžky. hranolky, tatarská omáčka";"215 Kč"
https://www.firmy.cz/detail/13205243-tankovna-u-haldy-ostrava-hrabuvka.html;3.9;15;18.266900;49.788300;"200g Smažené řízečky (kuřecí nebo z vepřové panenky";"185 Kč"
https://www.firmy.cz/detail/13205243-tankovna-u-haldy-ostrava-hrabuvka.html;3.9;15;18.266900;49.788300;"200g Dorůžova pečený špalek z vepřové panenky se slaninovou omáčkou";"219 Kč"
https://www.firmy.cz/detail/13205243-tankovna-u-haldy-ostrava-hrabuvka.html;3.9;15;18.266900;49.788300;"200gFilírovaný kuřecí plátek na smetanovém ragú z lišek";"275 Kč"
https://www.firmy.cz/detail/13205243-tankovna-u-haldy-ostrava-hrabuvka.html;3.9;15;18.266900;49.788300;"250g/100g Gnocchi quatro formagi";"195 Kč"
https://www.firmy.cz/detail/13205243-tankovna-u-haldy-ostrava-hrabuvka.html;3.9;15;18.266900;49.788300;"250g/100g Gnocchi se smetanou, špenátem a kuřecím masem";"185 Kč"
https://www.firmy.cz/detail/13205243-tankovna-u-haldy-ostrava-hrabuvka.html;3.9;15;18.266900;49.788300;"Caesar tortilla s kuřecím masem";"209 Kč"
https://www.firmy.cz/detail/13205243-tankovna-u-haldy-ostrava-hrabuvka.html;3.9;15;18.266900;49.788300;"400g Pomalu pečené koleno bez kosti na černé Barboře";"385 Kč"
https://www.firmy.cz/detail/13205243-tankovna-u-haldy-ostrava-hrabuvka.html;3.9;15;18.266900;49.788300;"400g Řízkový mix z vepřové panenky a kuřecích prsíček, koktejlová a ďábelská omáčka, rozpékaný chléb";"375 Kč"
https://www.firmy.cz/detail/13205243-tankovna-u-haldy-ostrava-hrabuvka.html;3.9;15;18.266900;49.788300;"1000g Marinované pikantní křidýlka, koktejlová a tatarská omáčka, rozpékaný chléb";"365 Kč"
https://www.firmy.cz/detail/13205243-tankovna-u-haldy-ostrava-hrabuvka.html;3.9;15;18.266900;49.788300;"700g Smažený sýrový mix (eidam, hermelín, niva, tvarůžky, hranolky)";"545 Kč"
https://www.firmy.cz/detail/13205243-tankovna-u-haldy-ostrava-hrabuvka.html;3.9;15;18.266900;49.788300;"1400g Česká klasika (koleno, trhané vepřové maso, marinované křídla, rozpékaný chléb";"719 Kč"
https://www.firmy.cz/detail/13205243-tankovna-u-haldy-ostrava-hrabuvka.html;3.9;15;18.266900;49.788300;"250g Míchaný salát s bazalkovým pestem";"165 Kč"
https://www.firmy.cz/detail/13205243-tankovna-u-haldy-ostrava-hrabuvka.html;3.9;15;18.266900;49.788300;"300g Caesar salát s kuřecím masem";"229 Kč"
https://www.firmy.cz/detail/13205243-tankovna-u-haldy-ostrava-hrabuvka.html;3.9;15;18.266900;49.788300;"250g/100g Míchaný salát s grilovaným hermelínem";"205 Kč"
https://www.firmy.cz/detail/13205243-tankovna-u-haldy-ostrava-hrabuvka.html;3.9;15;18.266900;49.788300;"200g Šťouchané brambory";"43 Kč"
https://www.firmy.cz/detail/13205243-tankovna-u-haldy-ostrava-hrabuvka.html;3.9;15;18.266900;49.788300;"200g Hranolky";"44 Kč"
https://www.firmy.cz/detail/13205243-tankovna-u-haldy-ostrava-hrabuvka.html;3.9;15;18.266900;49.788300;"200g Americké brambory";"44 Kč"
https://www.firmy.cz/detail/13205243-tankovna-u-haldy-ostrava-hrabuvka.html;3.9;15;18.266900;49.788300;"50g Tatarská omáčka";"30 Kč"
https://www.firmy.cz/detail/13205243-tankovna-u-haldy-ostrava-hrabuvka.html;3.9;15;18.266900;49.788300;"50g Ďábelská omáčka";"30 Kč"
https://www.firmy.cz/detail/13205243-tankovna-u-haldy-ostrava-hrabuvka.html;3.9;15;18.266900;49.788300;"50g Kokteilová omáčka";"30 Kč"
https://www.firmy.cz/detail/13205243-tankovna-u-haldy-ostrava-hrabuvka.html;3.9;15;18.266900;49.788300;"50g BBQ omáčka";"30 Kč"
https://www.firmy.cz/detail/13205243-tankovna-u-haldy-ostrava-hrabuvka.html;3.9;15;18.266900;49.788300;"50g Sweet chilli omáčka";"30 Kč"
https://www.firmy.cz/detail/13205243-tankovna-u-haldy-ostrava-hrabuvka.html;3.9;15;18.266900;49.788300;"1ks Topinka";"8 Kč"
https://www.firmy.cz/detail/13205243-tankovna-u-haldy-ostrava-hrabuvka.html;3.9;15;18.266900;49.788300;"1ks Chléb";"6 Kč"
https://www.firmy.cz/detail/13205243-tankovna-u-haldy-ostrava-hrabuvka.html;3.9;15;18.266900;49.788300;"150g Čerstvá zelenina s bazalkovým pestem";"90 Kč"
https://www.firmy.cz/detail/13205243-tankovna-u-haldy-ostrava-hrabuvka.html;3.9;15;18.266900;49.788300;"Margarita";"155 Kč"
https://www.firmy.cz/detail/13205243-tankovna-u-haldy-ostrava-hrabuvka.html;3.9;15;18.266900;49.788300;"Šunková";"185 Kč"
https://www.firmy.cz/detail/13205243-tankovna-u-haldy-ostrava-hrabuvka.html;3.9;15;18.266900;49.788300;"Žampionová";"195 Kč"
https://www.firmy.cz/detail/13205243-tankovna-u-haldy-ostrava-hrabuvka.html;3.9;15;18.266900;49.788300;"Tvarůžková";"215 Kč"
https://www.firmy.cz/detail/13205243-tankovna-u-haldy-ostrava-hrabuvka.html;3.9;15;18.266900;49.788300;"Sýrová";"235 Kč"
https://www.firmy.cz/detail/13205243-tankovna-u-haldy-ostrava-hrabuvka.html;3.9;15;18.266900;49.788300;"Salámová";"225 Kč"
https://www.firmy.cz/detail/13205243-tankovna-u-haldy-ostrava-hrabuvka.html;3.9;15;18.266900;49.788300;"Ostrá";"295 Kč"
https://www.firmy.cz/detail/13205243-tankovna-u-haldy-ostrava-hrabuvka.html;3.9;15;18.266900;49.788300;"Hawai";"195 Kč"
https://www.firmy.cz/detail/13205243-tankovna-u-haldy-ostrava-hrabuvka.html;3.9;15;18.266900;49.788300;"Špenátová";"215 Kč"
https://www.firmy.cz/detail/13205243-tankovna-u-haldy-ostrava-hrabuvka.html;3.9;15;18.266900;49.788300;"Vegetariánská";"195 Kč"
https://www.firmy.cz/detail/13205243-tankovna-u-haldy-ostrava-hrabuvka.html;3.9;15;18.266900;49.788300;"Pepperoni";"295 Kč"
https://www.firmy.cz/detail/13205243-tankovna-u-haldy-ostrava-hrabuvka.html;3.9;15;18.266900;49.788300;"Quattro formaggi";"265 Kč"
https://www.firmy.cz/detail/13205243-tankovna-u-haldy-ostrava-hrabuvka.html;3.9;15;18.266900;49.788300;"Bacon";"245 Kč"
https://www.firmy.cz/detail/13205243-tankovna-u-haldy-ostrava-hrabuvka.html;3.9;15;18.266900;49.788300;"100g Kuřecí maso";"45 Kč"
https://www.firmy.cz/detail/13205243-tankovna-u-haldy-ostrava-hrabuvka.html;3.9;15;18.266900;49.788300;"100g Slanina";"45 Kč"
https://www.firmy.cz/detail/13205243-tankovna-u-haldy-ostrava-hrabuvka.html;3.9;15;18.266900;49.788300;"50g Hermelín";"40 Kč"
https://www.firmy.cz/detail/13205243-tankovna-u-haldy-ostrava-hrabuvka.html;3.9;15;18.266900;49.788300;"50g Tvarůžky";"45 Kč"
https://www.firmy.cz/detail/13205243-tankovna-u-haldy-ostrava-hrabuvka.html;3.9;15;18.266900;49.788300;"100g Ananas";"25 Kč"
https://www.firmy.cz/detail/13205243-tankovna-u-haldy-ostrava-hrabuvka.html;3.9;15;18.266900;49.788300;"50g Listový špenát";"15 Kč"
https://www.firmy.cz/detail/13205243-tankovna-u-haldy-ostrava-hrabuvka.html;3.9;15;18.266900;49.788300;"50g Žampiony";"15 Kč"
https://www.firmy.cz/detail/13205243-tankovna-u-haldy-ostrava-hrabuvka.html;3.9;15;18.266900;49.788300;"50g Kukuřice";"10 Kč"
https://www.firmy.cz/detail/13205243-tankovna-u-haldy-ostrava-hrabuvka.html;3.9;15;18.266900;49.788300;"100g Eidam";"40 Kč"
https://www.firmy.cz/detail/13205243-tankovna-u-haldy-ostrava-hrabuvka.html;3.9;15;18.266900;49.788300;"50g Feferony";"15 Kč"
https://www.firmy.cz/detail/13205243-tankovna-u-haldy-ostrava-hrabuvka.html;3.9;15;18.266900;49.788300;"50g Cibule";"15 Kč"
https://www.firmy.cz/detail/13205243-tankovna-u-haldy-ostrava-hrabuvka.html;3.9;15;18.266900;49.788300;"100g Šunka";"35 Kč"
https://www.firmy.cz/detail/13205243-tankovna-u-haldy-ostrava-hrabuvka.html;3.9;15;18.266900;49.788300;"50g Paprikáš";"30 Kč"
https://www.firmy.cz/detail/13205243-tankovna-u-haldy-ostrava-hrabuvka.html;3.9;15;18.266900;49.788300;"50g Vysočina";"25 Kč"
https://www.firmy.cz/detail/13205243-tankovna-u-haldy-ostrava-hrabuvka.html;3.9;15;18.266900;49.788300;"1ks Vejce";"10 Kč"
https://www.firmy.cz/detail/13205243-tankovna-u-haldy-ostrava-hrabuvka.html;3.9;15;18.266900;49.788300;"100g Mozzarella";"40 Kč"
https://www.firmy.cz/detail/13205243-tankovna-u-haldy-ostrava-hrabuvka.html;3.9;15;18.266900;49.788300;"50g Olivy";"15 Kč"
https://www.firmy.cz/detail/13205243-tankovna-u-haldy-ostrava-hrabuvka.html;3.9;15;18.266900;49.788300;"1ks Domácí vafle s rozvarem z horkých malin a šlehačkou";"135 Kč"
https://www.firmy.cz/detail/13205243-tankovna-u-haldy-ostrava-hrabuvka.html;3.9;15;18.266900;49.788300;"3ks Domácí lívance ve skořicovém cukru s tvarohovým přelivem a borůvkovým pyré";"135 Kč"
https://www.firmy.cz/detail/13098804-the-pub-pilsner-unique-bar-praha-nove-mesto.html;4.5;7;14.428369;50.076179;"Staročeský kaldoun";"39 Kč"
https://www.firmy.cz/detail/13098804-the-pub-pilsner-unique-bar-praha-nove-mesto.html;4.5;7;14.428369;50.076179;"150g Živáňská vepřová pečeně připravená v alobalu s bramborami a zeleninou";"159 Kč"
https://www.firmy.cz/detail/13098804-the-pub-pilsner-unique-bar-praha-nove-mesto.html;4.5;7;14.428369;50.076179;"250g Thajské pečené nudle s kuřecím masem, asijskou zeleninou a ústřicovou omáčkou";"149 Kč"
https://www.firmy.cz/detail/13098804-the-pub-pilsner-unique-bar-praha-nove-mesto.html;4.5;7;14.428369;50.076179;"150g Hrachová kaše s klobásou, restovanou cibulkou a kyselou okurkou";"149 Kč"
https://www.firmy.cz/detail/13098804-the-pub-pilsner-unique-bar-praha-nove-mesto.html;4.5;7;14.428369;50.076179;"120g Smažený sýrový špíz s mačkanými petrželovými brambory, tatarka";"139 Kč"
https://www.firmy.cz/detail/13098804-the-pub-pilsner-unique-bar-praha-nove-mesto.html;4.5;7;14.428369;50.076179;"0, 3l Česnečka z uzeného žebra";"49 Kč"
https://www.firmy.cz/detail/13098804-the-pub-pilsner-unique-bar-praha-nove-mesto.html;4.5;7;14.428369;50.076179;"0, 3l Polévka dle denní nabídky";"49 Kč"
https://www.firmy.cz/detail/13098804-the-pub-pilsner-unique-bar-praha-nove-mesto.html;4.5;7;14.428369;50.076179;"120g Hovězí tatarák s topinkami (6ks) a česnekem (podáváme již ochucený, na přání si můžete ochutit sami)";"199 Kč"
https://www.firmy.cz/detail/13098804-the-pub-pilsner-unique-bar-praha-nove-mesto.html;4.5;7;14.428369;50.076179;"300g Belgické hranolky podávané s horkým čedarem, česnekovým dipem a zeleninovými prsty";"109 Kč"
https://www.firmy.cz/detail/13098804-the-pub-pilsner-unique-bar-praha-nove-mesto.html;4.5;7;14.428369;50.076179;"120g Cibulové kroužky smažené v pivním těstíčku, podávané s BBQ omáčkou a zeleninovými prsty";"109 Kč"
https://www.firmy.cz/detail/13098804-the-pub-pilsner-unique-bar-praha-nove-mesto.html;4.5;7;14.428369;50.076179;"2ks Chilli papričky plněné sýrem, smažené v pikantním těstíčku, podávané se zakysanou smetanou a rozpečenou půlkou bagety";"109 Kč"
https://www.firmy.cz/detail/13098804-the-pub-pilsner-unique-bar-praha-nove-mesto.html;4.5;7;14.428369;50.076179;"150g Chilli Nachos se salsou kukuřičné chipsy podávané s horkým čedarem a domácí mexickou salsou";"109 Kč"
https://www.firmy.cz/detail/13098804-the-pub-pilsner-unique-bar-praha-nove-mesto.html;4.5;7;14.428369;50.076179;"Utopenec podávaný na zelném salátku s čerstvým chlebem";"69 Kč"
https://www.firmy.cz/detail/13098804-the-pub-pilsner-unique-bar-praha-nove-mesto.html;4.5;7;14.428369;50.076179;"1ks Nakládaný hermelín podávaný na zelném salátu s feferonkou a čerstvým chlebem";"99 Kč"
https://www.firmy.cz/detail/13098804-the-pub-pilsner-unique-bar-praha-nove-mesto.html;4.5;7;14.428369;50.076179;"Uzenářský talíř domácí uzené, slanina, krájená klobáska - podávané s hořčicí, křenem, kyselou okurkou a chlebem";"249 Kč"
https://www.firmy.cz/detail/13098804-the-pub-pilsner-unique-bar-praha-nove-mesto.html;4.5;7;14.428369;50.076179;"500g Rautové řízečky z kuřecích prsíček podávané na ledovém salátu s řezy citrónu";"319 Kč"
https://www.firmy.cz/detail/13098804-the-pub-pilsner-unique-bar-praha-nove-mesto.html;4.5;7;14.428369;50.076179;"500g Rautové řízečky z vepřové krkovičky podávané na ledovém salátu s řezy citrónu";"319 Kč"
https://www.firmy.cz/detail/13098804-the-pub-pilsner-unique-bar-praha-nove-mesto.html;4.5;7;14.428369;50.076179;"300g Chicken Caesar Salát salát připravený z římského salátu s česnekovými krutony, ančovičkovým dresinkem, restovanými kousky kuřecích prsíček a praženou slaninou, sypaný sýrem grana padano";"179 Kč"
https://www.firmy.cz/detail/13098804-the-pub-pilsner-unique-bar-praha-nove-mesto.html;4.5;7;14.428369;50.076179;"250g Caesar Salát salát připravený z římského salátu s česnekovými krutony a ančovičkovým dresinkem, sypaný sýrem grana padano";"139 Kč"
https://www.firmy.cz/detail/13098804-the-pub-pilsner-unique-bar-praha-nove-mesto.html;4.5;7;14.428369;50.076179;"300g PUB Chicken Wrap tortilla plněná grilovanými kuřecími prsíčky, plátky grilované slaniny, římskými listy, plátky rajčat, okurkou, paprikami, červenou cibulí a bylinkovo paramzánovou majonézou, podávaná s listovým salátkem a česnekovým dipem (A1, A";"179 Kč"
https://www.firmy.cz/detail/13098804-the-pub-pilsner-unique-bar-praha-nove-mesto.html;4.5;7;14.428369;50.076179;"300g Cheddar Cheese Quesadilla NOVINKA grilovaná tortilla plněná mexickou salsou, papričkami jalapeňos a 100g čedaru, podávaná se zakysanou smetanou a listovým salátkem";"179 Kč"
https://www.firmy.cz/detail/13098804-the-pub-pilsner-unique-bar-praha-nove-mesto.html;4.5;7;14.428369;50.076179;"1ks PUB Double Cheese Burger burger z 280g mletého hovězího masa v domácí cibulové housce, plněný čedarem, plátky grilované slaniny a čerstvého rajčete, lístkem ledového salátu, červenou cibulí a hořčičnou majonézou s worcester omáčkou, podávaný s hr";"269 Kč"
https://www.firmy.cz/detail/13098804-the-pub-pilsner-unique-bar-praha-nove-mesto.html;4.5;7;14.428369;50.076179;"1ks PUB Beef Burger burger ze 140g mletého hovězího masa v domácí cibulové housce, plněný karamelizovanou cibulkou, žampiony, čedarem, plátkem grilované slaniny, plátkem rajčete, lístkem ledového salátu a hořčičnou majonézou, podávaný s hranolky (A1,";"199 Kč"
https://www.firmy.cz/detail/13098804-the-pub-pilsner-unique-bar-praha-nove-mesto.html;4.5;7;14.428369;50.076179;"1ks PUB Texas Smokey BBQ Burger burger ze 140g mletého hovězího masa v domácí cibulové housce, s lístky ledového salátu, rajčaty, kyselou okurkou, plátky slaniny, čedarem, hořčičnou majonézou a BBQ omáčkou, podávaný s hranolky (A1, A3, A4, A7, A9, A10, A13";"199 Kč"
https://www.firmy.cz/detail/13098804-the-pub-pilsner-unique-bar-praha-nove-mesto.html;4.5;7;14.428369;50.076179;"1ks PUB Nachos & Jalapeňo Burger burger ze 140g mletého hovězího masa v domácí cibulové housce, plněný čedarem, slaninou, nachos, feferonkami, ledovým salátem, plátkem rajčete, mexickou salsou a zakysanou smetanou, podávaný s hranolky";"199 Kč"
https://www.firmy.cz/detail/13098804-the-pub-pilsner-unique-bar-praha-nove-mesto.html;4.5;7;14.428369;50.076179;"1550g Masová variace The PUB pro 4 osoby 600g PUB Wings, 500g PUB smoked Ribs, 200g Panenka ve slanině, 250g Pfeffersteak, BBQ omáčka, česnekový dip, zeleninové prsty, salát coleslaw, steakové hranolky, rozpečená bylinková bageta, chléb (A1, A";"919 Kč"
https://www.firmy.cz/detail/13098804-the-pub-pilsner-unique-bar-praha-nove-mesto.html;4.5;7;14.428369;50.076179;"500g PUB smoked Ribs lehce zauzená, pečená pikantní vepřová žebra v BBQ marinádě, podávaná se salátem coleslaw a rozpečenou bylinkovou bagetou";"219 Kč"
https://www.firmy.cz/detail/13098804-the-pub-pilsner-unique-bar-praha-nove-mesto.html;4.5;7;14.428369;50.076179;"600g PUB Wings pečená pikantní kuřecí křidélka, podávaná se zeleninovými prsty, BBQ omáčkou a rozpečenou bylinkovou bagetou";"189 Kč"
https://www.firmy.cz/detail/13098804-the-pub-pilsner-unique-bar-praha-nove-mesto.html;4.5;7;14.428369;50.076179;"250g Beefsteak steak z hovězí svíčkové, pečený dorůžova, podávaný se smetanovou hříbkovou omáčkou a pečenými bramborami grenaille";"339 Kč"
https://www.firmy.cz/detail/13098804-the-pub-pilsner-unique-bar-praha-nove-mesto.html;4.5;7;14.428369;50.076179;"250g Pfeffersteak steak z hovězí svíčkové, pečený dorůžova, podávaný s krémovou omáčkou ze zeleného pepře a steakovými hranolky";"339 Kč"
https://www.firmy.cz/detail/13098804-the-pub-pilsner-unique-bar-praha-nove-mesto.html;4.5;7;14.428369;50.076179;"200g Grilovaná vepřová panenka ve slanině NOVINKA podávaná s fazolkami restovanými s česnekem a šťouchanými bramborami";"209 Kč"
https://www.firmy.cz/detail/13098804-the-pub-pilsner-unique-bar-praha-nove-mesto.html;4.5;7;14.428369;50.076179;"250g Grilovaná BBQ krkovička podávaná s pečeným kukuřičným klasem, BBQ omáčkou, šťouchanými bramborami a vídeňskou cibulkou";"179 Kč"
https://www.firmy.cz/detail/13098804-the-pub-pilsner-unique-bar-praha-nove-mesto.html;4.5;7;14.428369;50.076179;"250g Grilované kuřecí prsíčko plněné listovým špenátem, podávané s grilovanými cherry rajčátky a pečenými bramborami grenaille";"179 Kč"
https://www.firmy.cz/detail/13098804-the-pub-pilsner-unique-bar-praha-nove-mesto.html;4.5;7;14.428369;50.076179;"1200g Pečené plzeňské kolínko pečené zadní vepřové koleno v marinádě z Plzeňského Prazdroje, česneku, dijonské hořčice a rozmarýnu, podávané se smetanovým křenem, hořčicí, zelným salátem a čerstvým chlebem";"279 Kč"
https://www.firmy.cz/detail/13098804-the-pub-pilsner-unique-bar-praha-nove-mesto.html;4.5;7;14.428369;50.076179;"1/4 Pečená kachna po staročesku podávaná s červeným a moravským zelím a houskovými a bramborovými knedlíky";"209 Kč"
https://www.firmy.cz/detail/13098804-the-pub-pilsner-unique-bar-praha-nove-mesto.html;4.5;7;14.428369;50.076179;"150g Svíčková na smetaně podávaná s brusinkami, šlehačkou a houskovými knedlíky";"179 Kč"
https://www.firmy.cz/detail/13098804-the-pub-pilsner-unique-bar-praha-nove-mesto.html;4.5;7;14.428369;50.076179;"150g Plzeňský pivní guláš podávaný s houskovými knedlíky a čerstvou cibulkou";"179 Kč"
https://www.firmy.cz/detail/13098804-the-pub-pilsner-unique-bar-praha-nove-mesto.html;4.5;7;14.428369;50.076179;"200g Řízek z kuřecích prsíček NOVINKA podávaný s hranolky s citronem";"179 Kč"
https://www.firmy.cz/detail/13098804-the-pub-pilsner-unique-bar-praha-nove-mesto.html;4.5;7;14.428369;50.076179;"200g Řízek z vepřové krkovičky podávaný se šťouchanými bramborami a citronem";"179 Kč"
https://www.firmy.cz/detail/13098804-the-pub-pilsner-unique-bar-praha-nove-mesto.html;4.5;7;14.428369;50.076179;"200g Grilovaná Pražská šunka NOVINKA podávaná s hořčicí, smetanovým křenem, beraními rohy a čerstvým chlebem (3ks)";"179 Kč"
https://www.firmy.cz/detail/13098804-the-pub-pilsner-unique-bar-praha-nove-mesto.html;4.5;7;14.428369;50.076179;"150g Smažený Eidam podávaný s tatarskou omáčkou a hranolky";"179 Kč"
https://www.firmy.cz/detail/13098804-the-pub-pilsner-unique-bar-praha-nove-mesto.html;4.5;7;14.428369;50.076179;"150g Jablečný štrůdl podávaný s vanilkovou zmrzlinou a čerstvou šlehačkou";"69 Kč"
https://www.firmy.cz/detail/13098804-the-pub-pilsner-unique-bar-praha-nove-mesto.html;4.5;7;14.428369;50.076179;"80g BBQ omáčka";"49 Kč"
https://www.firmy.cz/detail/13098804-the-pub-pilsner-unique-bar-praha-nove-mesto.html;4.5;7;14.428369;50.076179;"80g Česnekový dip";"39 Kč"
https://www.firmy.cz/detail/13098804-the-pub-pilsner-unique-bar-praha-nove-mesto.html;4.5;7;14.428369;50.076179;"80g Mexická salsa";"39 Kč"
https://www.firmy.cz/detail/13098804-the-pub-pilsner-unique-bar-praha-nove-mesto.html;4.5;7;14.428369;50.076179;"80g Horký čedar";"49 Kč"
https://www.firmy.cz/detail/13098804-the-pub-pilsner-unique-bar-praha-nove-mesto.html;4.5;7;14.428369;50.076179;"80g Tatarská omáčka";"29 Kč"
https://www.firmy.cz/detail/13098804-the-pub-pilsner-unique-bar-praha-nove-mesto.html;4.5;7;14.428369;50.076179;"80g Zakysaná smetana";"29 Kč"
https://www.firmy.cz/detail/13098804-the-pub-pilsner-unique-bar-praha-nove-mesto.html;4.5;7;14.428369;50.076179;"80g Plnotučná hořčice";"29 Kč"
https://www.firmy.cz/detail/13098804-the-pub-pilsner-unique-bar-praha-nove-mesto.html;4.5;7;14.428369;50.076179;"80g Kečup Heinz";"29 Kč"
https://www.firmy.cz/detail/13098804-the-pub-pilsner-unique-bar-praha-nove-mesto.html;4.5;7;14.428369;50.076179;"200g Šťouchané brambory";"39 Kč"
https://www.firmy.cz/detail/13098804-the-pub-pilsner-unique-bar-praha-nove-mesto.html;4.5;7;14.428369;50.076179;"250g Grilovaná zelenina paprika, cibule, lilek, cuketa";"99 Kč"
https://www.firmy.cz/detail/13098804-the-pub-pilsner-unique-bar-praha-nove-mesto.html;4.5;7;14.428369;50.076179;"250g Grilovaná zelenina při změně přílohy";"69 Kč"
https://www.firmy.cz/detail/13098804-the-pub-pilsner-unique-bar-praha-nove-mesto.html;4.5;7;14.428369;50.076179;"200g Steakové hranolky";"39 Kč"
https://www.firmy.cz/detail/13098804-the-pub-pilsner-unique-bar-praha-nove-mesto.html;4.5;7;14.428369;50.076179;"200g Hranolky";"39 Kč"
https://www.firmy.cz/detail/13098804-the-pub-pilsner-unique-bar-praha-nove-mesto.html;4.5;7;14.428369;50.076179;"1ks Rozpečená bylinková bageta";"39 Kč"
https://www.firmy.cz/detail/13098804-the-pub-pilsner-unique-bar-praha-nove-mesto.html;4.5;7;14.428369;50.076179;"6ks Topinky s česnekem k tataráku";"39 Kč"
https://www.firmy.cz/detail/13098804-the-pub-pilsner-unique-bar-praha-nove-mesto.html;4.5;7;14.428369;50.076179;"1ks Ošatka chleba";"39 Kč"
https://www.firmy.cz/detail/13043568-hostinec-na-hrazi-podebrady-iii.html;4.4;69;15.129230;50.142118;"Hovězí vývar s masem a nudlemi";"47 Kč"
https://www.firmy.cz/detail/13043568-hostinec-na-hrazi-podebrady-iii.html;4.4;69;15.129230;50.142118;"Zelná s klobásou";"49 Kč"
https://www.firmy.cz/detail/13043568-hostinec-na-hrazi-podebrady-iii.html;4.4;69;15.129230;50.142118;"150g Hovězí chilli nudličky, rýže";"178 Kč"
https://www.firmy.cz/detail/13043568-hostinec-na-hrazi-podebrady-iii.html;4.4;69;15.129230;50.142118;"150g Bratislavská vepřová kýta, houskové knedlíky";"169 Kč"
https://www.firmy.cz/detail/13043568-hostinec-na-hrazi-podebrady-iii.html;4.4;69;15.129230;50.142118;"150g Moravský vrabec, zelí, bramborové knedlíky";"175 Kč"
https://www.firmy.cz/detail/13043568-hostinec-na-hrazi-podebrady-iii.html;4.4;69;15.129230;50.142118;"150g Smažený vepřový kotlet, šťouchané brambory";"185 Kč"
https://www.firmy.cz/detail/13043568-hostinec-na-hrazi-podebrady-iii.html;4.4;69;15.129230;50.142118;"150g Kuřecí směs se zeleninou, hranolky";"173 Kč"
https://www.firmy.cz/detail/13043568-hostinec-na-hrazi-podebrady-iii.html;4.4;69;15.129230;50.142118;"Medovník";"69 Kč"
https://www.firmy.cz/detail/13043568-hostinec-na-hrazi-podebrady-iii.html;4.4;69;15.129230;50.142118;"100g Tatarský biftek z pravé svíčkové, 4ks topinek";"189 Kč"
https://www.firmy.cz/detail/13043568-hostinec-na-hrazi-podebrady-iii.html;4.4;69;15.129230;50.142118;"80g Topinka s pikantní kuřecí směsí a sýrem";"125 Kč"
https://www.firmy.cz/detail/13043568-hostinec-na-hrazi-podebrady-iii.html;4.4;69;15.129230;50.142118;"60g Pražené mandle s tymiánem a chilli";"85 Kč"
https://www.firmy.cz/detail/13043568-hostinec-na-hrazi-podebrady-iii.html;4.4;69;15.129230;50.142118;"150g Tlačenka s cibulí a octem, chléb";"65 Kč"
https://www.firmy.cz/detail/13043568-hostinec-na-hrazi-podebrady-iii.html;4.4;69;15.129230;50.142118;"1ks Nakládaný hermelín, chléb";"85 Kč"
https://www.firmy.cz/detail/13043568-hostinec-na-hrazi-podebrady-iii.html;4.4;69;15.129230;50.142118;"Vývar s knedlíčky";"60 Kč"
https://www.firmy.cz/detail/13043568-hostinec-na-hrazi-podebrady-iii.html;4.4;69;15.129230;50.142118;"200g Telecí Hanger steak s pepřovou omáčkou";"285 Kč"
https://www.firmy.cz/detail/13043568-hostinec-na-hrazi-podebrady-iii.html;4.4;69;15.129230;50.142118;"200g Grilovaný Rump steak s marinovanou cibulkou a bylinkovým dipem";"305 Kč"
https://www.firmy.cz/detail/13043568-hostinec-na-hrazi-podebrady-iii.html;4.4;69;15.129230;50.142118;"200g Hovězí burger, steakové hranolky";"255 Kč"
https://www.firmy.cz/detail/13043568-hostinec-na-hrazi-podebrady-iii.html;4.4;69;15.129230;50.142118;"750g Vepřová žebírka na medu a chilli, hořčice, křen, chléb";"285 Kč"
https://www.firmy.cz/detail/13043568-hostinec-na-hrazi-podebrady-iii.html;4.4;69;15.129230;50.142118;"1kg Pečené koleno, hořčice, křen, chléb";"305 Kč"
https://www.firmy.cz/detail/13043568-hostinec-na-hrazi-podebrady-iii.html;4.4;69;15.129230;50.142118;"200g Vepřová panenka se smetanovo-hříbkovou omáčkou";"265 Kč"
https://www.firmy.cz/detail/13043568-hostinec-na-hrazi-podebrady-iii.html;4.4;69;15.129230;50.142118;"200g Řezy z vepřové panenky na fazolových luscích se slaninou";"265 Kč"
https://www.firmy.cz/detail/13043568-hostinec-na-hrazi-podebrady-iii.html;4.4;69;15.129230;50.142118;"200g Grilovaná krkovička s restovanou slaninou, česnekem, cibulí a feferonkou";"235 Kč"
https://www.firmy.cz/detail/13043568-hostinec-na-hrazi-podebrady-iii.html;4.4;69;15.129230;50.142118;"150g Vepřové nudličky se zeleninou a žampiony";"205 Kč"
https://www.firmy.cz/detail/13043568-hostinec-na-hrazi-podebrady-iii.html;4.4;69;15.129230;50.142118;"200g Kuřecí steak na bylinkách s grilovanou zeleninou";"255 Kč"
https://www.firmy.cz/detail/13043568-hostinec-na-hrazi-podebrady-iii.html;4.4;69;15.129230;50.142118;"150g Ďábelská pánev";"205 Kč"
https://www.firmy.cz/detail/13043568-hostinec-na-hrazi-podebrady-iii.html;4.4;69;15.129230;50.142118;"200g Kuřecí medailonky s omáčkou z modrého sýra";"245 Kč"
https://www.firmy.cz/detail/13043568-hostinec-na-hrazi-podebrady-iii.html;4.4;69;15.129230;50.142118;"180g Smažený kuřecí/vepřový řízek";"165 Kč"
https://www.firmy.cz/detail/13043568-hostinec-na-hrazi-podebrady-iii.html;4.4;69;15.129230;50.142118;"250g Bramborové noky s kuřecím masem, špenátem v sýrové omáčce, parmezán";"205 Kč"
https://www.firmy.cz/detail/13043568-hostinec-na-hrazi-podebrady-iii.html;4.4;69;15.129230;50.142118;"100g Smažený sýr, tatarská omáčka";"135 Kč"
https://www.firmy.cz/detail/13043568-hostinec-na-hrazi-podebrady-iii.html;4.4;69;15.129230;50.142118;"150g Caesar salát (římský salát, rajčata, kuřecí maso 150g, ančovičkový dressing parmazán, krutony)";"225 Kč"
https://www.firmy.cz/detail/13043568-hostinec-na-hrazi-podebrady-iii.html;4.4;69;15.129230;50.142118;"200g Šopský salát s balkánským";"85 Kč"
https://www.firmy.cz/detail/13043568-hostinec-na-hrazi-podebrady-iii.html;4.4;69;15.129230;50.142118;"300g Pestrý salát s grilovaným hovězím";"225 Kč"
https://www.firmy.cz/detail/13043568-hostinec-na-hrazi-podebrady-iii.html;4.4;69;15.129230;50.142118;"Zmrzlinový pohár s horkými malinami";"125 Kč"
https://www.firmy.cz/detail/13043568-hostinec-na-hrazi-podebrady-iii.html;4.4;69;15.129230;50.142118;"Dort dle výběru";"75 Kč"
https://www.firmy.cz/detail/13043568-hostinec-na-hrazi-podebrady-iii.html;4.4;69;15.129230;50.142118;"150g Smažené hranolky";"50 Kč"
https://www.firmy.cz/detail/13043568-hostinec-na-hrazi-podebrady-iii.html;4.4;69;15.129230;50.142118;"150g Vařené brambory s máslem a petrželkou";"40 Kč"
https://www.firmy.cz/detail/13043568-hostinec-na-hrazi-podebrady-iii.html;4.4;69;15.129230;50.142118;"3ks Domácí bramboráčky";"55 Kč"
https://www.firmy.cz/detail/13043568-hostinec-na-hrazi-podebrady-iii.html;4.4;69;15.129230;50.142118;"200g Grilovaná čerstvá zelenina (rajčata, cuketa paprika červená cibule, rozmarýn)";"95 Kč"
https://www.firmy.cz/detail/13043568-hostinec-na-hrazi-podebrady-iii.html;4.4;69;15.129230;50.142118;"150g Opečené brambory";"45 Kč"
https://www.firmy.cz/detail/13043568-hostinec-na-hrazi-podebrady-iii.html;4.4;69;15.129230;50.142118;"150g Vařená rýže";"45 Kč"
https://www.firmy.cz/detail/13043568-hostinec-na-hrazi-podebrady-iii.html;4.4;69;15.129230;50.142118;"1ks Chléb, rohlík";"10 Kč"
https://www.firmy.cz/detail/13043568-hostinec-na-hrazi-podebrady-iii.html;4.4;69;15.129230;50.142118;"1ks Topinka";"15 Kč"
https://www.firmy.cz/detail/13043568-hostinec-na-hrazi-podebrady-iii.html;4.4;69;15.129230;50.142118;"50g Tatarská omáčka";"25 Kč"
https://www.firmy.cz/detail/13043568-hostinec-na-hrazi-podebrady-iii.html;4.4;69;15.129230;50.142118;"50g Chilli omáčka";"25 Kč"
https://www.firmy.cz/detail/13043568-hostinec-na-hrazi-podebrady-iii.html;4.4;69;15.129230;50.142118;"50g Bylinkový dip";"25 Kč"
https://www.firmy.cz/detail/13043568-hostinec-na-hrazi-podebrady-iii.html;4.4;69;15.129230;50.142118;"50g Kečup";"25 Kč"
https://www.firmy.cz/detail/2195494-hostinec-u-seminaru-brno-veveri.html;4.7;63;16.606002;49.203477;"150 g Čočka na kyselo s grilovanou klobásou, sázeným vejcem a kyselým okurkem, valašský chleba";"175 Kč"
https://www.firmy.cz/detail/2195494-hostinec-u-seminaru-brno-veveri.html;4.7;63;16.606002;49.203477;"150 g Krůtí prsní steak Caprese s mozzarellou, rajčaty a bazalkovým pestem, mačkané brambory s máslem a petrželkou";"189 Kč"
https://www.firmy.cz/detail/2195494-hostinec-u-seminaru-brno-veveri.html;4.7;63;16.606002;49.203477;"150 g Španělský ptáček s dušenou rýží Basmati nebo houskovým knedlíkem";"269 Kč"
https://www.firmy.cz/detail/2195494-hostinec-u-seminaru-brno-veveri.html;4.7;63;16.606002;49.203477;"0, 33 l Hovězí vývar s domácími játrovými knedlíčky, nudlemi a zeleninou";"81 Kč"
https://www.firmy.cz/detail/2195494-hostinec-u-seminaru-brno-veveri.html;4.7;63;16.606002;49.203477;"0, 33 l Moravská kyselica s uzeným masem, klobásou, houbami a zakysanou smetanou";"87 Kč"
https://www.firmy.cz/detail/2195494-hostinec-u-seminaru-brno-veveri.html;4.7;63;16.606002;49.203477;"100g DOMÁCÍ PAŠTIKA Z KACHNÍCH JATER s portským vínem a sušenými švestkami, brusinková omáčka, toast";"159 Kč"
https://www.firmy.cz/detail/2195494-hostinec-u-seminaru-brno-veveri.html;4.7;63;16.606002;49.203477;"150g PEČENÁ MARINOVANÁ ČERVENÁ ŘEPA s kozím sýrem (z farmy manželů Sedlákových ze Šošůvky) , rukolou a slunečnicovými semínky, toast";"165 Kč"
https://www.firmy.cz/detail/2195494-hostinec-u-seminaru-brno-veveri.html;4.7;63;16.606002;49.203477;"120g DOMÁCÍ NAKLÁDANÝ HERMELÍN s červenou cibulí, feferonkou a lutěnicí";"135 Kč"
https://www.firmy.cz/detail/2195494-hostinec-u-seminaru-brno-veveri.html;4.7;63;16.606002;49.203477;"200g TAFELSPITZ tradiční pokrm Rakouska - Uherska vařená hovězí květová špička ve vývaru s kořenovou zeleninou, strouhanými bramborami restovanými s čerstvou majoránkou, studenou pažitkovou omáčkou a jablečným křenem";"349 Kč"
https://www.firmy.cz/detail/2195494-hostinec-u-seminaru-brno-veveri.html;4.7;63;16.606002;49.203477;"150g VÍDEŇSKÝ ŘÍZEK telecí kýta smažená v trojobalu s rakouským bramborovým salátem";"325 Kč"
https://www.firmy.cz/detail/2195494-hostinec-u-seminaru-brno-veveri.html;4.7;63;16.606002;49.203477;"200g HOVĚZÍ KRK konfitovaný s česnekem a bylinkami, listový špenát, domácí bramborové placky";"284 Kč"
https://www.firmy.cz/detail/2195494-hostinec-u-seminaru-brno-veveri.html;4.7;63;16.606002;49.203477;"150g SVÍČKOVÁ NA SMETANĚ s brusinkovou zavařeninou a domácím žemlovým a kynutým knedlíkem";"272 Kč"
https://www.firmy.cz/detail/2195494-hostinec-u-seminaru-brno-veveri.html;4.7;63;16.606002;49.203477;"200g ROLÁDA Z VYKOSTĚNÉHO KUŘECÍHO STEHNA plněná bylinkovou nádivkou s bramborovou kaší a domácím ovocným kompotem (dle sezónní nabídky)";"262 Kč"
https://www.firmy.cz/detail/2195494-hostinec-u-seminaru-brno-veveri.html;4.7;63;16.606002;49.203477;"200g ŠPIKOVANÁ VEPŘOVÁ PANENKA s pepřovou demi glace omáčkou, šťouchané brambory s máslem a restovanou cibulkou";"292 Kč"
https://www.firmy.cz/detail/2195494-hostinec-u-seminaru-brno-veveri.html;4.7;63;16.606002;49.203477;"600g MASITÁ VEPŘOVÁ ŽEBRA pečená v medovo-pivní marinádě s feferony, hořčicí, jablečným křenem a čerstvým nebo rozpečeným chlebem";"345 Kč"
https://www.firmy.cz/detail/2195494-hostinec-u-seminaru-brno-veveri.html;4.7;63;16.606002;49.203477;"150g TATARSKÝ BIFTEK s topinkami a česnekem";"279 Kč"
https://www.firmy.cz/detail/2195494-hostinec-u-seminaru-brno-veveri.html;4.7;63;16.606002;49.203477;"300g HALUŠKY s brynzou a restovanou slaninou (brynza z kozí farmy manželů Sedlákových ze Šošůvky)";"225 Kč"
https://www.firmy.cz/detail/2195494-hostinec-u-seminaru-brno-veveri.html;4.7;63;16.606002;49.203477;"PEČENÁ KACHNA příloha dle dohody s obsluhujícím personálem";"1180 Kč"
https://www.firmy.cz/detail/2195494-hostinec-u-seminaru-brno-veveri.html;4.7;63;16.606002;49.203477;"1kus PEČENÉ VEPŘOVÉ KOLENO s feferony, hořčicí, jablečným křenem a čerstvým nebo rozpečeným chlebem (cena za 100 g)";"37 Kč"
https://www.firmy.cz/detail/2195494-hostinec-u-seminaru-brno-veveri.html;4.7;63;16.606002;49.203477;"DOMÁCÍ TAŠTIČKY Z BRAMBOROVÉHO TĚSTA s rumovými povidly, máslem a opraženou strouhankou";"142 Kč"
https://www.firmy.cz/detail/2195494-hostinec-u-seminaru-brno-veveri.html;4.7;63;16.606002;49.203477;"Kopeček zmrzliny dle denní nabídky";"38 Kč"
https://www.firmy.cz/detail/2195494-hostinec-u-seminaru-brno-veveri.html;4.7;63;16.606002;49.203477;"200 g MÍCHANÝ ZELENINOVÝ SALÁT rajče, okurek, paprika, červená cibule, vinaigrette dresink Na požádání připravíme i jednodruhový zeleninový salát.";"92 Kč"
https://www.firmy.cz/detail/338026-hostinec-u-zlodejky-havlickuv-brod.html;3.6;16;15.579510;49.605265;"Vývar s masem a nudlemi";"33 Kč"
https://www.firmy.cz/detail/338026-hostinec-u-zlodejky-havlickuv-brod.html;3.6;16;15.579510;49.605265;"Polévka k hlavnímu jídlu";"17 Kč"
https://www.firmy.cz/detail/338026-hostinec-u-zlodejky-havlickuv-brod.html;3.6;16;15.579510;49.605265;"130 Vepřový plátek na houbách se smetanou, houskový knedlík";"119 Kč"
https://www.firmy.cz/detail/338026-hostinec-u-zlodejky-havlickuv-brod.html;3.6;16;15.579510;49.605265;"130 Staročeská vepřová krkovička na česneku a cibuli, bramborové knedlíky, kysané zelí";"119 Kč"
https://www.firmy.cz/detail/338026-hostinec-u-zlodejky-havlickuv-brod.html;3.6;16;15.579510;49.605265;"130 Krčmářská masová směs (vepřové maso, klobása, cibule, feferonka) , dušená rýže";"119 Kč"
https://www.firmy.cz/detail/338026-hostinec-u-zlodejky-havlickuv-brod.html;3.6;16;15.579510;49.605265;"300 Srbské rizoto s vepřovým masem, sypané strouhaným sýrem, sterilovaná okurka";"119 Kč"
https://www.firmy.cz/detail/338026-hostinec-u-zlodejky-havlickuv-brod.html;3.6;16;15.579510;49.605265;"200 Smažené žampiony, vařené brambory, tatarská omáčka";"119 Kč"
https://www.firmy.cz/detail/338026-hostinec-u-zlodejky-havlickuv-brod.html;3.6;16;15.579510;49.605265;"0, 3l Domácí česnečka se šunkou, sýrem a krutony";"45 Kč"
https://www.firmy.cz/detail/338026-hostinec-u-zlodejky-havlickuv-brod.html;3.6;16;15.579510;49.605265;"0, 3l Dle denní nabídky";"40 Kč"
https://www.firmy.cz/detail/338026-hostinec-u-zlodejky-havlickuv-brod.html;3.6;16;15.579510;49.605265;"1ks Pikantní petrovický utopenec s cibulkou a feferonkou";"75 Kč"
https://www.firmy.cz/detail/338026-hostinec-u-zlodejky-havlickuv-brod.html;3.6;16;15.579510;49.605265;"1ks Pikantní topinka s kuřecím masem, zeleninou a sýrem";"110 Kč"
https://www.firmy.cz/detail/338026-hostinec-u-zlodejky-havlickuv-brod.html;3.6;16;15.579510;49.605265;"1ks Nakládaný hermelín s feferonkou";"75 Kč"
https://www.firmy.cz/detail/338026-hostinec-u-zlodejky-havlickuv-brod.html;3.6;16;15.579510;49.605265;"4ks Smažené bramboráčky s sýrem";"65 Kč"
https://www.firmy.cz/detail/338026-hostinec-u-zlodejky-havlickuv-brod.html;3.6;16;15.579510;49.605265;"150g Hovězí guláš Zlodějka s bramboráčky a volským okem";"195 Kč"
https://www.firmy.cz/detail/338026-hostinec-u-zlodejky-havlickuv-brod.html;3.6;16;15.579510;49.605265;"150g Staročeská vepřová krkovička, bramborové knedlíky, červené zelí";"175 Kč"
https://www.firmy.cz/detail/338026-hostinec-u-zlodejky-havlickuv-brod.html;3.6;16;15.579510;49.605265;"200g MASOVÁ SMĚS „ZLODĚJKA“, bramboráčky";"219 Kč"
https://www.firmy.cz/detail/338026-hostinec-u-zlodejky-havlickuv-brod.html;3.6;16;15.579510;49.605265;"300g GURMÁNSKÉ PRKNO (grilovaná krkovička, vepřová panenka, kuřecí prsa) podavané s tatarskou omáčkou, sweet chilly omáčkou a bylinkovým dressingem";"290 Kč"
https://www.firmy.cz/detail/338026-hostinec-u-zlodejky-havlickuv-brod.html;3.6;16;15.579510;49.605265;"150g Tatarský biftek s topinkami připravujeme na vlastní přání";"225 Kč"
https://www.firmy.cz/detail/338026-hostinec-u-zlodejky-havlickuv-brod.html;3.6;16;15.579510;49.605265;"200g STEAK z vepřové krkovičky s fazolovými lusky restovanými na slanině";"195 Kč"
https://www.firmy.cz/detail/338026-hostinec-u-zlodejky-havlickuv-brod.html;3.6;16;15.579510;49.605265;"200g STEAK z vepřové krkovičky s pepřovo-smetanovou omáčkou";"175 Kč"
https://www.firmy.cz/detail/338026-hostinec-u-zlodejky-havlickuv-brod.html;3.6;16;15.579510;49.605265;"200g STEAK z kuřecích prsíček na bylinkovém másle";"165 Kč"
https://www.firmy.cz/detail/338026-hostinec-u-zlodejky-havlickuv-brod.html;3.6;16;15.579510;49.605265;"200g Medailonky z vepřové panenky se švestkovou omáčkou";"195 Kč"
https://www.firmy.cz/detail/338026-hostinec-u-zlodejky-havlickuv-brod.html;3.6;16;15.579510;49.605265;"200g Filírovaná kuřecí prsíčka na lůžku z restované zeleniny";"175 Kč"
https://www.firmy.cz/detail/338026-hostinec-u-zlodejky-havlickuv-brod.html;3.6;16;15.579510;49.605265;"150g Smažený vepřový řízek, citron, okurka";"145 Kč"
https://www.firmy.cz/detail/338026-hostinec-u-zlodejky-havlickuv-brod.html;3.6;16;15.579510;49.605265;"150g Smažený kuřecí řízek, citron, okurka";"145 Kč"
https://www.firmy.cz/detail/338026-hostinec-u-zlodejky-havlickuv-brod.html;3.6;16;15.579510;49.605265;"120g Smažený eidam";"135 Kč"
https://www.firmy.cz/detail/338026-hostinec-u-zlodejky-havlickuv-brod.html;3.6;16;15.579510;49.605265;"100g Smažený hermelín";"135 Kč"
https://www.firmy.cz/detail/338026-hostinec-u-zlodejky-havlickuv-brod.html;3.6;16;15.579510;49.605265;"200g Těstoviny „ penne Aglio Olio Peperoncini „ s kuřecím masem sypané parmazáne";"195 Kč"
https://www.firmy.cz/detail/338026-hostinec-u-zlodejky-havlickuv-brod.html;3.6;16;15.579510;49.605265;"300g Jemné rizoto s kuřecími prsíčky, žampiony, zeleninou a eidamem";"185 Kč"
https://www.firmy.cz/detail/338026-hostinec-u-zlodejky-havlickuv-brod.html;3.6;16;15.579510;49.605265;"Smažený filet z Aljašské tresky";"135 Kč"
https://www.firmy.cz/detail/338026-hostinec-u-zlodejky-havlickuv-brod.html;3.6;16;15.579510;49.605265;"100g Smažený kuřecí řízek, hranolky";"149 Kč"
https://www.firmy.cz/detail/338026-hostinec-u-zlodejky-havlickuv-brod.html;3.6;16;15.579510;49.605265;"100g Přírodní kuřecí plátek, vařené brambory, baby karotka";"155 Kč"
https://www.firmy.cz/detail/338026-hostinec-u-zlodejky-havlickuv-brod.html;3.6;16;15.579510;49.605265;"150g Šopský salát s balkánským sýrem";"115 Kč"
https://www.firmy.cz/detail/338026-hostinec-u-zlodejky-havlickuv-brod.html;3.6;16;15.579510;49.605265;"150g Rajčatový salát s cibulkou";"75 Kč"
https://www.firmy.cz/detail/338026-hostinec-u-zlodejky-havlickuv-brod.html;3.6;16;15.579510;49.605265;"150g Okurkový salát v sladkokyselěm nálevu";"65 Kč"
https://www.firmy.cz/detail/338026-hostinec-u-zlodejky-havlickuv-brod.html;3.6;16;15.579510;49.605265;"1ks Palačinka s ovocem, šlehačkou a čokoládou";"85 Kč"
https://www.firmy.cz/detail/338026-hostinec-u-zlodejky-havlickuv-brod.html;3.6;16;15.579510;49.605265;"1ks Zmrzlinový pohár s ovocem, šlehačkou a čokoládou";"65 Kč"
https://www.firmy.cz/detail/338026-hostinec-u-zlodejky-havlickuv-brod.html;3.6;16;15.579510;49.605265;"150g Grilované zelené fazolové lusky se slaninou";"50 Kč"
https://www.firmy.cz/detail/338026-hostinec-u-zlodejky-havlickuv-brod.html;3.6;16;15.579510;49.605265;"4ks Smažené bramboráčky";"40 Kč"
https://www.firmy.cz/detail/338026-hostinec-u-zlodejky-havlickuv-brod.html;3.6;16;15.579510;49.605265;"200g Dušená rýže";"40 Kč"
https://www.firmy.cz/detail/338026-hostinec-u-zlodejky-havlickuv-brod.html;3.6;16;15.579510;49.605265;"250g Americké brambory";"40 Kč"
https://www.firmy.cz/detail/338026-hostinec-u-zlodejky-havlickuv-brod.html;3.6;16;15.579510;49.605265;"250g Opečené brambory";"40 Kč"
https://www.firmy.cz/detail/338026-hostinec-u-zlodejky-havlickuv-brod.html;3.6;16;15.579510;49.605265;"250g Vařené brambory";"35 Kč"
https://www.firmy.cz/detail/338026-hostinec-u-zlodejky-havlickuv-brod.html;3.6;16;15.579510;49.605265;"250g Vařené brambory maštěné máslem nebo sádlem";"40 Kč"
https://www.firmy.cz/detail/338026-hostinec-u-zlodejky-havlickuv-brod.html;3.6;16;15.579510;49.605265;"250g Hranolky";"40 Kč"
https://www.firmy.cz/detail/338026-hostinec-u-zlodejky-havlickuv-brod.html;3.6;16;15.579510;49.605265;"150g Houskové knedlíky";"40 Kč"
https://www.firmy.cz/detail/338026-hostinec-u-zlodejky-havlickuv-brod.html;3.6;16;15.579510;49.605265;"150g Bramborové knedlíky";"40 Kč"
https://www.firmy.cz/detail/338026-hostinec-u-zlodejky-havlickuv-brod.html;3.6;16;15.579510;49.605265;"50g Tatarská omáčka";"30 Kč"
https://www.firmy.cz/detail/338026-hostinec-u-zlodejky-havlickuv-brod.html;3.6;16;15.579510;49.605265;"50g Dressing dle nabídky";"30 Kč"
https://www.firmy.cz/detail/338026-hostinec-u-zlodejky-havlickuv-brod.html;3.6;16;15.579510;49.605265;"50g Kečup";"30 Kč"
https://www.firmy.cz/detail/338026-hostinec-u-zlodejky-havlickuv-brod.html;3.6;16;15.579510;49.605265;"20g Čerstvý strouhaný křen";"5 Kč"
https://www.firmy.cz/detail/338026-hostinec-u-zlodejky-havlickuv-brod.html;3.6;16;15.579510;49.605265;"50g Sterilovaná okurka";"5 Kč"
https://www.firmy.cz/detail/338026-hostinec-u-zlodejky-havlickuv-brod.html;3.6;16;15.579510;49.605265;"1ks Pečivo";"5 Kč"
https://www.firmy.cz/detail/338026-hostinec-u-zlodejky-havlickuv-brod.html;3.6;16;15.579510;49.605265;"1ks Chléb";"3 Kč"
https://www.firmy.cz/detail/12937807-hospudka-u-polehlu-kramolin.html;4.4;18;16.132753;49.133957;"150g Rajská omáčka, masové koule, těstoviny";"115 Kč"
https://www.firmy.cz/detail/12937807-hospudka-u-polehlu-kramolin.html;4.4;18;16.132753;49.133957;"350g Kynuté knedlíky s jahodami, tvaroh, máslo";"140 Kč"
https://www.firmy.cz/detail/12937807-hospudka-u-polehlu-kramolin.html;4.4;18;16.132753;49.133957;"150g Smažený kuřecí/vepřový řízek, příloha dle výběru";"159 Kč"
https://www.firmy.cz/detail/12937807-hospudka-u-polehlu-kramolin.html;4.4;18;16.132753;49.133957;"120g Smažený sýr příloha dle výběru";"149 Kč"
https://www.firmy.cz/detail/12937807-hospudka-u-polehlu-kramolin.html;4.4;18;16.132753;49.133957;"100g Smažený kuřecí řízek, příloha dle výběru";"129 Kč"
https://www.firmy.cz/detail/12937807-hospudka-u-polehlu-kramolin.html;4.4;18;16.132753;49.133957;"80g Smažený sýr, příloha dle výběru";"119 Kč"
https://www.firmy.cz/detail/13024465-hostinec-na-kamyku-praha-kamyk.html;4.2;42;14.442012;50.017620;"Čočková";"45 Kč"
https://www.firmy.cz/detail/13024465-hostinec-na-kamyku-praha-kamyk.html;4.2;42;14.442012;50.017620;"350g Quesadilla s kuřecím masem, drcenými rajčaty, cuketou, eidamem, bylinkový dip";"165 Kč"
https://www.firmy.cz/detail/13024465-hostinec-na-kamyku-praha-kamyk.html;4.2;42;14.442012;50.017620;"150g Gril. krůtí prsa zapečená s goudou a slaninkou, mačkané brambory s jarní cibulkou";"169 Kč"
https://www.firmy.cz/detail/13024465-hostinec-na-kamyku-praha-kamyk.html;4.2;42;14.442012;50.017620;"150g Segedínský guláš, houskový knedlík";"159 Kč"
https://www.firmy.cz/detail/13024465-hostinec-na-kamyku-praha-kamyk.html;4.2;42;14.442012;50.017620;"400g Šunkofleky s uzeným masem, vejcem, kyselá okurka";"159 Kč"
https://www.firmy.cz/detail/13024465-hostinec-na-kamyku-praha-kamyk.html;4.2;42;14.442012;50.017620;"BURGER KLAUS - 160g kravky z balkánských stepí, parmazánová majonéza, swiss cheese, grilovaná slaninka, rajče, smažená cibulka, salát";"169 Kč"
https://www.firmy.cz/detail/13024465-hostinec-na-kamyku-praha-kamyk.html;4.2;42;14.442012;50.017620;"Dle denní nabídky";"69 Kč"
https://www.firmy.cz/detail/13024465-hostinec-na-kamyku-praha-kamyk.html;4.2;42;14.442012;50.017620;"90g Domácí pomazánka s třeným pivním sýrem, červenou cibulkou a topinkami";"139 Kč"
https://www.firmy.cz/detail/13024465-hostinec-na-kamyku-praha-kamyk.html;4.2;42;14.442012;50.017620;"130g Hovězí tatarák s opékanými topinkami";"235 Kč"
https://www.firmy.cz/detail/13024465-hostinec-na-kamyku-praha-kamyk.html;4.2;42;14.442012;50.017620;"80g Domácí škvarková pomazánka s nakládanou okurkou, cibulkou a chlebem";"115 Kč"
https://www.firmy.cz/detail/13024465-hostinec-na-kamyku-praha-kamyk.html;4.2;42;14.442012;50.017620;"10ks Cibulové kroužky v pivním těstíčku s naší majonézou";"128 Kč"
https://www.firmy.cz/detail/13024465-hostinec-na-kamyku-praha-kamyk.html;4.2;42;14.442012;50.017620;"120g Čerstvé bramborové lupínky, se slaninovými chipsy a domácí majonézou";"145 Kč"
https://www.firmy.cz/detail/13024465-hostinec-na-kamyku-praha-kamyk.html;4.2;42;14.442012;50.017620;"1ks Vltavský utopenec, pečivo";"107 Kč"
https://www.firmy.cz/detail/13024465-hostinec-na-kamyku-praha-kamyk.html;4.2;42;14.442012;50.017620;"100g Nakládaný Hermelín s omáčkou z pečených paprik, pečivo";"135 Kč"
https://www.firmy.cz/detail/13024465-hostinec-na-kamyku-praha-kamyk.html;4.2;42;14.442012;50.017620;"90g Přírodní pařený ovčí sýr s olivami a červenou cibulkou";"155 Kč"
https://www.firmy.cz/detail/13024465-hostinec-na-kamyku-praha-kamyk.html;4.2;42;14.442012;50.017620;"150g KLASIK - naše majonéza, gouda, nakládané okurky, rajčata, červená cibule, grilovaná slanina, čerstvý salát";"202 Kč"
https://www.firmy.cz/detail/13024465-hostinec-na-kamyku-praha-kamyk.html;4.2;42;14.442012;50.017620;"300g KLASIK - naše majonéza, gouda, nakládané okurky, rajčata, červená cibule, grilovaná slanina, čerstvý salát";"264 Kč"
https://www.firmy.cz/detail/13024465-hostinec-na-kamyku-praha-kamyk.html;4.2;42;14.442012;50.017620;"150g ROUTE 66 - medovo-hořčičná majonéza, gouda, parmská šunka, vídeňská cibulka, sušená rajčata, rukola";"207 Kč"
https://www.firmy.cz/detail/13024465-hostinec-na-kamyku-praha-kamyk.html;4.2;42;14.442012;50.017620;"300g ROUTE 66 - medovo-hořčičná majonéza, gouda, parmská šunka, vídeňská cibulka, sušená rajčata, rukola";"269 Kč"
https://www.firmy.cz/detail/13024465-hostinec-na-kamyku-praha-kamyk.html;4.2;42;14.442012;50.017620;"150g JALAPEŇO - chipotle majonéza, čedar, pečené vejce, jalapeňos papričky, slaninový chips, hořčice, čerstvý salát";"207 Kč"
https://www.firmy.cz/detail/13024465-hostinec-na-kamyku-praha-kamyk.html;4.2;42;14.442012;50.017620;"300g JALAPEŇO - chipotle majonéza, čedar, pečené vejce, jalapeňos papričky, slaninový chips, hořčice, čerstvý salát";"269 Kč"
https://www.firmy.cz/detail/13024465-hostinec-na-kamyku-praha-kamyk.html;4.2;42;14.442012;50.017620;"150g TOM-IR - parmazánová majonéza, čedar, grilovaná slaninka, plátky čerstvé okurky, náš kečup, salát";"204 Kč"
https://www.firmy.cz/detail/13024465-hostinec-na-kamyku-praha-kamyk.html;4.2;42;14.442012;50.017620;"300g TOM-IR - parmazánová majonéza, čedar, grilovaná slaninka, plátky čerstvé okurky, náš kečup, salát";"266 Kč"
https://www.firmy.cz/detail/13024465-hostinec-na-kamyku-praha-kamyk.html;4.2;42;14.442012;50.017620;"120g WEGGIE - naše majonéza, grilovaný camembert, brusinky, smažená cibulka, BBQ omáčka, rukola";"202 Kč"
https://www.firmy.cz/detail/13024465-hostinec-na-kamyku-praha-kamyk.html;4.2;42;14.442012;50.017620;"1ks Pečené vepřové koleno s hořčicí, křenem, beraními rohy, pečivo (cca800g)";"289 Kč"
https://www.firmy.cz/detail/13024465-hostinec-na-kamyku-praha-kamyk.html;4.2;42;14.442012;50.017620;"480g Marinované vepřové žebra, pečené v medové omáčce s uzenou solí, podávané s hořčicí, křenem a beraními rohy, pečivo";"279 Kč"
https://www.firmy.cz/detail/13024465-hostinec-na-kamyku-praha-kamyk.html;4.2;42;14.442012;50.017620;"500g Pečená kuřecí křídélka s čerstvou zeleninou a dipem dle vašeho výběru, (Buffalo/med)";"239 Kč"
https://www.firmy.cz/detail/13024465-hostinec-na-kamyku-praha-kamyk.html;4.2;42;14.442012;50.017620;"BBQ omáčkou a česnekovým dipem ze zakysané smetany";"247 Kč"
https://www.firmy.cz/detail/13024465-hostinec-na-kamyku-praha-kamyk.html;4.2;42;14.442012;50.017620;"200g ované Gril krůtí prsa, s restovanými cherry rajčaty, balkánským sýrem, bylinkovým pestem, domácími hranolky";"265 Kč"
https://www.firmy.cz/detail/13024465-hostinec-na-kamyku-praha-kamyk.html;4.2;42;14.442012;50.017620;"200g Grilovaná vepřová panenka obalená ve slanince, smetanová pepřová omáčka, steakové hranolky";"265 Kč"
https://www.firmy.cz/detail/13024465-hostinec-na-kamyku-praha-kamyk.html;4.2;42;14.442012;50.017620;"200g Filírovaný hovězí pupek z grilu, s restovanou sezónní zeleninou a nakuřovanou BBQ omáčkou s hořčicí";"285 Kč"
https://www.firmy.cz/detail/13024465-hostinec-na-kamyku-praha-kamyk.html;4.2;42;14.442012;50.017620;"170g Kuřecí / Vepřový řízek se šťouchaným bramborem, kyselou okurkou";"205 Kč"
https://www.firmy.cz/detail/13024465-hostinec-na-kamyku-praha-kamyk.html;4.2;42;14.442012;50.017620;"150g Smažený sýr, steakové hranolky, naše tatarka";"207 Kč"
https://www.firmy.cz/detail/13024465-hostinec-na-kamyku-praha-kamyk.html;4.2;42;14.442012;50.017620;"200g Grilované vepřové játra, vídeňská cibulka, naše hranolky, domácí tatarská omáčka";"208 Kč"
https://www.firmy.cz/detail/13024465-hostinec-na-kamyku-praha-kamyk.html;4.2;42;14.442012;50.017620;"CAESAR SALÁT - listy římského salátu s parmazánovým dresinkem, rajčaty, pečeným vejcem, grilovaným kuřetem, s hobliny parmazánu a toustem";"215 Kč"
https://www.firmy.cz/detail/13024465-hostinec-na-kamyku-praha-kamyk.html;4.2;42;14.442012;50.017620;"MOZZARELLA SALÁT - čerstvé listové saláty, s mozzarellou, rajčaty, bazalkovým pestem, praženými semínky a balsamikovou reduí";"197 Kč"
https://www.firmy.cz/detail/13024465-hostinec-na-kamyku-praha-kamyk.html;4.2;42;14.442012;50.017620;"COLESLAW SALÁT - čerstvé zelí, mrkev, domácí majonéza";"95 Kč"
https://www.firmy.cz/detail/13024465-hostinec-na-kamyku-praha-kamyk.html;4.2;42;14.442012;50.017620;"120g Křupavé kuřecí řízečky, naše hranolky, kečup";"159 Kč"
https://www.firmy.cz/detail/13024465-hostinec-na-kamyku-praha-kamyk.html;4.2;42;14.442012;50.017620;"350g Špagety pomodoro s cherry rajčaty a strouhaným parmazánem";"188 Kč"
https://www.firmy.cz/detail/13024465-hostinec-na-kamyku-praha-kamyk.html;4.2;42;14.442012;50.017620;"2ks Palačinky s jahodovým džemem, lesním ovocem a šlehačkou";"119 Kč"
https://www.firmy.cz/detail/13024465-hostinec-na-kamyku-praha-kamyk.html;4.2;42;14.442012;50.017620;"Bagetka rovnou z pece s bylinkovo - česnekovým máslem";"59 Kč"
https://www.firmy.cz/detail/13024465-hostinec-na-kamyku-praha-kamyk.html;4.2;42;14.442012;50.017620;"Naše domácí steakové hranolky";"55 Kč"
https://www.firmy.cz/detail/13024465-hostinec-na-kamyku-praha-kamyk.html;4.2;42;14.442012;50.017620;"Grilovaná sezónní zelenina";"89 Kč"
https://www.firmy.cz/detail/13024465-hostinec-na-kamyku-praha-kamyk.html;4.2;42;14.442012;50.017620;"Šťouchané brambory s cibulkou";"55 Kč"
https://www.firmy.cz/detail/13024465-hostinec-na-kamyku-praha-kamyk.html;4.2;42;14.442012;50.017620;"Naše majonéza s okurčičkami a kapary";"35 Kč"
https://www.firmy.cz/detail/13024465-hostinec-na-kamyku-praha-kamyk.html;4.2;42;14.442012;50.017620;"BBQ";"35 Kč"
https://www.firmy.cz/detail/13024465-hostinec-na-kamyku-praha-kamyk.html;4.2;42;14.442012;50.017620;"Parmazánová";"35 Kč"
https://www.firmy.cz/detail/13024465-hostinec-na-kamyku-praha-kamyk.html;4.2;42;14.442012;50.017620;"Česneková";"35 Kč"
https://www.firmy.cz/detail/13024465-hostinec-na-kamyku-praha-kamyk.html;4.2;42;14.442012;50.017620;"Chipotle";"35 Kč"
https://www.firmy.cz/detail/13024465-hostinec-na-kamyku-praha-kamyk.html;4.2;42;14.442012;50.017620;"Pepřová";"35 Kč"
https://www.firmy.cz/detail/13005261-cafe-pub-atmosphere-praha-stare-mesto.html;4.6;10;14.413542;50.084055;"Dýňová se zázvorem";"69 Kč"
https://www.firmy.cz/detail/13005261-cafe-pub-atmosphere-praha-stare-mesto.html;4.6;10;14.413542;50.084055;"Roastbeef s pikantní omáčkou, pečené (slovo „stehnal“ není zcela čitelné – možná „šťouchané“?)";"189 Kč"
https://www.firmy.cz/detail/13005261-cafe-pub-atmosphere-praha-stare-mesto.html;4.6;10;14.413542;50.084055;"Club sandwich, hranolky, majonéza";"189 Kč"
https://www.firmy.cz/detail/13005261-cafe-pub-atmosphere-praha-stare-mesto.html;4.6;10;14.413542;50.084055;"Portobello žampiony plněné sýrem, míchaný listový salát, domácí buchta";"189 Kč"
https://www.firmy.cz/detail/13005261-cafe-pub-atmosphere-praha-stare-mesto.html;4.6;10;14.413542;50.084055;"Plátky smažené tenké bramborové plátky s česnekovou, chilli a tatarskou omáčkou";"169 Kč"
https://www.firmy.cz/detail/13005261-cafe-pub-atmosphere-praha-stare-mesto.html;4.6;10;14.413542;50.084055;"Čízy smažené tenké bramborové plátky s horkou sýrovou omáčkou";"179 Kč"
https://www.firmy.cz/detail/13005261-cafe-pub-atmosphere-praha-stare-mesto.html;4.6;10;14.413542;50.084055;"Grundle obalované smažené grundle s bylinkovou a pikantní omáčkou";"179 Kč"
https://www.firmy.cz/detail/13005261-cafe-pub-atmosphere-praha-stare-mesto.html;4.6;10;14.413542;50.084055;"Grilovaný kozí sýr grilovaný kozí sýr s brusinkovým přelivem na hruškách a olivovým olejem dochucený ledový salát, rukola a cherry rajčátka, bylinková bagetka";"189 Kč"
https://www.firmy.cz/detail/13005261-cafe-pub-atmosphere-praha-stare-mesto.html;4.6;10;14.413542;50.084055;"Nakládaný hermelín s feferonkou, beraními rohy a čerstvým chlebem";"129 Kč"
https://www.firmy.cz/detail/13005261-cafe-pub-atmosphere-praha-stare-mesto.html;4.6;10;14.413542;50.084055;"Chleba se škvarkovou pomazánkou jarní cibulkou a kyselou okurkou";"119 Kč"
https://www.firmy.cz/detail/13005261-cafe-pub-atmosphere-praha-stare-mesto.html;4.6;10;14.413542;50.084055;"Roastbeef roastbeef, kyselé okurky, feferonky, cibulka, pikantní omáčka, podáváme s bylinkovou bagetkou";"215 Kč"
https://www.firmy.cz/detail/13005261-cafe-pub-atmosphere-praha-stare-mesto.html;4.6;10;14.413542;50.084055;"Brambule brambory restované na másle s cibulí, česnekem a petrželkou, kořeněné tymiánem, zasypané balkánským sýrem";"189 Kč"
https://www.firmy.cz/detail/13005261-cafe-pub-atmosphere-praha-stare-mesto.html;4.6;10;14.413542;50.084055;"Pikantule brambory restované na másle s kuřecími nudličkami, anglickou slaninou, cibulí, česnekem, petrželkou, žampiony, kořeněné špetkou tabasca, zasypané balkánským sýrem";"199 Kč"
https://www.firmy.cz/detail/13005261-cafe-pub-atmosphere-praha-stare-mesto.html;4.6;10;14.413542;50.084055;"Špagety Carbonara špagety s pancettou, zahuštěné žloutkem a parmazánem";"245 Kč"
https://www.firmy.cz/detail/13005261-cafe-pub-atmosphere-praha-stare-mesto.html;4.6;10;14.413542;50.084055;"Špagety se špenátem a pancettou špagety s pancettou a listovým špenátem na smetaně a česneku, hoblinky parmazánu";"250 Kč"
https://www.firmy.cz/detail/13005261-cafe-pub-atmosphere-praha-stare-mesto.html;4.6;10;14.413542;50.084055;"Burritos s filírovaným hovězím steakem tortila plněná fazolovou pastou a filírovaným hovězím steakem, papričkami jalapeňos, paprikami, cherry rajčátky a sýrem cheddar, podáváme s rajčatovou salsou, guacamole a zakysanou smetanou";"269 Kč"
https://www.firmy.cz/detail/13005261-cafe-pub-atmosphere-praha-stare-mesto.html;4.6;10;14.413542;50.084055;"Tortila s trhaným kuřecím masem tortila plněná trhaným kuřecím masem, ledový salát, ředkvička, cheddarová omáčka, guacamole";"255 Kč"
https://www.firmy.cz/detail/13005261-cafe-pub-atmosphere-praha-stare-mesto.html;4.6;10;14.413542;50.084055;"Tortila s kuřecími stripsy s bylinkovým dipem, ledovým salátem, rukolou a rajčetem";"259 Kč"
https://www.firmy.cz/detail/13005261-cafe-pub-atmosphere-praha-stare-mesto.html;4.6;10;14.413542;50.084055;"Burritos vegetarián tortilla plněná fazolovou pastou, pečenou paprikou, červenou cibulí, špenátem, česnekem, jalapeňos a sýrem cheddar, podáváme s rajčatovou salsou, guacamole a zakysanou smetanou";"259 Kč"
https://www.firmy.cz/detail/13005261-cafe-pub-atmosphere-praha-stare-mesto.html;4.6;10;14.413542;50.084055;"Bageta s kuřecím masem zapečená francouzská bageta s kuřecím masem, směsí salátů, rajčaty a majonézou, podáváme se zeleninovým salátem";"225 Kč"
https://www.firmy.cz/detail/13005261-cafe-pub-atmosphere-praha-stare-mesto.html;4.6;10;14.413542;50.084055;"Bageta s roastbeefem zapečená francouzská bageta s roastbeefem, směsí salátů, rajčaty, cibulkou a pikantní omáčkou, podáváme se zeleninovým salátem";"239 Kč"
https://www.firmy.cz/detail/13005261-cafe-pub-atmosphere-praha-stare-mesto.html;4.6;10;14.413542;50.084055;"Bageta s trhaným vepřovým masem zapečená francouzská bageta s trhaným vepřovým masem, rajčaty, čerstvým špenátem a cheddarem, podáváme se zeleninovým salátem";"235 Kč"
https://www.firmy.cz/detail/13005261-cafe-pub-atmosphere-praha-stare-mesto.html;4.6;10;14.413542;50.084055;"Big cheeseburger 100% hovězí mleté maso v bulce se sýrem cheddar, pancettou, rukolou, nakládanou červenou cibulkou, rajčaty a hořčičnou omáčkou, podáváme s hranolky";"299 Kč"
https://www.firmy.cz/detail/13005261-cafe-pub-atmosphere-praha-stare-mesto.html;4.6;10;14.413542;50.084055;"Big BBQ jalapeňos burger 100% hovězí mleté maso v bulce s grilovanou slaninou, papričkami jalapeňos, rajčaty, ledovým salátem, šalotkou, BBQ omáčkou a majonézou, podáváme s hranolky";"299 Kč"
https://www.firmy.cz/detail/13005261-cafe-pub-atmosphere-praha-stare-mesto.html;4.6;10;14.413542;50.084055;"Big Pork Burger trhané pečené vepřové maso v bulce se smaženou cibulkou, cheddarem, polníčkem, rajčaty a BBQ omáčkou, podáváme s hranolky";"299 Kč"
https://www.firmy.cz/detail/13005261-cafe-pub-atmosphere-praha-stare-mesto.html;4.6;10;14.413542;50.084055;"Big BBQ Chicken Burger trhané kuřecí maso v bulce se smaženou cibulkou, cheddarem, polníčkem, rajčaty a BBQ omáčkou, podáváme s hranolky a majonézou";"295 Kč"
https://www.firmy.cz/detail/13005261-cafe-pub-atmosphere-praha-stare-mesto.html;4.6;10;14.413542;50.084055;"Caesar salát grilovaná kuřecí prsa na římském salátu s ančovičkovým dresinkem, křupavou pancettou, krutony a hoblinkami parmazánu, podáváme s česnekovou bagetou";"210 Kč"
https://www.firmy.cz/detail/13005261-cafe-pub-atmosphere-praha-stare-mesto.html;4.6;10;14.413542;50.084055;"Salát s kozím sýrem a avokádem grilovaný kozí sýr na směsi salátů s avokádem a restovaným řapíkatým celerem s vlašskými ořechy, podáváme s česnekovou bagetou";"239 Kč"
https://www.firmy.cz/detail/13005261-cafe-pub-atmosphere-praha-stare-mesto.html;4.6;10;14.413542;50.084055;"Salát s roastbeefem plátky roastbeefu se Směsí salátů a rajčat s šalotkou, dresinkem, hruškovo-cibulovým chutney, podávané s česnekovou bagetou";"239 Kč"
https://www.firmy.cz/detail/13005261-cafe-pub-atmosphere-praha-stare-mesto.html;4.6;10;14.413542;50.084055;"Řecký salát cherry rajčátka, papriky, okurky, olivy, balkánský sýr, domácí oregánový olej, podáváme s česnekovou bagetou";"199 Kč"
https://www.firmy.cz/detail/13005261-cafe-pub-atmosphere-praha-stare-mesto.html;4.6;10;14.413542;50.084055;"Kuřecí prsa s roqueforovou omáčkou grilovaná kuřecí prsa přelitá roqueforovou omáčkou s čerstvou bazalkou";"245 Kč"
https://www.firmy.cz/detail/13005261-cafe-pub-atmosphere-praha-stare-mesto.html;4.6;10;14.413542;50.084055;"Kuřecí prsa s listovým špenátem grilovaná kuřecí prsa s čerstvým listovým špenátem dochuceným česnekem";"245 Kč"
https://www.firmy.cz/detail/13005261-cafe-pub-atmosphere-praha-stare-mesto.html;4.6;10;14.413542;50.084055;"Pečená křídla 12ks pečených kuřecích křídel marinovaných v BBQ omáčce, bylinkový dip, podávané s čerstvou zeleninou";"259 Kč"
https://www.firmy.cz/detail/13005261-cafe-pub-atmosphere-praha-stare-mesto.html;4.6;10;14.413542;50.084055;"Kuřecí parmazánové stripsy podávané se zeleninovým salátkem a batátovými hranolkami, pažitkový dip";"265 Kč"
https://www.firmy.cz/detail/13005261-cafe-pub-atmosphere-praha-stare-mesto.html;4.6;10;14.413542;50.084055;"Biftek whisky and pepper biftek ze svíčkové s pepřovou whisky omáčkou";"395 Kč"
https://www.firmy.cz/detail/13005261-cafe-pub-atmosphere-praha-stare-mesto.html;4.6;10;14.413542;50.084055;"Biftek s hříbkovou omáčkou biftek ze svíčkové s hříbkovou omáčkou";"395 Kč"
https://www.firmy.cz/detail/13005261-cafe-pub-atmosphere-praha-stare-mesto.html;4.6;10;14.413542;50.084055;"Plátky svíčkové na pánvi tenké plátky hovězí svíčkové zprudka opečené, provoněné rozmarýnem a česnekem";"395 Kč"
https://www.firmy.cz/detail/13005261-cafe-pub-atmosphere-praha-stare-mesto.html;4.6;10;14.413542;50.084055;"Tatarský biftek čerstvě umletá hovězí svíčková podávaná s vaječným žloutkem, cibulí, hořčicí, worchesterovou omáčkou, solí, pepřem a sladkou paprikou, s 5 kusy topinek s česnekem";"330 Kč"
https://www.firmy.cz/detail/13005261-cafe-pub-atmosphere-praha-stare-mesto.html;4.6;10;14.413542;50.084055;"Losos s ratatouille grilovaný steak z lososa podávaný se zeleninou ratatouille";"340 Kč"
https://www.firmy.cz/detail/13005261-cafe-pub-atmosphere-praha-stare-mesto.html;4.6;10;14.413542;50.084055;"Losos s medovohořčičnou omáčkou grilovaný filet z lososa marinovaný v medovohořčičné omáčce s mladým koprem";"325 Kč"
https://www.firmy.cz/detail/13005261-cafe-pub-atmosphere-praha-stare-mesto.html;4.6;10;14.413542;50.084055;"Panenka s hořčičnou omáčkou grilovaná panenka s hořčičnou omáčkou";"325 Kč"
https://www.firmy.cz/detail/13005261-cafe-pub-atmosphere-praha-stare-mesto.html;4.6;10;14.413542;50.084055;"Panenka s Jack Daniel’s honey omáčkou grilovaná panenka s omáčkou ze zeleného pepře a Jack Daniel’s Honey";"339 Kč"
https://www.firmy.cz/detail/13005261-cafe-pub-atmosphere-praha-stare-mesto.html;4.6;10;14.413542;50.084055;"Pečená žebra pečená vepřová žebírka s hořčičnou a BBQ omáčkou, čerstvým křenem a nakládanými beraními rohy, s rozpečeným česnekovým chlebem";"299 Kč"
https://www.firmy.cz/detail/13005261-cafe-pub-atmosphere-praha-stare-mesto.html;4.6;10;14.413542;50.084055;"Medová žebra pečená vepřová žebírka v medové marinádě s grilovanými chilli papričkami a rozpečeným česnekovým chlebem";"299 Kč"
https://www.firmy.cz/detail/13005261-cafe-pub-atmosphere-praha-stare-mesto.html;4.6;10;14.413542;50.084055;"Česneková omáčka";"35 Kč"
https://www.firmy.cz/detail/13005261-cafe-pub-atmosphere-praha-stare-mesto.html;4.6;10;14.413542;50.084055;"Chipotle omáčka";"35 Kč"
https://www.firmy.cz/detail/13005261-cafe-pub-atmosphere-praha-stare-mesto.html;4.6;10;14.413542;50.084055;"BBQ omáčka";"35 Kč"
https://www.firmy.cz/detail/13005261-cafe-pub-atmosphere-praha-stare-mesto.html;4.6;10;14.413542;50.084055;"Bylinková omáčka";"35 Kč"
https://www.firmy.cz/detail/13005261-cafe-pub-atmosphere-praha-stare-mesto.html;4.6;10;14.413542;50.084055;"Tatarská omáčka";"35 Kč"
https://www.firmy.cz/detail/13005261-cafe-pub-atmosphere-praha-stare-mesto.html;4.6;10;14.413542;50.084055;"Zakysaná smetana";"35 Kč"
https://www.firmy.cz/detail/13005261-cafe-pub-atmosphere-praha-stare-mesto.html;4.6;10;14.413542;50.084055;"Rajčatová salsa";"45 Kč"
https://www.firmy.cz/detail/13005261-cafe-pub-atmosphere-praha-stare-mesto.html;4.6;10;14.413542;50.084055;"Guacamole";"45 Kč"
https://www.firmy.cz/detail/13005261-cafe-pub-atmosphere-praha-stare-mesto.html;4.6;10;14.413542;50.084055;"Rustikální hranolky";"59 Kč"
https://www.firmy.cz/detail/13005261-cafe-pub-atmosphere-praha-stare-mesto.html;4.6;10;14.413542;50.084055;"Restované brambory";"59 Kč"
https://www.firmy.cz/detail/13005261-cafe-pub-atmosphere-praha-stare-mesto.html;4.6;10;14.413542;50.084055;"Batátové hranolky";"59 Kč"
https://www.firmy.cz/detail/13005261-cafe-pub-atmosphere-praha-stare-mesto.html;4.6;10;14.413542;50.084055;"Česneková bageta 1ks";"59 Kč"
https://www.firmy.cz/detail/13005261-cafe-pub-atmosphere-praha-stare-mesto.html;4.6;10;14.413542;50.084055;"Grilovaná zelenina";"59 Kč"
https://www.firmy.cz/detail/13005261-cafe-pub-atmosphere-praha-stare-mesto.html;4.6;10;14.413542;50.084055;"Zelené lusky na cibulce a slanině";"59 Kč"
https://www.firmy.cz/detail/13049501-valasska-hospudka-horal-velke-karlovice.html;None;None;18.392447;49.376609;;
https://www.firmy.cz/detail/13370500-restaurace-u-lucerny-brno-veveri.html;4.8;11;16.602026;49.199779;"Zeleninový karbanátek, vařený brambor s máslem";"128 Kč"
https://www.firmy.cz/detail/13370500-restaurace-u-lucerny-brno-veveri.html;4.8;11;16.602026;49.199779;"Vepřový flamendr s hranolkami";"158 Kč"
https://www.firmy.cz/detail/13370500-restaurace-u-lucerny-brno-veveri.html;4.8;11;16.602026;49.199779;"Sekaná s bramborovou kaší";"158 Kč"
https://www.firmy.cz/detail/13370500-restaurace-u-lucerny-brno-veveri.html;4.8;11;16.602026;49.199779;"Caesar salát s filírovaným kuřecím masem";"168 Kč"
https://www.firmy.cz/detail/13370500-restaurace-u-lucerny-brno-veveri.html;4.8;11;16.602026;49.199779;"Smažený sýr s vařeným bramborem, domácí tatarská omáčka";"178 Kč"
https://www.firmy.cz/detail/13370500-restaurace-u-lucerny-brno-veveri.html;4.8;11;16.602026;49.199779;"Rajčatový salátek";"39 Kč"
https://www.firmy.cz/detail/13370500-restaurace-u-lucerny-brno-veveri.html;4.8;11;16.602026;49.199779;"Štrůdl se šlehačkou";"49 Kč"
https://www.firmy.cz/detail/13370500-restaurace-u-lucerny-brno-veveri.html;4.8;11;16.602026;49.199779;"300g Silný hovězí vývar, ms játrovým knedlíčkem, zeleninou a nudlemi";"80 Kč"
https://www.firmy.cz/detail/13370500-restaurace-u-lucerny-brno-veveri.html;4.8;11;16.602026;49.199779;"300g Česneková polévka, s vejci, sýrem a pivní slámou";"80 Kč"
https://www.firmy.cz/detail/13370500-restaurace-u-lucerny-brno-veveri.html;4.8;11;16.602026;49.199779;"100g Capresse, mozzarela s rajčátky, bazalkové pesto, bagetka";"130 Kč"
https://www.firmy.cz/detail/13370500-restaurace-u-lucerny-brno-veveri.html;4.8;11;16.602026;49.199779;"100g Hovězí carpaccio, olivový olej, parmezán, citrón, bagetka";"155 Kč"
https://www.firmy.cz/detail/13370500-restaurace-u-lucerny-brno-veveri.html;4.8;11;16.602026;49.199779;"300g Grilovaná MAXI krkovička sázené vejce, hranolky, nakládaná zelenina, křen";"305 Kč"
https://www.firmy.cz/detail/13370500-restaurace-u-lucerny-brno-veveri.html;4.8;11;16.602026;49.199779;"200g Grilovaná vepřová panenka, švestkovo-cibulůové chutney s bylinkovými brambůrky";"285 Kč"
https://www.firmy.cz/detail/13370500-restaurace-u-lucerny-brno-veveri.html;4.8;11;16.602026;49.199779;"200g Kuřecí prsíčko, s bramborovo-hráškovým pyré, glazovaná karotka";"275 Kč"
https://www.firmy.cz/detail/13370500-restaurace-u-lucerny-brno-veveri.html;4.8;11;16.602026;49.199779;"200g Hovězí roastbeef s bramborovým chipsem, fazolky se slaninou";"265 Kč"
https://www.firmy.cz/detail/13370500-restaurace-u-lucerny-brno-veveri.html;4.8;11;16.602026;49.199779;"500g Pečená kuřecí křídla sweet chilli na listovém salátu s nakládanou zeleninou, domácí cibulovo-kmínový chléb";"245 Kč"
https://www.firmy.cz/detail/13370500-restaurace-u-lucerny-brno-veveri.html;4.8;11;16.602026;49.199779;"150g Tatarský biftek z čerstvého hovězího masa s topinkami (6x1/2) a česnekem";"275 Kč"
https://www.firmy.cz/detail/13370500-restaurace-u-lucerny-brno-veveri.html;4.8;11;16.602026;49.199779;"180g Grilovný hovězí burger "Lucerna" cibulové chutney, anglická slanina, cheddar, nakládaná okurka, listový salát, chiptole majonéza, hranolky";"265 Kč"
https://www.firmy.cz/detail/13370500-restaurace-u-lucerny-brno-veveri.html;4.8;11;16.602026;49.199779;"150g Club sandwich s grilovaným kuřecím steakem, ledový salát, rajče, nakládaná okurka, anglická slanina, hranolky a americký dip";"235 Kč"
https://www.firmy.cz/detail/13370500-restaurace-u-lucerny-brno-veveri.html;4.8;11;16.602026;49.199779;"150g Smažený kuřecí nebo vepřový řízek, s bramborovým salátem bez majonézy";"235 Kč"
https://www.firmy.cz/detail/13370500-restaurace-u-lucerny-brno-veveri.html;4.8;11;16.602026;49.199779;"100g Nakládaný hermelín s kozími rohy, nakládanými chilli paričkami a červenou cibulí, domácí chléb";"120 Kč"
https://www.firmy.cz/detail/13370500-restaurace-u-lucerny-brno-veveri.html;4.8;11;16.602026;49.199779;"250g Smažené bramborové chipsy s americkým dipem a domácí tatarkou";"115 Kč"
https://www.firmy.cz/detail/13370500-restaurace-u-lucerny-brno-veveri.html;4.8;11;16.602026;49.199779;"400g Košík čerstvých farmářských hranolků s americkým dipem a domácí tatarkou";"115 Kč"
https://www.firmy.cz/detail/13370500-restaurace-u-lucerny-brno-veveri.html;4.8;11;16.602026;49.199779;"300g Grilovaný hermelín podávaný na variaci listových salátků, ochucený brazalkovým pestem a brusinkami, opečená bageta";"235 Kč"
https://www.firmy.cz/detail/13370500-restaurace-u-lucerny-brno-veveri.html;4.8;11;16.602026;49.199779;"300g Tagliatelle se špenátovými listy, olivový olej, sypané parmezánem";"235 Kč"
https://www.firmy.cz/detail/13370500-restaurace-u-lucerny-brno-veveri.html;4.8;11;16.602026;49.199779;"150g Smažený sýr s hranolkami a domácí tatarkou";"235 Kč"
https://www.firmy.cz/detail/13370500-restaurace-u-lucerny-brno-veveri.html;4.8;11;16.602026;49.199779;"800g Pečená vepřová žebírka podávaná v naší marinádě na desce s křenem, hořčicí a nakládanou zeleninou, domácí chléb";"405 Kč"
https://www.firmy.cz/detail/13346641-samovycep-pro-dobre-lidi-vranov.html;4.9;203;16.606622;49.311334;;
https://www.firmy.cz/detail/13049308-hospudka-balkan-repiste.html;4.4;71;18.303940;49.735214;"Rozstřelený španělský ptáček, rýže";"140 Kč"
https://www.firmy.cz/detail/13049308-hospudka-balkan-repiste.html;4.4;71;18.303940;49.735214;"Čočka na husto, grilovaná jalapeňos klobása, chléb";"140 Kč"
https://www.firmy.cz/detail/13049308-hospudka-balkan-repiste.html;4.4;71;18.303940;49.735214;"Kyselica s uzeným masem a haluškami";"61 Kč"
https://www.firmy.cz/detail/13049308-hospudka-balkan-repiste.html;4.4;71;18.303940;49.735214;"Česneková z uzeného vývaru s vejcem";"59 Kč"
https://www.firmy.cz/detail/13049308-hospudka-balkan-repiste.html;4.4;71;18.303940;49.735214;"120g Hovězí tatarák s cibulkou a česnekem, křupavá topinka";"199 Kč"
https://www.firmy.cz/detail/13049308-hospudka-balkan-repiste.html;4.4;71;18.303940;49.735214;"180g Domácí chipsy";"55 Kč"
https://www.firmy.cz/detail/13049308-hospudka-balkan-repiste.html;4.4;71;18.303940;49.735214;"130g Pravý domácí hovězí Burger čerstvé hovězí mleté maso se sýrem Cheddar v domácí bylinkové bulce, plátky grilované slaniny, salát, rajče, křupavá cibulka, česnekovo-petrželková majonéza, hranolky";"205 Kč"
https://www.firmy.cz/detail/13049308-hospudka-balkan-repiste.html;4.4;71;18.303940;49.735214;"260g Hovězí double Burger dva plátky čerstvě mletého hovězího masa se sýrem Cheddar v domácí bylinkové bulce, plátky grilované slaniny, salát, rajče, křupavá cibulka, česnekovo petrželková majonéza, hranolky";"245 Kč"
https://www.firmy.cz/detail/263644-hostinec-respublica-praha-vinohrady.html;4.6;None;14.433236;50.071832;"Francouzská cibulačka se sýrem";"35 Kč"
https://www.firmy.cz/detail/263644-hostinec-respublica-praha-vinohrady.html;4.6;None;14.433236;50.071832;"Hovězí vývar s masem a nudlemi";"35 Kč"
https://www.firmy.cz/detail/263644-hostinec-respublica-praha-vinohrady.html;4.6;None;14.433236;50.071832;"MENU 1 - Vepřový guláš, červená cibulka, houskový knedlík + polévka";"140 Kč"
https://www.firmy.cz/detail/263644-hostinec-respublica-praha-vinohrady.html;4.6;None;14.433236;50.071832;"MENU 2 - Chilli con carne podávané s chlebem + polévka";"140 Kč"
https://www.firmy.cz/detail/263644-hostinec-respublica-praha-vinohrady.html;4.6;None;14.433236;50.071832;"Vepřový steak na grilu, omáčka z hrubozrnné hořčice, krokety";"160 Kč"
https://www.firmy.cz/detail/263644-hostinec-respublica-praha-vinohrady.html;4.6;None;14.433236;50.071832;"Kuřecí nudličky na čínský způsob, hranolky (rýže)";"155 Kč"
https://www.firmy.cz/detail/263644-hostinec-respublica-praha-vinohrady.html;4.6;None;14.433236;50.071832;"Hovězí na slanině, dušená rýže";"155 Kč"
https://www.firmy.cz/detail/263644-hostinec-respublica-praha-vinohrady.html;4.6;None;14.433236;50.071832;"Smažený eidam, mačkaný brambor, tatarka";"155 Kč"
https://www.firmy.cz/detail/263644-hostinec-respublica-praha-vinohrady.html;4.6;None;14.433236;50.071832;"Vepřový guláš, červená cibulka, houskový knedlík";"135 Kč"
https://www.firmy.cz/detail/263644-hostinec-respublica-praha-vinohrady.html;4.6;None;14.433236;50.071832;"Chilli con carne podávané s chlebem";"135 Kč"
https://www.firmy.cz/detail/263644-hostinec-respublica-praha-vinohrady.html;4.6;None;14.433236;50.071832;"Menu box";"5 Kč"
https://www.firmy.cz/detail/263644-hostinec-respublica-praha-vinohrady.html;4.6;None;14.433236;50.071832;"DEZERT: Domácí jablečný štrůdl s rozinkami a šlehačkou";"59 Kč"
https://www.firmy.cz/detail/263644-hostinec-respublica-praha-vinohrady.html;4.6;None;14.433236;50.071832;"1ks Gulášová";"55 Kč"
https://www.firmy.cz/detail/263644-hostinec-respublica-praha-vinohrady.html;4.6;None;14.433236;50.071832;"1ks Česnečka s anglickou slaninou, sýrem a chlebovými krutony";"50 Kč"
https://www.firmy.cz/detail/263644-hostinec-respublica-praha-vinohrady.html;4.6;None;14.433236;50.071832;"1ks Polévka dle denní nabídky";"45 Kč"
https://www.firmy.cz/detail/263644-hostinec-respublica-praha-vinohrady.html;4.6;None;14.433236;50.071832;"200g Utopenci s cibulí a feferonkou";"75 Kč"
https://www.firmy.cz/detail/263644-hostinec-respublica-praha-vinohrady.html;4.6;None;14.433236;50.071832;"150g Tlačenka s octem a cibulí";"80 Kč"
https://www.firmy.cz/detail/263644-hostinec-respublica-praha-vinohrady.html;4.6;None;14.433236;50.071832;"120g Nakládaný Hermelín s feferonkou a kozím rohem";"85 Kč"
https://www.firmy.cz/detail/263644-hostinec-respublica-praha-vinohrady.html;4.6;None;14.433236;50.071832;"200g Studený uzený bůček s křenem a hořčicí";"85 Kč"
https://www.firmy.cz/detail/263644-hostinec-respublica-praha-vinohrady.html;4.6;None;14.433236;50.071832;"200g Klobása na grilu s hořčicí, křenem, feferonkou a kozím rohem";"95 Kč"
https://www.firmy.cz/detail/263644-hostinec-respublica-praha-vinohrady.html;4.6;None;14.433236;50.071832;"300g Horké buřty na černém pivu";"95 Kč"
https://www.firmy.cz/detail/263644-hostinec-respublica-praha-vinohrady.html;4.6;None;14.433236;50.071832;"2ks Pikantní masová směs na topince se sýrem";"95 Kč"
https://www.firmy.cz/detail/263644-hostinec-respublica-praha-vinohrady.html;4.6;None;14.433236;50.071832;"120g Grilovaný Hermelín na ledovém salátu s brusinkami, toast";"115 Kč"
https://www.firmy.cz/detail/263644-hostinec-respublica-praha-vinohrady.html;4.6;None;14.433236;50.071832;"350g Smažené bramborové lupínky, omáčky BBQ, smetanovo-česneková";"125 Kč"
https://www.firmy.cz/detail/263644-hostinec-respublica-praha-vinohrady.html;4.6;None;14.433236;50.071832;"150g Selská vepřová pečeně, dušené zelí, houskový knedlík";"165 Kč"
https://www.firmy.cz/detail/263644-hostinec-respublica-praha-vinohrady.html;4.6;None;14.433236;50.071832;"150g Hovězí guláš s cibulí a feferonkou, houskový knedlík";"165 Kč"
https://www.firmy.cz/detail/263644-hostinec-respublica-praha-vinohrady.html;4.6;None;14.433236;50.071832;"150g Svíčková na smetaně, brusinkový terč, houskový knedlík";"175 Kč"
https://www.firmy.cz/detail/263644-hostinec-respublica-praha-vinohrady.html;4.6;None;14.433236;50.071832;"150g Smažený kuřecí řízek, okurka, citron";"160 Kč"
https://www.firmy.cz/detail/263644-hostinec-respublica-praha-vinohrady.html;4.6;None;14.433236;50.071832;"150g Smažený vepřový řízek, okurka, citron";"160 Kč"
https://www.firmy.cz/detail/263644-hostinec-respublica-praha-vinohrady.html;4.6;None;14.433236;50.071832;"150g Smažené řízečky z panenky, okurka, citron";"175 Kč"
https://www.firmy.cz/detail/263644-hostinec-respublica-praha-vinohrady.html;4.6;None;14.433236;50.071832;"200g Jitrnička pečená na grilu, vařený brambor, kysané zelí, hořčice";"145 Kč"
https://www.firmy.cz/detail/263644-hostinec-respublica-praha-vinohrady.html;4.6;None;14.433236;50.071832;"1ks 1/4 Pečená kachnička, zelí, houskový knedlík";"205 Kč"
https://www.firmy.cz/detail/263644-hostinec-respublica-praha-vinohrady.html;4.6;None;14.433236;50.071832;"700g Pečená vepřová žebírka v pikantní medové marinádě, hořčice, křen, feferonka, kozí roh";"255 Kč"
https://www.firmy.cz/detail/263644-hostinec-respublica-praha-vinohrady.html;4.6;None;14.433236;50.071832;"1ks Pečené vepřové koleno s kostí (1300 - 1500 g) na černém pivu, hořčice, křen, feferonka, kozí roh";"285 Kč"
https://www.firmy.cz/detail/263644-hostinec-respublica-praha-vinohrady.html;4.6;None;14.433236;50.071832;"150g Grilovaná kuřecí prsa naložená v barbecue marinádě";"160 Kč"
https://www.firmy.cz/detail/263644-hostinec-respublica-praha-vinohrady.html;4.6;None;14.433236;50.071832;"150g Zapečená kuřecí prsíčka se třemi druhy sýrů (Eidam, Niva, Hermelín)";"175 Kč"
https://www.firmy.cz/detail/263644-hostinec-respublica-praha-vinohrady.html;4.6;None;14.433236;50.071832;"150g Přírodní kuřecí prsíčka s grilovanou zeleninou";"190 Kč"
https://www.firmy.cz/detail/263644-hostinec-respublica-praha-vinohrady.html;4.6;None;14.433236;50.071832;"200g Vepřová panenka na hříbkách";"190 Kč"
https://www.firmy.cz/detail/263644-hostinec-respublica-praha-vinohrady.html;4.6;None;14.433236;50.071832;"200g Vepřové medailonky zabalené ve slanině";"190 Kč"
https://www.firmy.cz/detail/263644-hostinec-respublica-praha-vinohrady.html;4.6;None;14.433236;50.071832;"200g Steak z vepřové krkovičky, zelené fazolové lusky se slaninou";"185 Kč"
https://www.firmy.cz/detail/263644-hostinec-respublica-praha-vinohrady.html;4.6;None;14.433236;50.071832;"400g Flákota z vepřové krkovice na grilu, hořčice, křen";"245 Kč"
https://www.firmy.cz/detail/263644-hostinec-respublica-praha-vinohrady.html;4.6;None;14.433236;50.071832;"200g Vepřový steak s pepřovou omáčkou";"170 Kč"
https://www.firmy.cz/detail/263644-hostinec-respublica-praha-vinohrady.html;4.6;None;14.433236;50.071832;"250g Hovězí steak z mladého býčka, zelené fazolové lusky se slaninou";"285 Kč"
https://www.firmy.cz/detail/263644-hostinec-respublica-praha-vinohrady.html;4.6;None;14.433236;50.071832;"250g Hovězí steak z mladého býčka se smetanovou omáčkou se zeleným pepřem";"285 Kč"
https://www.firmy.cz/detail/263644-hostinec-respublica-praha-vinohrady.html;4.6;None;14.433236;50.071832;"150g Tataráček, topinky s česnekem";"195 Kč"
https://www.firmy.cz/detail/263644-hostinec-respublica-praha-vinohrady.html;4.6;None;14.433236;50.071832;"150g Smažený sýr Eidam, tatarská omáčka";"145 Kč"
https://www.firmy.cz/detail/263644-hostinec-respublica-praha-vinohrady.html;4.6;None;14.433236;50.071832;"120g Smažený Hermelín, tatarská omáčka";"145 Kč"
https://www.firmy.cz/detail/263644-hostinec-respublica-praha-vinohrady.html;4.6;None;14.433236;50.071832;"300g Zeleninový salát s grilovaným kuřecím masem, bylinkový dip";"155 Kč"
https://www.firmy.cz/detail/263644-hostinec-respublica-praha-vinohrady.html;4.6;None;14.433236;50.071832;"250g Šopský salát";"95 Kč"
https://www.firmy.cz/detail/263644-hostinec-respublica-praha-vinohrady.html;4.6;None;14.433236;50.071832;"150g Hranolky";"35 Kč"
https://www.firmy.cz/detail/263644-hostinec-respublica-praha-vinohrady.html;4.6;None;14.433236;50.071832;"150g Americké brambory";"40 Kč"
https://www.firmy.cz/detail/263644-hostinec-respublica-praha-vinohrady.html;4.6;None;14.433236;50.071832;"150g Vařené brambory";"30 Kč"
https://www.firmy.cz/detail/263644-hostinec-respublica-praha-vinohrady.html;4.6;None;14.433236;50.071832;"150g Šťouchané brambory";"40 Kč"
https://www.firmy.cz/detail/263644-hostinec-respublica-praha-vinohrady.html;4.6;None;14.433236;50.071832;"150g Krokety";"45 Kč"
https://www.firmy.cz/detail/263644-hostinec-respublica-praha-vinohrady.html;4.6;None;14.433236;50.071832;"3ks Domácí bramboráčky";"45 Kč"
https://www.firmy.cz/detail/263644-hostinec-respublica-praha-vinohrady.html;4.6;None;14.433236;50.071832;"150g Fazolové lusky se slaninou";"50 Kč"
https://www.firmy.cz/detail/263644-hostinec-respublica-praha-vinohrady.html;4.6;None;14.433236;50.071832;"200g Grilovaná zelenina";"80 Kč"
https://www.firmy.cz/detail/263644-hostinec-respublica-praha-vinohrady.html;4.6;None;14.433236;50.071832;"50g Tatarská omáčka";"20 Kč"
https://www.firmy.cz/detail/263644-hostinec-respublica-praha-vinohrady.html;4.6;None;14.433236;50.071832;"50g Hořčice";"5 Kč"
https://www.firmy.cz/detail/263644-hostinec-respublica-praha-vinohrady.html;4.6;None;14.433236;50.071832;"1ks Kyselá okurka";"5 Kč"
https://www.firmy.cz/detail/263644-hostinec-respublica-praha-vinohrady.html;4.6;None;14.433236;50.071832;"1ks Chléb";"2 Kč"
https://www.firmy.cz/detail/13233018-hospoda-na-statku-havran.html;4.6;62;13.595681;50.447799;"Zeleninový vývar";"45 Kč"
https://www.firmy.cz/detail/13233018-hospoda-na-statku-havran.html;4.6;62;13.595681;50.447799;"Gulášová";"50 Kč"
https://www.firmy.cz/detail/13233018-hospoda-na-statku-havran.html;4.6;62;13.595681;50.447799;"Hrachová kaše, uzené maso, cibulka, okurka+polévka";"145 Kč"
https://www.firmy.cz/detail/13233018-hospoda-na-statku-havran.html;4.6;62;13.595681;50.447799;"Zapečený kuřecí steak s nivou, rýže";"150 Kč"
https://www.firmy.cz/detail/13233018-hospoda-na-statku-havran.html;4.6;62;13.595681;50.447799;"Hamburská vepřová pečeně, H. K.";"155 Kč"
https://www.firmy.cz/detail/13233018-hospoda-na-statku-havran.html;4.6;62;13.595681;50.447799;"Vepř. roláda plněná mletým masem a vejcem, brambor. kaše";"169 Kč"
https://www.firmy.cz/detail/13233018-hospoda-na-statku-havran.html;4.6;62;13.595681;50.447799;"Pečená kachna, červené zelí, B. K.";"195 Kč"
https://www.firmy.cz/detail/13233018-hospoda-na-statku-havran.html;4.6;62;13.595681;50.447799;"Caprese salát (mozzarella, rajčata)";"135 Kč"
https://www.firmy.cz/detail/13233018-hospoda-na-statku-havran.html;4.6;62;13.595681;50.447799;"Šopský salát";"135 Kč"
https://www.firmy.cz/detail/13233018-hospoda-na-statku-havran.html;4.6;62;13.595681;50.447799;"Míchaná vajíčka na cibulce, pečivo";"95 Kč"
https://www.firmy.cz/detail/13233018-hospoda-na-statku-havran.html;4.6;62;13.595681;50.447799;"Hemenex, pečivo";"99 Kč"
https://www.firmy.cz/detail/13233018-hospoda-na-statku-havran.html;4.6;62;13.595681;50.447799;"Topinka s česnekem";"40 Kč"
https://www.firmy.cz/detail/13233018-hospoda-na-statku-havran.html;4.6;62;13.595681;50.447799;"Ďábelská topinka";"140 Kč"
https://www.firmy.cz/detail/13233018-hospoda-na-statku-havran.html;4.6;62;13.595681;50.447799;"Topinka se šunkou, vejcem a sýrem";"135 Kč"
https://www.firmy.cz/detail/13233018-hospoda-na-statku-havran.html;4.6;62;13.595681;50.447799;"Domácí bramboráčky";"100 Kč"
https://www.firmy.cz/detail/13233018-hospoda-na-statku-havran.html;4.6;62;13.595681;50.447799;"Grilovaná klobása, chléb, hořčice";"99 Kč"
https://www.firmy.cz/detail/13233018-hospoda-na-statku-havran.html;4.6;62;13.595681;50.447799;"Smažený řízek (kuřecí nebo vepřový)";"159 Kč"
https://www.firmy.cz/detail/13233018-hospoda-na-statku-havran.html;4.6;62;13.595681;50.447799;"Nudličky na smetaně se žampiony a pórkem";"199 Kč"
https://www.firmy.cz/detail/13233018-hospoda-na-statku-havran.html;4.6;62;13.595681;50.447799;"Selský špíz";"219 Kč"
https://www.firmy.cz/detail/13233018-hospoda-na-statku-havran.html;4.6;62;13.595681;50.447799;"Kuřecí přírodní plátek zapečený se šunkou a sýrem";"199 Kč"
https://www.firmy.cz/detail/13233018-hospoda-na-statku-havran.html;4.6;62;13.595681;50.447799;"Kuřecí stehenní steak zapečený s hermelínem a rajčaty";"199 Kč"
https://www.firmy.cz/detail/13233018-hospoda-na-statku-havran.html;4.6;62;13.595681;50.447799;"Katův šleh";"195 Kč"
https://www.firmy.cz/detail/13233018-hospoda-na-statku-havran.html;4.6;62;13.595681;50.447799;"Vepřová játra na roštu";"185 Kč"
https://www.firmy.cz/detail/13233018-hospoda-na-statku-havran.html;4.6;62;13.595681;50.447799;"Hovězí steak s pepřovou omáčkou";"349 Kč"
https://www.firmy.cz/detail/13233018-hospoda-na-statku-havran.html;4.6;62;13.595681;50.447799;"Hovězí steak na zelených fazolkách se slaninou";"349 Kč"
https://www.firmy.cz/detail/13233018-hospoda-na-statku-havran.html;4.6;62;13.595681;50.447799;"Maso na čínský způsob";"195 Kč"
https://www.firmy.cz/detail/13233018-hospoda-na-statku-havran.html;4.6;62;13.595681;50.447799;"Plněná kapsa "paní starostky" s bramborovými lupíky";"285 Kč"
https://www.firmy.cz/detail/13233018-hospoda-na-statku-havran.html;4.6;62;13.595681;50.447799;"Havraňský stoh (kuřecí maso v bramboráčku na ledovém salátu, dresink, rajčata)";"295 Kč"
https://www.firmy.cz/detail/13233018-hospoda-na-statku-havran.html;4.6;62;13.595681;50.447799;"Smažená kuřecí kapsa "Havraň" (Hermelín, šunka, žampiony, porek)";"235 Kč"
https://www.firmy.cz/detail/13233018-hospoda-na-statku-havran.html;4.6;62;13.595681;50.447799;"Salát "Havraň" s dresinkem a kuřecím masem";"220 Kč"
https://www.firmy.cz/detail/13233018-hospoda-na-statku-havran.html;4.6;62;13.595681;50.447799;"Pálivec (Bramboráčky, masová směs zapečená se sýrem)";"279 Kč"
https://www.firmy.cz/detail/13233018-hospoda-na-statku-havran.html;4.6;62;13.595681;50.447799;"Chilli kusy (Bramboráčky, kuřecí kousky v chilli krustě, domácí dresink)";"279 Kč"
https://www.firmy.cz/detail/13233018-hospoda-na-statku-havran.html;4.6;62;13.595681;50.447799;"Játra Lucifer (Vepřová játra, kapie, chilli, kečup)";"199 Kč"
https://www.firmy.cz/detail/13233018-hospoda-na-statku-havran.html;4.6;62;13.595681;50.447799;"Smažený sýr";"135 Kč"
https://www.firmy.cz/detail/13233018-hospoda-na-statku-havran.html;4.6;62;13.595681;50.447799;"Smažený sýr se šunkou";"145 Kč"
https://www.firmy.cz/detail/13233018-hospoda-na-statku-havran.html;4.6;62;13.595681;50.447799;"Smažený hermelín";"135 Kč"
https://www.firmy.cz/detail/13233018-hospoda-na-statku-havran.html;4.6;62;13.595681;50.447799;"Pstruh na kmíně";"220 Kč"
https://www.firmy.cz/detail/13233018-hospoda-na-statku-havran.html;4.6;62;13.595681;50.447799;"Smažený Hoki filet";"179 Kč"
https://www.firmy.cz/detail/13233018-hospoda-na-statku-havran.html;4.6;62;13.595681;50.447799;"Smažený sýr";"90 Kč"
https://www.firmy.cz/detail/13233018-hospoda-na-statku-havran.html;4.6;62;13.595681;50.447799;"Kuřecí nugetky";"90 Kč"
https://www.firmy.cz/detail/13233018-hospoda-na-statku-havran.html;4.6;62;13.595681;50.447799;"Zmrzlinový pohár s ovocem a šlehačkou";"115 Kč"
https://www.firmy.cz/detail/13233018-hospoda-na-statku-havran.html;4.6;62;13.595681;50.447799;"Palačinka s horkým ovocem a šlehačkou";"125 Kč"
https://www.firmy.cz/detail/13233018-hospoda-na-statku-havran.html;4.6;62;13.595681;50.447799;"Palačinka s marmeládou, zmrzlinou a šlehačkou";"135 Kč"
https://www.firmy.cz/detail/13233018-hospoda-na-statku-havran.html;4.6;62;13.595681;50.447799;"Pečené vepřové koleno, obloha, chléb";"350 Kč"
https://www.firmy.cz/detail/13233018-hospoda-na-statku-havran.html;4.6;62;13.595681;50.447799;"Tatarský biftek, topinky";"279 Kč"
https://www.firmy.cz/detail/13233018-hospoda-na-statku-havran.html;4.6;62;13.595681;50.447799;"Okurkový salát";"60 Kč"
https://www.firmy.cz/detail/13233018-hospoda-na-statku-havran.html;4.6;62;13.595681;50.447799;"Rajčatový salát";"60 Kč"
https://www.firmy.cz/detail/13233018-hospoda-na-statku-havran.html;4.6;62;13.595681;50.447799;"Americké brambory";"40 Kč"
https://www.firmy.cz/detail/13233018-hospoda-na-statku-havran.html;4.6;62;13.595681;50.447799;"Opečené brambory";"40 Kč"
https://www.firmy.cz/detail/13233018-hospoda-na-statku-havran.html;4.6;62;13.595681;50.447799;"Bramborové lupínky";"45 Kč"
https://www.firmy.cz/detail/13233018-hospoda-na-statku-havran.html;4.6;62;13.595681;50.447799;"Vařené brambory";"35 Kč"
https://www.firmy.cz/detail/13233018-hospoda-na-statku-havran.html;4.6;62;13.595681;50.447799;"Hranolky";"40 Kč"
https://www.firmy.cz/detail/13233018-hospoda-na-statku-havran.html;4.6;62;13.595681;50.447799;"Krokety";"40 Kč"
https://www.firmy.cz/detail/13233018-hospoda-na-statku-havran.html;4.6;62;13.595681;50.447799;"Rýže";"40 Kč"
https://www.firmy.cz/detail/13233018-hospoda-na-statku-havran.html;4.6;62;13.595681;50.447799;"Zelené fazolky se slaninou";"75 Kč"
https://www.firmy.cz/detail/13233018-hospoda-na-statku-havran.html;4.6;62;13.595681;50.447799;"Restovaná zelenina";"75 Kč"
https://www.firmy.cz/detail/13233018-hospoda-na-statku-havran.html;4.6;62;13.595681;50.447799;"Chléb";"7 Kč"
https://www.firmy.cz/detail/13233018-hospoda-na-statku-havran.html;4.6;62;13.595681;50.447799;"Rohlík";"5 Kč"
https://www.firmy.cz/detail/13233018-hospoda-na-statku-havran.html;4.6;62;13.595681;50.447799;"Domácí tatarská omáčka";"30 Kč"
https://www.firmy.cz/detail/13233018-hospoda-na-statku-havran.html;4.6;62;13.595681;50.447799;"Kečup/hořčice";"25 Kč"
https://www.firmy.cz/detail/13233018-hospoda-na-statku-havran.html;4.6;62;13.595681;50.447799;"1ks knedlík";"40 Kč"
https://www.firmy.cz/detail/13358307-hostinec-u-zajice-hnojnik.html;4.2;47;18.537614;49.683243;"Francouzské brambory s uzeninou";"139 Kč"
https://www.firmy.cz/detail/13358307-hostinec-u-zajice-hnojnik.html;4.2;47;18.537614;49.683243;"Lašský kotlet, knedlík";"149 Kč"
https://www.firmy.cz/detail/13358307-hostinec-u-zajice-hnojnik.html;4.2;47;18.537614;49.683243;"Kuřecí prso s bylinkovou omáčkou, hranolky";"179 Kč"
https://www.firmy.cz/detail/13358307-hostinec-u-zajice-hnojnik.html;4.2;47;18.537614;49.683243;"0, 33 l Tradiční vývar s nudlemi";"55 Kč"
https://www.firmy.cz/detail/13358307-hostinec-u-zajice-hnojnik.html;4.2;47;18.537614;49.683243;"0, 33 l Česnečka se sýrem";"55 Kč"
https://www.firmy.cz/detail/13358307-hostinec-u-zajice-hnojnik.html;4.2;47;18.537614;49.683243;"0, 50 l Česnečka XXL se sýrem";"70 Kč"
https://www.firmy.cz/detail/13358307-hostinec-u-zajice-hnojnik.html;4.2;47;18.537614;49.683243;"0, 33 l Česnečka s tvarůžkou";"60 Kč"
https://www.firmy.cz/detail/13358307-hostinec-u-zajice-hnojnik.html;4.2;47;18.537614;49.683243;"0, 50 l Česnečka XXL s tvarůžkou";"75 Kč"
https://www.firmy.cz/detail/13358307-hostinec-u-zajice-hnojnik.html;4.2;47;18.537614;49.683243;"300g Halušky se zelím a uzeninou";"199 Kč"
https://www.firmy.cz/detail/13358307-hostinec-u-zajice-hnojnik.html;4.2;47;18.537614;49.683243;"150g Moravský vrabec, zelí, knedlík";"209 Kč"
https://www.firmy.cz/detail/13358307-hostinec-u-zajice-hnojnik.html;4.2;47;18.537614;49.683243;"150g Pikantní vepřová játra, steakové hranolky";"209 Kč"
https://www.firmy.cz/detail/13358307-hostinec-u-zajice-hnojnik.html;4.2;47;18.537614;49.683243;"150g Ohnivé maso, steakové hranolky";"219 Kč"
https://www.firmy.cz/detail/13358307-hostinec-u-zajice-hnojnik.html;4.2;47;18.537614;49.683243;"150g Hovězí ďábelský guláš, knedlík";"239 Kč"
https://www.firmy.cz/detail/13358307-hostinec-u-zajice-hnojnik.html;4.2;47;18.537614;49.683243;"150g Líčka na víně, bramborová kaše";"279 Kč"
https://www.firmy.cz/detail/13358307-hostinec-u-zajice-hnojnik.html;4.2;47;18.537614;49.683243;"150g Svíčková na smetaně, knedlík";"269 Kč"
https://www.firmy.cz/detail/13358307-hostinec-u-zajice-hnojnik.html;4.2;47;18.537614;49.683243;"1 ks Konfitované kachní stehno, zelí, knedlík";"299 Kč"
https://www.firmy.cz/detail/13358307-hostinec-u-zajice-hnojnik.html;4.2;47;18.537614;49.683243;"100g Hermelín v bramborovém těstě, přízdoba";"209 Kč"
https://www.firmy.cz/detail/13358307-hostinec-u-zajice-hnojnik.html;4.2;47;18.537614;49.683243;"150g Pikantní játra v bramboráku";"219 Kč"
https://www.firmy.cz/detail/13358307-hostinec-u-zajice-hnojnik.html;4.2;47;18.537614;49.683243;"100g Cmunda po kaplicku";"219 Kč"
https://www.firmy.cz/detail/13358307-hostinec-u-zajice-hnojnik.html;4.2;47;18.537614;49.683243;"150g Kuřecí prso v bramborovém těstě, přízdoba";"239 Kč"
https://www.firmy.cz/detail/13358307-hostinec-u-zajice-hnojnik.html;4.2;47;18.537614;49.683243;"150g Pikantní směs v bramboráku, přízdoba";"239 Kč"
https://www.firmy.cz/detail/13358307-hostinec-u-zajice-hnojnik.html;4.2;47;18.537614;49.683243;"150g Panenka v bramborovém těstě, přízdoba";"259 Kč"
https://www.firmy.cz/detail/13358307-hostinec-u-zajice-hnojnik.html;4.2;47;18.537614;49.683243;"150g Smažený kuřecí stehenní řízek, přízdoba";"159 Kč"
https://www.firmy.cz/detail/13358307-hostinec-u-zajice-hnojnik.html;4.2;47;18.537614;49.683243;"150g Smažený vepřový řízek, přízdoba";"169 Kč"
https://www.firmy.cz/detail/13358307-hostinec-u-zajice-hnojnik.html;4.2;47;18.537614;49.683243;"150g Smažený prsní řízek, přízdoba";"179 Kč"
https://www.firmy.cz/detail/13358307-hostinec-u-zajice-hnojnik.html;4.2;47;18.537614;49.683243;"200g Vepřový smažený řízek XXL z krkovice, přízdoba";"199 Kč"
https://www.firmy.cz/detail/13358307-hostinec-u-zajice-hnojnik.html;4.2;47;18.537614;49.683243;"200g Vepřový smažený řízek XXL z kotlety, přízdoba";"199 Kč"
https://www.firmy.cz/detail/13358307-hostinec-u-zajice-hnojnik.html;4.2;47;18.537614;49.683243;"200g Variace smažených řízků (vepř. , kuř) , přízdoba";"209 Kč"
https://www.firmy.cz/detail/13358307-hostinec-u-zajice-hnojnik.html;4.2;47;18.537614;49.683243;"250g Smažená krkovice na sádle, přízdoba";"249 Kč"
https://www.firmy.cz/detail/13358307-hostinec-u-zajice-hnojnik.html;4.2;47;18.537614;49.683243;"100g Smažený sýr, přízdoba";"129 Kč"
https://www.firmy.cz/detail/13358307-hostinec-u-zajice-hnojnik.html;4.2;47;18.537614;49.683243;"100g Smažený sýr se šunkou, přízdoba";"139 Kč"
https://www.firmy.cz/detail/13358307-hostinec-u-zajice-hnojnik.html;4.2;47;18.537614;49.683243;"100g Smažený hermelín, přízdoba";"139 Kč"
https://www.firmy.cz/detail/13358307-hostinec-u-zajice-hnojnik.html;4.2;47;18.537614;49.683243;"5Ks Smažené tvarůžky, přízdoba";"149 Kč"
https://www.firmy.cz/detail/13358307-hostinec-u-zajice-hnojnik.html;4.2;47;18.537614;49.683243;"200g Vepřová játra na grilu, přízdoba";"189 Kč"
https://www.firmy.cz/detail/13358307-hostinec-u-zajice-hnojnik.html;4.2;47;18.537614;49.683243;"150g Grilované prsíčko na bylinkách, přízdoba";"199 Kč"
https://www.firmy.cz/detail/13358307-hostinec-u-zajice-hnojnik.html;4.2;47;18.537614;49.683243;"150g Kuřecí prsíčko se šunkou a hermelínem, přízdoba";"209 Kč"
https://www.firmy.cz/detail/13358307-hostinec-u-zajice-hnojnik.html;4.2;47;18.537614;49.683243;"200g Grilovaná krkovice na česneku, přízdoba";"239 Kč"
https://www.firmy.cz/detail/13358307-hostinec-u-zajice-hnojnik.html;4.2;47;18.537614;49.683243;"150g Grilovaná panenka na lesních hříbkách";"249 Kč"
https://www.firmy.cz/detail/13358307-hostinec-u-zajice-hnojnik.html;4.2;47;18.537614;49.683243;"200g Losos na grilu, přízdoba";"259 Kč"
https://www.firmy.cz/detail/13358307-hostinec-u-zajice-hnojnik.html;4.2;47;18.537614;49.683243;"1kg Korýtko mix (řízečky, špalíčky, žebra, apod) (Na objednávku předem)";"460 Kč"
https://www.firmy.cz/detail/13358307-hostinec-u-zajice-hnojnik.html;4.2;47;18.537614;49.683243;"500g Pečené žebra na medu, kukuřičný klas, chléb";"249 Kč"
https://www.firmy.cz/detail/13358307-hostinec-u-zajice-hnojnik.html;4.2;47;18.537614;49.683243;"150g Tvarůžkový tatarák, topinky";"160 Kč"
https://www.firmy.cz/detail/13358307-hostinec-u-zajice-hnojnik.html;4.2;47;18.537614;49.683243;"80g Dětský smažený/přírodní kuřecí řízek, hranolky";"129 Kč"
https://www.firmy.cz/detail/13358307-hostinec-u-zajice-hnojnik.html;4.2;47;18.537614;49.683243;"50g Dětský smažený sýr, hranolky";"119 Kč"
https://www.firmy.cz/detail/13358307-hostinec-u-zajice-hnojnik.html;4.2;47;18.537614;49.683243;"3ks Palačinky s džemem, nebo nutelou, šlehačka";"99 Kč"
https://www.firmy.cz/detail/13358307-hostinec-u-zajice-hnojnik.html;4.2;47;18.537614;49.683243;"80g Dětská svíčková na smetaně, knedlík";"139 Kč"
https://www.firmy.cz/detail/13358307-hostinec-u-zajice-hnojnik.html;4.2;47;18.537614;49.683243;"150g Okurkový salát";"70 Kč"
https://www.firmy.cz/detail/13358307-hostinec-u-zajice-hnojnik.html;4.2;47;18.537614;49.683243;"150g Rajčatový salát";"70 Kč"
https://www.firmy.cz/detail/13358307-hostinec-u-zajice-hnojnik.html;4.2;47;18.537614;49.683243;"150g Šopský salát";"95 Kč"
https://www.firmy.cz/detail/13358307-hostinec-u-zajice-hnojnik.html;4.2;47;18.537614;49.683243;"300g Salát Cézar s masem, sýr Gran Moravia";"219 Kč"
https://www.firmy.cz/detail/13358307-hostinec-u-zajice-hnojnik.html;4.2;47;18.537614;49.683243;"Hamburger Chuck roll, hranolky Omačka Barbecue + slanina - 150g";"239 Kč"
https://www.firmy.cz/detail/13358307-hostinec-u-zajice-hnojnik.html;4.2;47;18.537614;49.683243;"Hamburger Chuck roll DOUBLE Omačka Barbecue + slanina - 300g";"299 Kč"
https://www.firmy.cz/detail/13358307-hostinec-u-zajice-hnojnik.html;4.2;47;18.537614;49.683243;"Hamburger Chuck roll do ruky Omačka Barbecue + slanina - 150g";"179 Kč"
https://www.firmy.cz/detail/13358307-hostinec-u-zajice-hnojnik.html;4.2;47;18.537614;49.683243;"Hamburger Chuck roll do ruky DOUBLE Omačka Barbecue + slanina - 300g";"249 Kč"
https://www.firmy.cz/detail/13358307-hostinec-u-zajice-hnojnik.html;4.2;47;18.537614;49.683243;"200g Bramborový salát";"60 Kč"
https://www.firmy.cz/detail/13358307-hostinec-u-zajice-hnojnik.html;4.2;47;18.537614;49.683243;"200g Brambory vařené";"50 Kč"
https://www.firmy.cz/detail/13358307-hostinec-u-zajice-hnojnik.html;4.2;47;18.537614;49.683243;"200g Šťouchané brambory";"60 Kč"
https://www.firmy.cz/detail/13358307-hostinec-u-zajice-hnojnik.html;4.2;47;18.537614;49.683243;"200g Americké brambory";"70 Kč"
https://www.firmy.cz/detail/13358307-hostinec-u-zajice-hnojnik.html;4.2;47;18.537614;49.683243;"200g Hranolky steakové McCain";"70 Kč"
https://www.firmy.cz/detail/13358307-hostinec-u-zajice-hnojnik.html;4.2;47;18.537614;49.683243;"200g Hranolky Julienne McCain";"60 Kč"
https://www.firmy.cz/detail/13358307-hostinec-u-zajice-hnojnik.html;4.2;47;18.537614;49.683243;"150g Grilovaná zelenina";"110 Kč"
https://www.firmy.cz/detail/13358307-hostinec-u-zajice-hnojnik.html;4.2;47;18.537614;49.683243;"50g Tatarská omáčka";"30 Kč"
https://www.firmy.cz/detail/13358307-hostinec-u-zajice-hnojnik.html;4.2;47;18.537614;49.683243;"50g Pikantní omáčka";"30 Kč"
https://www.firmy.cz/detail/13358307-hostinec-u-zajice-hnojnik.html;4.2;47;18.537614;49.683243;"50g Kečup";"30 Kč"
https://www.firmy.cz/detail/13358307-hostinec-u-zajice-hnojnik.html;4.2;47;18.537614;49.683243;"1ks Knedlík";"10 Kč"
https://www.firmy.cz/detail/13358307-hostinec-u-zajice-hnojnik.html;4.2;47;18.537614;49.683243;"1ks Topinka";"12 Kč"
https://www.firmy.cz/detail/13358307-hostinec-u-zajice-hnojnik.html;4.2;47;18.537614;49.683243;"500g Pečená žebírka s pečivem";"230 Kč"
https://www.firmy.cz/detail/13358307-hostinec-u-zajice-hnojnik.html;4.2;47;18.537614;49.683243;"Topinka s ohnivým masem";"129 Kč"
https://www.firmy.cz/detail/13358307-hostinec-u-zajice-hnojnik.html;4.2;47;18.537614;49.683243;"Zmrzlinový pohár s jahodami a šlehačkou";"99 Kč"
https://www.firmy.cz/detail/13358307-hostinec-u-zajice-hnojnik.html;4.2;47;18.537614;49.683243;"Zmrzlinový pohár s lesním ovocem";"99 Kč"
https://www.firmy.cz/detail/13358307-hostinec-u-zajice-hnojnik.html;4.2;47;18.537614;49.683243;"Marlenka Naturál";"50 Kč"
https://www.firmy.cz/detail/13358307-hostinec-u-zajice-hnojnik.html;4.2;47;18.537614;49.683243;"Marlenka Kakaová";"50 Kč"
https://www.firmy.cz/detail/13358307-hostinec-u-zajice-hnojnik.html;4.2;47;18.537614;49.683243;"Sýrové tyčinky";"40 Kč"
https://www.firmy.cz/detail/13358307-hostinec-u-zajice-hnojnik.html;4.2;47;18.537614;49.683243;"Hospodské brambůrky";"45 Kč"
https://www.firmy.cz/detail/13358307-hostinec-u-zajice-hnojnik.html;4.2;47;18.537614;49.683243;"Arašídy";"40 Kč"
https://www.firmy.cz/detail/13358307-hostinec-u-zajice-hnojnik.html;4.2;47;18.537614;49.683243;"Mandle pražené se solí";"50 Kč"
https://www.firmy.cz/detail/13358307-hostinec-u-zajice-hnojnik.html;4.2;47;18.537614;49.683243;"Arašídové křupky";"30 Kč"
https://www.firmy.cz/detail/13358307-hostinec-u-zajice-hnojnik.html;4.2;47;18.537614;49.683243;"Kroužky jarní cibulka";"45 Kč"
https://www.firmy.cz/detail/13358307-hostinec-u-zajice-hnojnik.html;4.2;47;18.537614;49.683243;"Žvýkačky";"25 Kč"
https://www.firmy.cz/detail/13016552-u-2-dubu-praha-kreslice.html;4.6;27;14.565109;50.023295;"Polévka 0, 33l Hovězí vývar s masem a nudlemi";"40 Kč"
https://www.firmy.cz/detail/13016552-u-2-dubu-praha-kreslice.html;4.6;27;14.565109;50.023295;"MENU: 1 Hovězí vývar s masem a nudlemi, 170gr Smažený kuřecí řízek, domácí bramborový salát nebo vařené brambory";"190 Kč"
https://www.firmy.cz/detail/13016552-u-2-dubu-praha-kreslice.html;4.6;27;14.565109;50.023295;"MENU: 2 Hovězí vývar s masem a nudlemi, 150gr Hovězí gulášek sypaný cibulkou, houskové knedlíky";"190 Kč"
https://www.firmy.cz/detail/13016552-u-2-dubu-praha-kreslice.html;4.6;27;14.565109;50.023295;"MENU: 3 Hovězí vývar s masem a nudlemi, 170gr Smažený vepřový řízek, domácí bramborový salát nebo vařené brambory";"190 Kč"
https://www.firmy.cz/detail/13016552-u-2-dubu-praha-kreslice.html;4.6;27;14.565109;50.023295;"100g Tlačenka našeho mistra řezníka s cibulkou, octem a čerstvým chlebem";"65 Kč"
https://www.firmy.cz/detail/13016552-u-2-dubu-praha-kreslice.html;4.6;27;14.565109;50.023295;"1 ks Petrovický utopenec s cibulí, feferonkou a beraním rohem, chléb";"70 Kč"
https://www.firmy.cz/detail/13016552-u-2-dubu-praha-kreslice.html;4.6;27;14.565109;50.023295;"1 ks Domácí Camembert (Hermelín) s beraním rohem, chléb";"80 Kč"
https://www.firmy.cz/detail/13016552-u-2-dubu-praha-kreslice.html;4.6;27;14.565109;50.023295;"1 ks Domácí langoš z našeho těsta s česnekem, kečupem a sýrem";"100 Kč"
https://www.firmy.cz/detail/13016552-u-2-dubu-praha-kreslice.html;4.6;27;14.565109;50.023295;"1 ks Grilovaná Pirátská klobása s hořčicí a čerstvým chlebem";"100 Kč"
https://www.firmy.cz/detail/13016552-u-2-dubu-praha-kreslice.html;4.6;27;14.565109;50.023295;"1 ks Ďábelská topinka s pikantní masovou směsí, sypaná sýrem";"100 Kč"
https://www.firmy.cz/detail/13016552-u-2-dubu-praha-kreslice.html;4.6;27;14.565109;50.023295;"3 ks Smažené Jalapeňos papričky plněné čedarem, s limetkovým dipem a tortilla chips";"135 Kč"
https://www.firmy.cz/detail/13016552-u-2-dubu-praha-kreslice.html;4.6;27;14.565109;50.023295;"300 g Domácí bramborové knedle plněné uzeným, bílé zelí, smažená cibulka";"185 Kč"
https://www.firmy.cz/detail/13016552-u-2-dubu-praha-kreslice.html;4.6;27;14.565109;50.023295;"150 g Svíčková na smetaně pomalu tažená hovězí pečeně, houskové knedlíky, brusinkový terč";"190 Kč"
https://www.firmy.cz/detail/13016552-u-2-dubu-praha-kreslice.html;4.6;27;14.565109;50.023295;"120g Smažený sýr (eidam) s domácí tatarkou";"140 Kč"
https://www.firmy.cz/detail/13016552-u-2-dubu-praha-kreslice.html;4.6;27;14.565109;50.023295;"100g Smažený Camembert (hermelín) s domácí tatarkou";"140 Kč"
https://www.firmy.cz/detail/13016552-u-2-dubu-praha-kreslice.html;4.6;27;14.565109;50.023295;"150g Smažená sýrová jehla (eidam, camembert, niva) s domácí tatarkou";"160 Kč"
https://www.firmy.cz/detail/13016552-u-2-dubu-praha-kreslice.html;4.6;27;14.565109;50.023295;"200g Smažený řízek z kuřecích prsíček zdobený citrónem";"170 Kč"
https://www.firmy.cz/detail/13016552-u-2-dubu-praha-kreslice.html;4.6;27;14.565109;50.023295;"200g Smažený vepřový řízek zdobený citrónem";"170 Kč"
https://www.firmy.cz/detail/13016552-u-2-dubu-praha-kreslice.html;4.6;27;14.565109;50.023295;"500g Kuřecí křídla „SWEET-CHILLI“ s bylinkovou bagetkou, limetkovým dipem ze zakysané smetany a salátem Coleslaw";"210 Kč"
https://www.firmy.cz/detail/13016552-u-2-dubu-praha-kreslice.html;4.6;27;14.565109;50.023295;"200g Křeslická řezanka pikantní kuřecí/vepřové nudličky restované s cibulí a barevnou paprikou";"210 Kč"
https://www.firmy.cz/detail/13016552-u-2-dubu-praha-kreslice.html;4.6;27;14.565109;50.023295;"600g Pečená vepřová žebra v pikantní marinádě podávaná s hořčicí, křenem s beraními rohy a čerstvým chlebem";"245 Kč"
https://www.firmy.cz/detail/13016552-u-2-dubu-praha-kreslice.html;4.6;27;14.565109;50.023295;"300g Špagety Bolognese (masové ragů, tomatová omáčka, Grana Padano/Eidam)";"190 Kč"
https://www.firmy.cz/detail/13016552-u-2-dubu-praha-kreslice.html;4.6;27;14.565109;50.023295;"200g Domácí bramborák s česnekem a majoránkou plněný pikantní masovou směsí";"220 Kč"
https://www.firmy.cz/detail/13016552-u-2-dubu-praha-kreslice.html;4.6;27;14.565109;50.023295;"200g Šťavnatý steak z kuřecích prsíček na čerstvých bylinkách";"190 Kč"
https://www.firmy.cz/detail/13016552-u-2-dubu-praha-kreslice.html;4.6;27;14.565109;50.023295;"300g Steak z vepřové krkovice v úpravě SOUS-VIDE";"210 Kč"
https://www.firmy.cz/detail/13016552-u-2-dubu-praha-kreslice.html;4.6;27;14.565109;50.023295;"200g Vepřová panenka na grilu";"225 Kč"
https://www.firmy.cz/detail/13016552-u-2-dubu-praha-kreslice.html;4.6;27;14.565109;50.023295;"250g RUMP STEAK – URUGAY na drceném barevném pepři";"310 Kč"
https://www.firmy.cz/detail/13016552-u-2-dubu-praha-kreslice.html;4.6;27;14.565109;50.023295;"0, 1 l Teplé pepřová se smetanou, medově-hořčičná z hrubozrnné hořčice, krémová smetanová z lesních hub";"45 Kč"
https://www.firmy.cz/detail/13016552-u-2-dubu-praha-kreslice.html;4.6;27;14.565109;50.023295;"0, 05l Studené dip bylinkový, limetkový ze zakysané smetany, jalapeňo-tomatový, domácí tatarka, bylinkové máslo";"25 Kč"
https://www.firmy.cz/detail/13016552-u-2-dubu-praha-kreslice.html;4.6;27;14.565109;50.023295;"0, 05l Kečup, hořčice";"15 Kč"
https://www.firmy.cz/detail/13016552-u-2-dubu-praha-kreslice.html;4.6;27;14.565109;50.023295;"350g ŠOPÁK (okurka, rajče, paprika, balkánský sýr)";"135 Kč"
https://www.firmy.cz/detail/13016552-u-2-dubu-praha-kreslice.html;4.6;27;14.565109;50.023295;"350g CEASAR (římský salát, grilované kuřecí prsíčko, opečená slanina, Grana Padano, ančovičkový dresink, krutony)";"225 Kč"
https://www.firmy.cz/detail/13016552-u-2-dubu-praha-kreslice.html;4.6;27;14.565109;50.023295;"150g Vařené brambory";"40 Kč"
https://www.firmy.cz/detail/13016552-u-2-dubu-praha-kreslice.html;4.6;27;14.565109;50.023295;"150g Americké brambory";"45 Kč"
https://www.firmy.cz/detail/13016552-u-2-dubu-praha-kreslice.html;4.6;27;14.565109;50.023295;"150g Selské brambory opečené s cibulí, se slaninou a česnekem";"50 Kč"
https://www.firmy.cz/detail/13016552-u-2-dubu-praha-kreslice.html;4.6;27;14.565109;50.023295;"150g Restované fazolky se slaninou a česnekem";"65 Kč"
https://www.firmy.cz/detail/13016552-u-2-dubu-praha-kreslice.html;4.6;27;14.565109;50.023295;"150g Hranolky";"45 Kč"
https://www.firmy.cz/detail/13016552-u-2-dubu-praha-kreslice.html;4.6;27;14.565109;50.023295;"150g Krokety";"45 Kč"
https://www.firmy.cz/detail/13016552-u-2-dubu-praha-kreslice.html;4.6;27;14.565109;50.023295;"1 ks Bylinková bageta";"45 Kč"
https://www.firmy.cz/detail/13016552-u-2-dubu-praha-kreslice.html;4.6;27;14.565109;50.023295;"2ks Domácí palačinky plněné nutellou, zdobené šlehačkou a čokoládou";"100 Kč"
https://www.firmy.cz/detail/13100525-hospoda-na-hrade-hradec-kralove.html;4.1;46;15.832774;50.209956;"1ks Plněný paprikový lusk v rajské omáčce, těstoviny";"149 Kč"
https://www.firmy.cz/detail/13100525-hospoda-na-hrade-hradec-kralove.html;4.1;46;15.832774;50.209956;"120g Trhané husí maso, dušené zelí, bramborové lokše";"189 Kč"
https://www.firmy.cz/detail/13100525-hospoda-na-hrade-hradec-kralove.html;4.1;46;15.832774;50.209956;"150g Smažený filet z tresky, bramborová kaše, salátek";"179 Kč"
https://www.firmy.cz/detail/13100525-hospoda-na-hrade-hradec-kralove.html;4.1;46;15.832774;50.209956;"150g Vepřový guláš s cibulkou, karlovarský a houskový knedlík";"159 Kč"
https://www.firmy.cz/detail/13100525-hospoda-na-hrade-hradec-kralove.html;4.1;46;15.832774;50.209956;"150g Steak z vepřové kotlety, hořčičná omáčka, hranolky";"179 Kč"
https://www.firmy.cz/detail/13100525-hospoda-na-hrade-hradec-kralove.html;4.1;46;15.832774;50.209956;"1 ks Blboun s trhanou husou, velký bramborový knedlík plněný masem, dušené hlávkové zelí a křupavá cibulka";"239 Kč"
https://www.firmy.cz/detail/13100525-hospoda-na-hrade-hradec-kralove.html;4.1;46;15.832774;50.209956;"80g Buchtičky s vanilkovým krémem";"89 Kč"
https://www.firmy.cz/detail/13100525-hospoda-na-hrade-hradec-kralove.html;4.1;46;15.832774;50.209956;"200g Steak z vyzrálého hovězího restované fazolky a bramboráček";"349 Kč"
https://www.firmy.cz/detail/13100525-hospoda-na-hrade-hradec-kralove.html;4.1;46;15.832774;50.209956;"200g Velká grilovaná klobása sázené vejce pikantní fazole a hranolky";"199 Kč"
https://www.firmy.cz/detail/13100525-hospoda-na-hrade-hradec-kralove.html;4.1;46;15.832774;50.209956;"200g Steak z krkovičky slaninový čips čedar a hranolky";"239 Kč"
https://www.firmy.cz/detail/13100525-hospoda-na-hrade-hradec-kralove.html;4.1;46;15.832774;50.209956;"150g Pikantní masová směs v bramboráku a strouhaný sýr";"229 Kč"
https://www.firmy.cz/detail/13100525-hospoda-na-hrade-hradec-kralove.html;4.1;46;15.832774;50.209956;"200g Grilované kuřecí prsíčko a restované brambory se zeleninou";"229 Kč"
https://www.firmy.cz/detail/13100525-hospoda-na-hrade-hradec-kralove.html;4.1;46;15.832774;50.209956;"200g Zbojnické medailonky z vepřové panenky a bramboráčky";"249 Kč"
https://www.firmy.cz/detail/13100525-hospoda-na-hrade-hradec-kralove.html;4.1;46;15.832774;50.209956;"120g Nářez z krkovičky v chlebu se zelím a křenovou smetanou";"189 Kč"
https://www.firmy.cz/detail/13100525-hospoda-na-hrade-hradec-kralove.html;4.1;46;15.832774;50.209956;"180g Burger s trhaným vepřovým karamelizovaná cibule hranolky a dip";"219 Kč"
https://www.firmy.cz/detail/13100525-hospoda-na-hrade-hradec-kralove.html;4.1;46;15.832774;50.209956;"400g Hranolky s trhaným vepřovým chipotle omáčka";"199 Kč"
https://www.firmy.cz/detail/13100525-hospoda-na-hrade-hradec-kralove.html;4.1;46;15.832774;50.209956;"500g Pomalu pečená vepřová žebra hořčice a křen 239";"239 Kč"
https://www.firmy.cz/detail/13100525-hospoda-na-hrade-hradec-kralove.html;4.1;46;15.832774;50.209956;"120g Grilované kuřecí prsíčko na trhaném salátu a toust";"199 Kč"
https://www.firmy.cz/detail/13100525-hospoda-na-hrade-hradec-kralove.html;4.1;46;15.832774;50.209956;"100g Grilovaný sýr Halloumi na trhaném salátu a toust";"199 Kč"
https://www.firmy.cz/detail/13100525-hospoda-na-hrade-hradec-kralove.html;4.1;46;15.832774;50.209956;"150g šopský salát";"89 Kč"
https://www.firmy.cz/detail/13100525-hospoda-na-hrade-hradec-kralove.html;4.1;46;15.832774;50.209956;"80g Buchtičky a vanilkový krém";"89 Kč"
https://www.firmy.cz/detail/13100525-hospoda-na-hrade-hradec-kralove.html;4.1;46;15.832774;50.209956;"100g Poctivej smažák s hranolky a domácí tatarkou";"189 Kč"
https://www.firmy.cz/detail/13100525-hospoda-na-hrade-hradec-kralove.html;4.1;46;15.832774;50.209956;"150g Hovězí guláš čerstvý křen a domácí bramboráčky";"199 Kč"
https://www.firmy.cz/detail/13100525-hospoda-na-hrade-hradec-kralove.html;4.1;46;15.832774;50.209956;"200g Vepřový nebo Kuřecí řízek vařený brambor a salátek";"209 Kč"
https://www.firmy.cz/detail/13100525-hospoda-na-hrade-hradec-kralove.html;4.1;46;15.832774;50.209956;"1/4 Pomalu pečená kachna červené zelí a bramborový knedlík";"239 Kč"
https://www.firmy.cz/detail/13100525-hospoda-na-hrade-hradec-kralove.html;4.1;46;15.832774;50.209956;"180g Hovězí burger se slaninou, salát, rajče, hranolky a dip";"219 Kč"
https://www.firmy.cz/detail/13100525-hospoda-na-hrade-hradec-kralove.html;4.1;46;15.832774;50.209956;"1kg Pečené vepřové koleno hořčice a smetanový křen";"269 Kč"
https://www.firmy.cz/detail/13100525-hospoda-na-hrade-hradec-kralove.html;4.1;46;15.832774;50.209956;"400g Minišnicly - smažené kuřecí a vepřové řízečky a pikantní zelí";"239 Kč"
https://www.firmy.cz/detail/13100525-hospoda-na-hrade-hradec-kralove.html;4.1;46;15.832774;50.209956;"150g Hovězí tatarák a čtyři topinky s česnekem";"239 Kč"
https://www.firmy.cz/detail/13100525-hospoda-na-hrade-hradec-kralove.html;4.1;46;15.832774;50.209956;"300g Kuře na Cucky v pivním těstíčku s omáčkou a pikantním zelím";"259 Kč"
https://www.firmy.cz/detail/13100525-hospoda-na-hrade-hradec-kralove.html;4.1;46;15.832774;50.209956;"200g Příloha";"50 Kč"
https://www.firmy.cz/detail/13100525-hospoda-na-hrade-hradec-kralove.html;4.1;46;15.832774;50.209956;"1 ks Dresink / dip";"30 Kč"
https://www.firmy.cz/detail/13100525-hospoda-na-hrade-hradec-kralove.html;4.1;46;15.832774;50.209956;"200g Restovaná zelenina";"80 Kč"
https://www.firmy.cz/detail/13100525-hospoda-na-hrade-hradec-kralove.html;4.1;46;15.832774;50.209956;"1 ks čerstvý křen";"20 Kč"
https://www.firmy.cz/detail/13100525-hospoda-na-hrade-hradec-kralove.html;4.1;46;15.832774;50.209956;"1 ks Pepřová omáčka";"50 Kč"
https://www.firmy.cz/detail/13100525-hospoda-na-hrade-hradec-kralove.html;4.1;46;15.832774;50.209956;"1 ks Zakysanka";"20 Kč"
https://www.firmy.cz/detail/13100525-hospoda-na-hrade-hradec-kralove.html;4.1;46;15.832774;50.209956;"1 ks Bylinkové máslo";"30 Kč"
https://www.firmy.cz/detail/13100525-hospoda-na-hrade-hradec-kralove.html;4.1;46;15.832774;50.209956;"1ks Domácí tatarka";"20 Kč"
https://www.firmy.cz/detail/13100525-hospoda-na-hrade-hradec-kralove.html;4.1;46;15.832774;50.209956;"2 ks Topinka s česnekem";"30 Kč"
https://www.firmy.cz/detail/13100525-hospoda-na-hrade-hradec-kralove.html;4.1;46;15.832774;50.209956;"1 ks Krajíc chleba";"4 Kč"
https://www.firmy.cz/detail/13204225-hospoda-na-ruzku-liberec-v-kristianov.html;4.1;31;15.060526;50.768580;"0, 22l Drůbeží vývar, zelenina, maso, nudle";"60 Kč"
https://www.firmy.cz/detail/13204225-hospoda-na-ruzku-liberec-v-kristianov.html;4.1;31;15.060526;50.768580;"chlebový kruton, bazalka";"120 Kč"
https://www.firmy.cz/detail/13204225-hospoda-na-ruzku-liberec-v-kristianov.html;4.1;31;15.060526;50.768580;"rajská omáčka, houskové knedlíky";"165 Kč"
https://www.firmy.cz/detail/13204225-hospoda-na-ruzku-liberec-v-kristianov.html;4.1;31;15.060526;50.768580;"omáčka se zeleným pepřem, hranolky s uzenou solí";"180 Kč"
https://www.firmy.cz/detail/13204225-hospoda-na-ruzku-liberec-v-kristianov.html;4.1;31;15.060526;50.768580;"bylinková omáčka, sýr s modrou plísní";"175 Kč"
https://www.firmy.cz/detail/13204225-hospoda-na-ruzku-liberec-v-kristianov.html;4.1;31;15.060526;50.768580;"brokolice na másle, celerové pyré, velouté";"279 Kč"
https://www.firmy.cz/detail/13204225-hospoda-na-ruzku-liberec-v-kristianov.html;4.1;31;15.060526;50.768580;"100g Sorbet, máta";"65 Kč"
https://www.firmy.cz/detail/13204225-hospoda-na-ruzku-liberec-v-kristianov.html;4.1;31;15.060526;50.768580;"0, 30 Svijanská Kněžna";"35 Kč"
https://www.firmy.cz/detail/13204225-hospoda-na-ruzku-liberec-v-kristianov.html;4.1;31;15.060526;50.768580;"0, 30 Svijanský Vozka yuzu a bergamot";"35 Kč"
https://www.firmy.cz/detail/13204225-hospoda-na-ruzku-liberec-v-kristianov.html;4.1;31;15.060526;50.768580;"0, 30 Kohoutková voda s citrusy a mátou";"15 Kč"
https://www.firmy.cz/detail/13204225-hospoda-na-ruzku-liberec-v-kristianov.html;4.1;31;15.060526;50.768580;"0, 25l Vývar z pečené slepice, játrové knedlíčky, kořenová zelenina, nudle, bylinky, chléb";"99 Kč"
https://www.firmy.cz/detail/13204225-hospoda-na-ruzku-liberec-v-kristianov.html;4.1;31;15.060526;50.768580;"0, 25l Dýňový krém, zázvor, chilli, pražená tykev, dýňový olej";"109 Kč"
https://www.firmy.cz/detail/13204225-hospoda-na-ruzku-liberec-v-kristianov.html;4.1;31;15.060526;50.768580;"90g Listy římského salátu, kuřecí prso, ančovičkový dresink, slanina, sýr Gran Moravia, chlebové krutony";"289 Kč"
https://www.firmy.cz/detail/13204225-hospoda-na-ruzku-liberec-v-kristianov.html;4.1;31;15.060526;50.768580;"100g Paštika z drůbežích jater, hruškové chutney, opečený chléb, bylinky";"239 Kč"
https://www.firmy.cz/detail/13204225-hospoda-na-ruzku-liberec-v-kristianov.html;4.1;31;15.060526;50.768580;"130g Hovězí tatarák, nakládaná cibule, česnek, bylinky, opečený chléb";"239 Kč"
https://www.firmy.cz/detail/13204225-hospoda-na-ruzku-liberec-v-kristianov.html;4.1;31;15.060526;50.768580;"100g Sekané tvarůžky, cibule, pažitka, feferonky, opečený chléb";"199 Kč"
https://www.firmy.cz/detail/13204225-hospoda-na-ruzku-liberec-v-kristianov.html;4.1;31;15.060526;50.768580;"120g Smaženka, restovaná zelenina, nakládané houby, hořčice, uzená krkovice, mikrobylinky";"169 Kč"
https://www.firmy.cz/detail/13204225-hospoda-na-ruzku-liberec-v-kristianov.html;4.1;31;15.060526;50.768580;"180g Kančí guláš na černém pivu, houskový a bramborový knedlík";"339 Kč"
https://www.firmy.cz/detail/13204225-hospoda-na-ruzku-liberec-v-kristianov.html;4.1;31;15.060526;50.768580;"300g Konfitované kachní stehno, červené zelí s jablky, bramborové šišky na sádle, smažená cibule";"389 Kč"
https://www.firmy.cz/detail/13204225-hospoda-na-ruzku-liberec-v-kristianov.html;4.1;31;15.060526;50.768580;"130g Trhané vepřové, jalapenos papričky, bbq omáčka, čedar, slaninovo-cibulový crumble, smažené hranolky";"289 Kč"
https://www.firmy.cz/detail/13204225-hospoda-na-ruzku-liberec-v-kristianov.html;4.1;31;15.060526;50.768580;"180g Vepřová líčka, houbová omáčka, lišky, karlovarský knedlík, kopr";"329 Kč"
https://www.firmy.cz/detail/13204225-hospoda-na-ruzku-liberec-v-kristianov.html;4.1;31;15.060526;50.768580;"180g Kuřecí supreme, restovaná sezonní zelenina, bramborové pyré, velouté";"299 Kč"
https://www.firmy.cz/detail/13204225-hospoda-na-ruzku-liberec-v-kristianov.html;4.1;31;15.060526;50.768580;"140g Candát, dýňové kroupoto, restovaná dýně, šalvěj, slaninový crumble";"349 Kč"
https://www.firmy.cz/detail/13204225-hospoda-na-ruzku-liberec-v-kristianov.html;4.1;31;15.060526;50.768580;"160g Smažená gouda v panko strouhance, grenaille na másle s pažitkou, trhaný salát s bylinkami, tatarská omáčka s kapary a koprem";"289 Kč"
https://www.firmy.cz/detail/13204225-hospoda-na-ruzku-liberec-v-kristianov.html;4.1;31;15.060526;50.768580;"150g Dukátové buchtičky, vanilkový krém, ovoce";"159 Kč"
https://www.firmy.cz/detail/13204225-hospoda-na-ruzku-liberec-v-kristianov.html;4.1;31;15.060526;50.768580;"60g Čokoládové brownies, mascarpone, hrušky, hruškový sorbet, mandle, meduňka";"179 Kč"
https://www.firmy.cz/detail/13204225-hospoda-na-ruzku-liberec-v-kristianov.html;4.1;31;15.060526;50.768580;"100ml Ben&Jerry’s Cookie Dough";"99 Kč"
https://www.firmy.cz/detail/13204225-hospoda-na-ruzku-liberec-v-kristianov.html;4.1;31;15.060526;50.768580;"100ml Ben&Jerry’s Dulce De-lish";"99 Kč"
https://www.firmy.cz/detail/13204225-hospoda-na-ruzku-liberec-v-kristianov.html;4.1;31;15.060526;50.768580;"100g Nakládaný hermelín, cibule, feferonka, chléb";"159 Kč"
https://www.firmy.cz/detail/13204225-hospoda-na-ruzku-liberec-v-kristianov.html;4.1;31;15.060526;50.768580;"100g Utopenec, cibule, feferonka, chléb";"129 Kč"
https://www.firmy.cz/detail/13204225-hospoda-na-ruzku-liberec-v-kristianov.html;4.1;31;15.060526;50.768580;"220g Smažené bramborové chipsy, česnekový dip";"139 Kč"
https://www.firmy.cz/detail/13204225-hospoda-na-ruzku-liberec-v-kristianov.html;4.1;31;15.060526;50.768580;"0, 2l Drůbeží vývar, játrové knedlíčky, zelenina, nudle";"79 Kč"
https://www.firmy.cz/detail/13204225-hospoda-na-ruzku-liberec-v-kristianov.html;4.1;31;15.060526;50.768580;"120g Smažený kuřecí řízek, hranolky, kečup";"159 Kč"
https://www.firmy.cz/detail/13204225-hospoda-na-ruzku-liberec-v-kristianov.html;4.1;31;15.060526;50.768580;"150g Spaghetti, rajčatová omáčka, sýr Gran Moravia";"129 Kč"
https://www.firmy.cz/detail/13204225-hospoda-na-ruzku-liberec-v-kristianov.html;4.1;31;15.060526;50.768580;"180g Dukátové buchtičky, vanilkový krém, ovoce";"139 Kč"
https://www.firmy.cz/detail/13204225-hospoda-na-ruzku-liberec-v-kristianov.html;4.1;31;15.060526;50.768580;"70g Lívanečky, borůvky, tvaroh, javorový sirup";"109 Kč"
https://www.firmy.cz/detail/13034559-st-patrick-original-irish-pub-pardubice-zelene-predmesti.html;4.4;77;15.779878;50.033716;"Gulášovka St. Patrick";"35 Kč"
https://www.firmy.cz/detail/13034559-st-patrick-original-irish-pub-pardubice-zelene-predmesti.html;4.4;77;15.779878;50.033716;"Drůbeží vývar s masem, zeleninou a nudlemi";"35 Kč"
https://www.firmy.cz/detail/13034559-st-patrick-original-irish-pub-pardubice-zelene-predmesti.html;4.4;77;15.779878;50.033716;"Drůbeží játra „PO MYSLIVECKU" s dušenou rýží";"155 Kč"
https://www.firmy.cz/detail/13034559-st-patrick-original-irish-pub-pardubice-zelene-predmesti.html;4.4;77;15.779878;50.033716;"Super menu 1/4 Pečené husy s červeným zelím, houskovým a bramborovým knedlíkem";"199 Kč"
https://www.firmy.cz/detail/13034559-st-patrick-original-irish-pub-pardubice-zelene-predmesti.html;4.4;77;15.779878;50.033716;"Hovězí líčka na víně s kořenovou zeleninou a bramborovou kaší";"179 Kč"
https://www.firmy.cz/detail/13034559-st-patrick-original-irish-pub-pardubice-zelene-predmesti.html;4.4;77;15.779878;50.033716;"Smažený květák s vařenými brambory s máslem a domácí tatarskou omáčkou";"159 Kč"
https://www.firmy.cz/detail/13034559-st-patrick-original-irish-pub-pardubice-zelene-predmesti.html;4.4;77;15.779878;50.033716;"Francouzský cibulový koláč s kuřecím masem a čerstvým salátem";"159 Kč"
https://www.firmy.cz/detail/13034559-st-patrick-original-irish-pub-pardubice-zelene-predmesti.html;4.4;77;15.779878;50.033716;"Výborná GULÁŠOVÁ St. Patrick v teplém křupavém bochníku chleba";"99 Kč"
https://www.firmy.cz/detail/13034559-st-patrick-original-irish-pub-pardubice-zelene-predmesti.html;4.4;77;15.779878;50.033716;"Silný HOVĚZÍ VÝVAR z oháňky servírovaný s kuřecím nokem a raviolkou";"75 Kč"
https://www.firmy.cz/detail/13034559-st-patrick-original-irish-pub-pardubice-zelene-predmesti.html;4.4;77;15.779878;50.033716;"ČESNEČKA se sýrovými hoblinami, šunkou a chlebovými krutony";"64 Kč"
https://www.firmy.cz/detail/13034559-st-patrick-original-irish-pub-pardubice-zelene-predmesti.html;4.4;77;15.779878;50.033716;"KRÉMOVÁ ČESNEČKA s chlebovým chipsem a sýrem TIP!";"89 Kč"
https://www.firmy.cz/detail/13034559-st-patrick-original-irish-pub-pardubice-zelene-predmesti.html;4.4;77;15.779878;50.033716;"Originál IRSKÁ SNÍDANĚ křupavá slanina, opečené párečky, hashbrowns (smažené bramborové rösti) , grilované rajče, fazole v tomatové šťávě a sázené vejce TIP!";"149 Kč"
https://www.firmy.cz/detail/13034559-st-patrick-original-irish-pub-pardubice-zelene-predmesti.html;4.4;77;15.779878;50.033716;"VEJCE BENEDIKT se šunkou, grilovanými houbami, holandskou omáčkou a rozpečenými večkami";"149 Kč"
https://www.firmy.cz/detail/13034559-st-patrick-original-irish-pub-pardubice-zelene-predmesti.html;4.4;77;15.779878;50.033716;"HEMENEX s anglickou slaninou, podáváno s pečivem";"109 Kč"
https://www.firmy.cz/detail/13034559-st-patrick-original-irish-pub-pardubice-zelene-predmesti.html;4.4;77;15.779878;50.033716;"ČERSTVÁ BAGETKA s bylinkovým máslem";"30 Kč"
https://www.firmy.cz/detail/13034559-st-patrick-original-irish-pub-pardubice-zelene-predmesti.html;4.4;77;15.779878;50.033716;"Marinované TVARŮŽKY Z LOŠTIC s jalapeňos papričkou a čerstvým pečivem";"149 Kč"
https://www.firmy.cz/detail/13034559-st-patrick-original-irish-pub-pardubice-zelene-predmesti.html;4.4;77;15.779878;50.033716;"Naše POMAZÁNKA z pečeného bůčku s cibulkou, kyselou okurkou, čerstvým chlebem, s plátky jalapeňos";"109 Kč"
https://www.firmy.cz/detail/13034559-st-patrick-original-irish-pub-pardubice-zelene-predmesti.html;4.4;77;15.779878;50.033716;"Tygří krevety na sádle s česnekem a chilli s rozpečenou bagetou";"229 Kč"
https://www.firmy.cz/detail/13034559-st-patrick-original-irish-pub-pardubice-zelene-predmesti.html;4.4;77;15.779878;50.033716;"Šéfkuchařova vepřová TLAČENKA extra libová, s octem a cibulí a čerstvým chlebem";"99 Kč"
https://www.firmy.cz/detail/13034559-st-patrick-original-irish-pub-pardubice-zelene-predmesti.html;4.4;77;15.779878;50.033716;"GRILOVANÉ OCÁSKY Z ANGLICKÉ SLANINY slanina s česnekovým dresinkem a rozpečenými bagetkami";"129 Kč"
https://www.firmy.cz/detail/13034559-st-patrick-original-irish-pub-pardubice-zelene-predmesti.html;4.4;77;15.779878;50.033716;"IRISH FINGER´S FOOD kuřecí křidélka, cibulové kroužky, grilované klobásky, plněné papričky Jalapeňos a spicy wedges (kořeněné brambory) , servírované v košíku s česnekovým a BBQ dresingem";"229 Kč"
https://www.firmy.cz/detail/13034559-st-patrick-original-irish-pub-pardubice-zelene-predmesti.html;4.4;77;15.779878;50.033716;"Naše smažené CIBULOVÉ KROUŽKY s omáčkou dle výběru (grilovací, bluecheese nebo spicy)";"109 Kč"
https://www.firmy.cz/detail/13034559-st-patrick-original-irish-pub-pardubice-zelene-predmesti.html;4.4;77;15.779878;50.033716;"ROZPEČENÉ TRIO SÝRŮ (ementál, parmazán a gouda) v keramické misce s bylinkami a česnekem, s rozpečenými večkami";"119 Kč"
https://www.firmy.cz/detail/13034559-st-patrick-original-irish-pub-pardubice-zelene-predmesti.html;4.4;77;15.779878;50.033716;"Naše bramborové chipsy jemně kořeněné";"74 Kč"
https://www.firmy.cz/detail/13034559-st-patrick-original-irish-pub-pardubice-zelene-predmesti.html;4.4;77;15.779878;50.033716;"BUFFALO WING´S miska pečených kuřecích křidélek v marinádě dle výběru (BBQ Jameson nebo pikantní Chipotle marinádě) , podávaná s grilovací omáčkou, 400g";"179 Kč"
https://www.firmy.cz/detail/13034559-st-patrick-original-irish-pub-pardubice-zelene-predmesti.html;4.4;77;15.779878;50.033716;"Šťavnatý IRISH BURGER z hovězího masa, s rokforovým krémem a omáčkou JAMESON, salát, rajče, v naší rozpečené bulce s hranolky";"279 Kč"
https://www.firmy.cz/detail/13034559-st-patrick-original-irish-pub-pardubice-zelene-predmesti.html;4.4;77;15.779878;50.033716;"Hovězí BURGER St. Patrick se slaninou, sýrem, salsou, cibulí, rajčaty a salátem v naší rozpečené bulce s hranolky TIP!";"279 Kč"
https://www.firmy.cz/detail/13034559-st-patrick-original-irish-pub-pardubice-zelene-predmesti.html;4.4;77;15.779878;50.033716;"BURGER S TRHANÝM KACHNÍM MASEM domácí majonézou, salátem a rajčetem v briošce s domácími hranolky a salsou";"279 Kč"
https://www.firmy.cz/detail/13034559-st-patrick-original-irish-pub-pardubice-zelene-predmesti.html;4.4;77;15.779878;50.033716;"Grilovaná zauzená VEPŘOVÁ ŽEBRA marinovaná v medovo–česnekovém glazuru, 700g";"289 Kč"
https://www.firmy.cz/detail/13034559-st-patrick-original-irish-pub-pardubice-zelene-predmesti.html;4.4;77;15.779878;50.033716;"JEHNĚČÍ KOLÍNKO pomalu pečené na rozmarýnu a česneku se šťouchaným bramborem s listovým špenátem a terčíky dijónské hořčice, 350g TIP!";"399 Kč"
https://www.firmy.cz/detail/13034559-st-patrick-original-irish-pub-pardubice-zelene-predmesti.html;4.4;77;15.779878;50.033716;"PŘÍLOHA K ŽEBRŮM & KE KOLENU rozpečený chléb, beraní rohy, skleněné cibulky, hořčice, křen, grilovací a česnekový dresink";"79 Kč"
https://www.firmy.cz/detail/13034559-st-patrick-original-irish-pub-pardubice-zelene-predmesti.html;4.4;77;15.779878;50.033716;"Pečené VEPŘOVÉ KOLENO krále Artuše v marinádě z piva Guinness, zasytí i dva jedlíky";"295 Kč"
https://www.firmy.cz/detail/13034559-st-patrick-original-irish-pub-pardubice-zelene-predmesti.html;4.4;77;15.779878;50.033716;"STEAK Z PŮLKY vykostěného KUŘETE s křupavou kůžičkou, servírovaný s bramborovými kostičkami se sýrem a česnekem a tradiční irskou omáčkou, 350g";"289 Kč"
https://www.firmy.cz/detail/13034559-st-patrick-original-irish-pub-pardubice-zelene-predmesti.html;4.4;77;15.779878;50.033716;"Smažený VEPŘOVÝ ŘÍZEK z mléčného prasátka zjemněný máslem, s Vídeňským bramborovým salátem s červenou cibulí, panenským olejem a viným octem, 300g";"249 Kč"
https://www.firmy.cz/detail/13034559-st-patrick-original-irish-pub-pardubice-zelene-predmesti.html;4.4;77;15.779878;50.033716;"FISH & CHIPS pravá čerstvá treska v křupavém těstíčku z piva Guinness a domácí irské hranolky (s vinným octem a solí)";"299 Kč"
https://www.firmy.cz/detail/13034559-st-patrick-original-irish-pub-pardubice-zelene-predmesti.html;4.4;77;15.779878;50.033716;"Originál DUBLIN CODDLE Pečené brambory se slaninou, klobásou a cibulí TIP!";"159 Kč"
https://www.firmy.cz/detail/13034559-st-patrick-original-irish-pub-pardubice-zelene-predmesti.html;4.4;77;15.779878;50.033716;"Šťavnatý IRISH BURGER z hovězího masa s rokforovým krémem a omáčkou JAMESON v naší rozpečené bulce a s hranolky";"279 Kč"
https://www.firmy.cz/detail/13034559-st-patrick-original-irish-pub-pardubice-zelene-predmesti.html;4.4;77;15.779878;50.033716;"Smažený VEPŘOVÝ ŘÍZEK z mléčného prasátka zjemněný máslem, s Vídeňským bramborovým salátem s červenou cibulí, panenským olejem a viným octem, 300g";"249 Kč"
https://www.firmy.cz/detail/13034559-st-patrick-original-irish-pub-pardubice-zelene-predmesti.html;4.4;77;15.779878;50.033716;"SVÍČKOVÁ NA SMETANĚ s houskovými knedlíky, citronem, brusinkami a šlehačkou";"249 Kč"
https://www.firmy.cz/detail/13034559-st-patrick-original-irish-pub-pardubice-zelene-predmesti.html;4.4;77;15.779878;50.033716;"SMAŽENÝ SÝR s tatarskou omáčkou";"149 Kč"
https://www.firmy.cz/detail/13034559-st-patrick-original-irish-pub-pardubice-zelene-predmesti.html;4.4;77;15.779878;50.033716;"SMAŽENÉ KUŘECÍ MINIŘÍZEČKY s citronovými řezy, 200g";"188 Kč"
https://www.firmy.cz/detail/13034559-st-patrick-original-irish-pub-pardubice-zelene-predmesti.html;4.4;77;15.779878;50.033716;"BIFTEK St. PATRICK z hovězí svíčkové, zjemnělý vynikajícím ochuceným irským máslem s lístky bazalky, 200g";"415 Kč"
https://www.firmy.cz/detail/13034559-st-patrick-original-irish-pub-pardubice-zelene-predmesti.html;4.4;77;15.779878;50.033716;"BIFTEK Z HOVĚZÍ SVÍČKOVÉ "FERMANACH" se sušenými rajčaty, jalapeňos papričkami a červeným pestem, 200g";"415 Kč"
https://www.firmy.cz/detail/13034559-st-patrick-original-irish-pub-pardubice-zelene-predmesti.html;4.4;77;15.779878;50.033716;"Šťavnatý STEAK Z HOVĚZÍHO OŘECHU jemné libové maso s lehkým mramorováním, s pálivou omáčkou z papriček jalapeňos, sušených rajčat a chorizem, 200g";"320 Kč"
https://www.firmy.cz/detail/13034559-st-patrick-original-irish-pub-pardubice-zelene-predmesti.html;4.4;77;15.779878;50.033716;"SURF AND TURF grilovaný hovězí ořech s tygřími krevetami a česnekovým máslem, 200g";"345 Kč"
https://www.firmy.cz/detail/13034559-st-patrick-original-irish-pub-pardubice-zelene-predmesti.html;4.4;77;15.779878;50.033716;"Grilovaný STEAK z vyzrálého hovězího ořechu S KARAMELIZOVANOU CIBULKOU a kozím sýrem, 200g";"329 Kč"
https://www.firmy.cz/detail/13034559-st-patrick-original-irish-pub-pardubice-zelene-predmesti.html;4.4;77;15.779878;50.033716;"Grilovaný STEAK Z VYZRÁLÉ KRKOVICE odleželý v bylinkové lázni s opečenou slaninou a pivním sýrem, 300g (podáváme s česnekovým dresinkem)";"258 Kč"
https://www.firmy.cz/detail/13034559-st-patrick-original-irish-pub-pardubice-zelene-predmesti.html;4.4;77;15.779878;50.033716;"Vepřová KRKOVICE NA GRILU s barbecue - Jameson omáčkou a křupavou cibulkou, 300g";"228 Kč"
https://www.firmy.cz/detail/13034559-st-patrick-original-irish-pub-pardubice-zelene-predmesti.html;4.4;77;15.779878;50.033716;"Vepřová PANENKA NA GRILU "OFFALY" přelitá jemnou sýrovo-smetanovou omáčkou, 200g";"249 Kč"
https://www.firmy.cz/detail/13034559-st-patrick-original-irish-pub-pardubice-zelene-predmesti.html;4.4;77;15.779878;50.033716;"Zprudka grilovaný KUŘECÍ PRSNÍ STEAK provoněný čerstvým rozmarýnem s bylinkovou omáčkou a celerovými chipsy, 200g";"224 Kč"
https://www.firmy.cz/detail/13034559-st-patrick-original-irish-pub-pardubice-zelene-predmesti.html;4.4;77;15.779878;50.033716;"KUŘECÍ PRSÍČKO KILDARE nadívané pálivými papričkami Jalapeňos a sušeným rajčetem, podávané na červeném pestu, 200g";"234 Kč"
https://www.firmy.cz/detail/13034559-st-patrick-original-irish-pub-pardubice-zelene-predmesti.html;4.4;77;15.779878;50.033716;"BUFFALO WING´S miska pečených kuřecích křidélek v pikantní marinádě, servírovaná s grilovacím dresinkem, 400g";"179 Kč"
https://www.firmy.cz/detail/13034559-st-patrick-original-irish-pub-pardubice-zelene-predmesti.html;4.4;77;15.779878;50.033716;"MEČ LIGO jemně marinované masíčko z vepřové panenské svíčkové, prokládané cibulí, slaninou a paprikou, servírované s bramborovými kostičkami se sýrem a česnekem";"319 Kč"
https://www.firmy.cz/detail/13034559-st-patrick-original-irish-pub-pardubice-zelene-predmesti.html;4.4;77;15.779878;50.033716;"PIVNÍ KUŘECÍ NUDLIČKY s nivou, řapíkem a česnekem, zapékané v keramické misce";"227 Kč"
https://www.firmy.cz/detail/13034559-st-patrick-original-irish-pub-pardubice-zelene-predmesti.html;4.4;77;15.779878;50.033716;"Ostrá ROZPÁLENÁ PÁNEV s hovězími a vepřovými kousky, s červenými fazolkami se zeleninou";"238 Kč"
https://www.firmy.cz/detail/13034559-st-patrick-original-irish-pub-pardubice-zelene-predmesti.html;4.4;77;15.779878;50.033716;"TATARSKÝ BIFTEK z pravé svíčkové s deseti topinkami (připravíme i na sucho) , 180g";"315 Kč"
https://www.firmy.cz/detail/13034559-st-patrick-original-irish-pub-pardubice-zelene-predmesti.html;4.4;77;15.779878;50.033716;"Kousky ledového salátu CAESAR S KUŘECÍMI PRSÍČKY s bylinkovými krutóny a parmazánem";"189 Kč"
https://www.firmy.cz/detail/13034559-st-patrick-original-irish-pub-pardubice-zelene-predmesti.html;4.4;77;15.779878;50.033716;"IRISH WARM SALAD Ledový salát s rajčaty a okurkou, domácím dresinkem a smaženými kuřecími prsíčky se strouhaným sýrem Lancashire, 150g";"189 Kč"
https://www.firmy.cz/detail/13034559-st-patrick-original-irish-pub-pardubice-zelene-predmesti.html;4.4;77;15.779878;50.033716;"GRILOVANÝ CAMEMBERT obalený v čerstvých bylinkách, podávaný s grilovanou zeleninou a balsamikovou reduí TIP!";"198 Kč"
https://www.firmy.cz/detail/13034559-st-patrick-original-irish-pub-pardubice-zelene-predmesti.html;4.4;77;15.779878;50.033716;"Menší PŘÍLOHOVÝ SALÁT z čerstvé zeleniny";"96 Kč"
https://www.firmy.cz/detail/13034559-st-patrick-original-irish-pub-pardubice-zelene-predmesti.html;4.4;77;15.779878;50.033716;"KUŘECÍ "SKRBLÍKOVY" NUGETKY s kečupem nebo tatarkou a hrstkou hranolek";"119 Kč"
https://www.firmy.cz/detail/13034559-st-patrick-original-irish-pub-pardubice-zelene-predmesti.html;4.4;77;15.779878;50.033716;"SMAŽÁK "ČUNÍK" s kečupem a hrstkou hranolek";"119 Kč"
https://www.firmy.cz/detail/13034559-st-patrick-original-irish-pub-pardubice-zelene-predmesti.html;4.4;77;15.779878;50.033716;"STEAK Z ČERSTVÉHO LOSOSA s baby karotkou, hráškovými lusky a bylinkovým máslem, 200g";"349 Kč"
https://www.firmy.cz/detail/13034559-st-patrick-original-irish-pub-pardubice-zelene-predmesti.html;4.4;77;15.779878;50.033716;"Grilovaný FILET Z LOSOSA s jemně nakrájenou zeleninou, s virgin omáčkou, s čerstvým koriandrem a citrónem, 200g";"349 Kč"
https://www.firmy.cz/detail/13034559-st-patrick-original-irish-pub-pardubice-zelene-predmesti.html;4.4;77;15.779878;50.033716;"Naše kynuté LÍVANEČKY s vanilkovou zmrzlinou a borůvkovým pyré TIP!";"129 Kč"
https://www.firmy.cz/detail/13034559-st-patrick-original-irish-pub-pardubice-zelene-predmesti.html;4.4;77;15.779878;50.033716;"Teplý JABLEČNÝ KOLÁČ s vanilkovým krémem";"85 Kč"
https://www.firmy.cz/detail/13034559-st-patrick-original-irish-pub-pardubice-zelene-predmesti.html;4.4;77;15.779878;50.033716;"Pečený ČOKOLÁDOVÝ DORT s banánem a krémem Chantilly";"75 Kč"
https://www.firmy.cz/detail/13034559-st-patrick-original-irish-pub-pardubice-zelene-predmesti.html;4.4;77;15.779878;50.033716;"Naše SORBETY s kousky ovoce dle nabídky";"68 Kč"
https://www.firmy.cz/detail/13034559-st-patrick-original-irish-pub-pardubice-zelene-predmesti.html;4.4;77;15.779878;50.033716;"HORKÝ ČOKOLÁDOVÝ FONDANT s malinovým sorbetem a reduí z lesního ovoce";"136 Kč"
https://www.firmy.cz/detail/13034559-st-patrick-original-irish-pub-pardubice-zelene-predmesti.html;4.4;77;15.779878;50.033716;"Grilovací dresink";"34 Kč"
https://www.firmy.cz/detail/13034559-st-patrick-original-irish-pub-pardubice-zelene-predmesti.html;4.4;77;15.779878;50.033716;"Česnekový dresink";"34 Kč"
https://www.firmy.cz/detail/13034559-st-patrick-original-irish-pub-pardubice-zelene-predmesti.html;4.4;77;15.779878;50.033716;"Blue cheese dip";"40 Kč"
https://www.firmy.cz/detail/13034559-st-patrick-original-irish-pub-pardubice-zelene-predmesti.html;4.4;77;15.779878;50.033716;"Pálivá omáčka";"40 Kč"
https://www.firmy.cz/detail/13034559-st-patrick-original-irish-pub-pardubice-zelene-predmesti.html;4.4;77;15.779878;50.033716;"Bbq jameson omáčka";"40 Kč"
https://www.firmy.cz/detail/13034559-st-patrick-original-irish-pub-pardubice-zelene-predmesti.html;4.4;77;15.779878;50.033716;"Hořčice";"21 Kč"
https://www.firmy.cz/detail/13034559-st-patrick-original-irish-pub-pardubice-zelene-predmesti.html;4.4;77;15.779878;50.033716;"Křen";"34 Kč"
https://www.firmy.cz/detail/13034559-st-patrick-original-irish-pub-pardubice-zelene-predmesti.html;4.4;77;15.779878;50.033716;"Tatarská omáčka";"34 Kč"
https://www.firmy.cz/detail/13034559-st-patrick-original-irish-pub-pardubice-zelene-predmesti.html;4.4;77;15.779878;50.033716;"Kečup";"21 Kč"
https://www.firmy.cz/detail/13034559-st-patrick-original-irish-pub-pardubice-zelene-predmesti.html;4.4;77;15.779878;50.033716;"Šťouchané brambory s opraženou cibulkou";"64 Kč"
https://www.firmy.cz/detail/13034559-st-patrick-original-irish-pub-pardubice-zelene-predmesti.html;4.4;77;15.779878;50.033716;"Restované fazolové lusky se slaninou";"64 Kč"
https://www.firmy.cz/detail/13034559-st-patrick-original-irish-pub-pardubice-zelene-predmesti.html;4.4;77;15.779878;50.033716;"Glazírované steakové brambory s cibulí";"60 Kč"
https://www.firmy.cz/detail/13034559-st-patrick-original-irish-pub-pardubice-zelene-predmesti.html;4.4;77;15.779878;50.033716;"Vařený brambor s máslem";"50 Kč"
https://www.firmy.cz/detail/13034559-st-patrick-original-irish-pub-pardubice-zelene-predmesti.html;4.4;77;15.779878;50.033716;"Mrkvovo - celerové hranolky";"68 Kč"
https://www.firmy.cz/detail/13034559-st-patrick-original-irish-pub-pardubice-zelene-predmesti.html;4.4;77;15.779878;50.033716;"Naše bramborové hranolky";"54 Kč"
https://www.firmy.cz/detail/13034559-st-patrick-original-irish-pub-pardubice-zelene-predmesti.html;4.4;77;15.779878;50.033716;"Tradiční tenké hranolky";"54 Kč"
https://www.firmy.cz/detail/13034559-st-patrick-original-irish-pub-pardubice-zelene-predmesti.html;4.4;77;15.779878;50.033716;"Pivní bramborové kostičky se sýrem a česnekem";"68 Kč"
https://www.firmy.cz/detail/13034559-st-patrick-original-irish-pub-pardubice-zelene-predmesti.html;4.4;77;15.779878;50.033716;"Rozpečená česneková bageta, 6 ks";"55 Kč"
https://www.firmy.cz/detail/13034559-st-patrick-original-irish-pub-pardubice-zelene-predmesti.html;4.4;77;15.779878;50.033716;"Grilovaná čerstvá zelenina";"69 Kč"
https://www.firmy.cz/detail/13034559-st-patrick-original-irish-pub-pardubice-zelene-predmesti.html;4.4;77;15.779878;50.033716;"Ošatka čerstvého pečiva";"35 Kč"
https://www.firmy.cz/detail/13034559-st-patrick-original-irish-pub-pardubice-zelene-predmesti.html;4.4;77;15.779878;50.033716;"Čtvrtka bochníku rozpečeného teplého chleba";"40 Kč"
https://www.firmy.cz/detail/13502247-cholinska-hospoda-cholina.html;5;2;17.054990;49.655341;"Bramboračka se zeleninou (k menu)";"25 Kč"
https://www.firmy.cz/detail/13502247-cholinska-hospoda-cholina.html;5;2;17.054990;49.655341;"Bramboračka se zeleninou (samostatně)";"50 Kč"
https://www.firmy.cz/detail/13502247-cholinska-hospoda-cholina.html;5;2;17.054990;49.655341;"Moravský vrabec, Bystročické zelí, houskový knedlík";"150 Kč"
https://www.firmy.cz/detail/13502247-cholinska-hospoda-cholina.html;5;2;17.054990;49.655341;"Francouzské brambory s uzeným masem, okurek, tatarská omáčka";"140 Kč"
https://www.firmy.cz/detail/13502247-cholinska-hospoda-cholina.html;5;2;17.054990;49.655341;"Holandský řízek s nivou, bramborová kaše";"150 Kč"
https://www.firmy.cz/detail/13502247-cholinska-hospoda-cholina.html;5;2;17.054990;49.655341;"Smažený sýr gouda, hranolky, tatarská omáčka";"180 Kč"
https://www.firmy.cz/detail/13502247-cholinska-hospoda-cholina.html;5;2;17.054990;49.655341;"Smažené tvarůžky, hranolky, tatarská omáčka";"190 Kč"
https://www.firmy.cz/detail/13502247-cholinska-hospoda-cholina.html;5;2;17.054990;49.655341;"Utopenec, řemeslný chleba";"80 Kč"
https://www.firmy.cz/detail/13502247-cholinska-hospoda-cholina.html;5;2;17.054990;49.655341;"Nakládaný hermelín, řemeslný chleba";"90 Kč"
https://www.firmy.cz/detail/13895167-pivnice-u-jary-praha-zizkov.html;4.7;32;14.448507;50.086091;"Zelňačka s klobásou";"55 Kč"
https://www.firmy.cz/detail/13895167-pivnice-u-jary-praha-zizkov.html;4.7;32;14.448507;50.086091;"150g Rajská omáčka s hovězím masem a houskovým knedlíkem";"169 Kč"
https://www.firmy.cz/detail/13895167-pivnice-u-jary-praha-zizkov.html;4.7;32;14.448507;50.086091;"1ks Pečené kuřecí stehno s opečeným bramborem a kyselou okurkou";"169 Kč"
https://www.firmy.cz/detail/13895167-pivnice-u-jary-praha-zizkov.html;4.7;32;14.448507;50.086091;"150g Vepřový steak na másle s hranolky";"185 Kč"
https://www.firmy.cz/detail/13895167-pivnice-u-jary-praha-zizkov.html;4.7;32;14.448507;50.086091;"100g Smažený eidam s vařeným bramborem a tatarkou";"180 Kč"
https://www.firmy.cz/detail/13895167-pivnice-u-jary-praha-zizkov.html;4.7;32;14.448507;50.086091;"1ks Bramborák s kuřecí pikantní směsí";"169 Kč"
https://www.firmy.cz/detail/13895167-pivnice-u-jary-praha-zizkov.html;4.7;32;14.448507;50.086091;"NAKLÁDANÝ HERMELÍN Marinovaný camembert s feferonkou";"55 Kč"
https://www.firmy.cz/detail/13895167-pivnice-u-jary-praha-zizkov.html;4.7;32;14.448507;50.086091;"Pikantní utopenec";"55 Kč"
https://www.firmy.cz/detail/13895167-pivnice-u-jary-praha-zizkov.html;4.7;32;14.448507;50.086091;"Opečená klobása s hořčicí a křenem";"105 Kč"
https://www.firmy.cz/detail/13895167-pivnice-u-jary-praha-zizkov.html;4.7;32;14.448507;50.086091;"ĎÁBELSKÉ TOPINKY Ostrá masová směs, zapečená sýrem";"65 Kč"
https://www.firmy.cz/detail/13895167-pivnice-u-jary-praha-zizkov.html;4.7;32;14.448507;50.086091;"Nakládane olomoucké tvarůžky";"55 Kč"
https://www.firmy.cz/detail/13895167-pivnice-u-jary-praha-zizkov.html;4.7;32;14.448507;50.086091;"ŠOPSKÝ SALÁT Rajčata, paprika, okurka, cibule, olej, ocet, balkánský sýr / 150g Malá verze za 65 /";"120 Kč"
https://www.firmy.cz/detail/13895167-pivnice-u-jary-praha-zizkov.html;4.7;32;14.448507;50.086091;"SALÁT S KUŘECÍM MASEM Kuřecí stripsy s listovým salátem, francouzský dresing";"145 Kč"
https://www.firmy.cz/detail/13895167-pivnice-u-jary-praha-zizkov.html;4.7;32;14.448507;50.086091;"CAPRESSE Mozzarela s rajčaty a bazalkovým pestem";"125 Kč"
https://www.firmy.cz/detail/13895167-pivnice-u-jary-praha-zizkov.html;4.7;32;14.448507;50.086091;"PALAČINKA SE ZMRZLINOU Palačinka s ovocem, zmrzlinou, šlehačkou, toping";"65 Kč"
https://www.firmy.cz/detail/13895167-pivnice-u-jary-praha-zizkov.html;4.7;32;14.448507;50.086091;"ZMRZLINOVÝ POHÁR Vanilková zmrzlina s ovocem, šlehačkou a topingem";"55 Kč"
https://www.firmy.cz/detail/13808504-zarazicka-hospoda-veseli-nad-moravou-zarazice.html;4.8;9;17.365420;48.941436;"Vepřový řízek, hranolky, nebo chléb";"195 Kč"
https://www.firmy.cz/detail/13808504-zarazicka-hospoda-veseli-nad-moravou-zarazice.html;4.8;9;17.365420;48.941436;"Smažený sýr se šunkou, hranolky, tatarka";"175 Kč"
https://www.firmy.cz/detail/13808504-zarazicka-hospoda-veseli-nad-moravou-zarazice.html;4.8;9;17.365420;48.941436;"Topinka s pikantní masovou směsí";"110 Kč"
https://www.firmy.cz/detail/13808504-zarazicka-hospoda-veseli-nad-moravou-zarazice.html;4.8;9;17.365420;48.941436;"Topinka s tvarůžkovou pomazánkou";"110 Kč"
https://www.firmy.cz/detail/13808504-zarazicka-hospoda-veseli-nad-moravou-zarazice.html;4.8;9;17.365420;48.941436;"Topinka se šunkou, sýrem a vejcem";"105 Kč"
https://www.firmy.cz/detail/13808504-zarazicka-hospoda-veseli-nad-moravou-zarazice.html;4.8;9;17.365420;48.941436;"Hranolky sypané sýrem, tatarka, nebo kečup";"85 Kč"
https://www.firmy.cz/detail/13808504-zarazicka-hospoda-veseli-nad-moravou-zarazice.html;4.8;9;17.365420;48.941436;"Hranolky s tatarkou, nebo kečupem";"65 Kč"
https://www.firmy.cz/detail/13808504-zarazicka-hospoda-veseli-nad-moravou-zarazice.html;4.8;9;17.365420;48.941436;"Utopenec s otcem a cibulí";"75 Kč"
https://www.firmy.cz/detail/13808504-zarazicka-hospoda-veseli-nad-moravou-zarazice.html;4.8;9;17.365420;48.941436;"Nakládaný hermelín";"90 Kč"
https://www.firmy.cz/detail/13808504-zarazicka-hospoda-veseli-nad-moravou-zarazice.html;4.8;9;17.365420;48.941436;"Chleba se škvarkovou pomazánkou";"30 Kč"
https://www.firmy.cz/detail/12821627-hospoda-u-kone-olsany-u-prostejova.html;3.3;4;17.162719;49.536161;;
https://www.firmy.cz/detail/13521383-ubytovna-a-restaurace-hamburk-zajecov.html;5;2;13.841899;49.771076;;
https://www.firmy.cz/detail/12972674-hostinec-u-simonu-krenice.html;4.7;69;14.668699;50.031559;;
https://www.firmy.cz/detail/13642289-zakladna-restaurace-pub-jihlava-jihlava.html;3.3;20;15.587674;49.400244;"330ml Žampionový krém s krutony";"37 Kč"
https://www.firmy.cz/detail/13642289-zakladna-restaurace-pub-jihlava-jihlava.html;3.3;20;15.587674;49.400244;"330ml Cena polévky s hlavním jídlem";"20 Kč"
https://www.firmy.cz/detail/13642289-zakladna-restaurace-pub-jihlava-jihlava.html;3.3;20;15.587674;49.400244;"180g Kuřecí prso supreme se silnou drůbeží omáčkou, restované brambůrky grenaille s cherry rajčátky";"189 Kč"
https://www.firmy.cz/detail/13642289-zakladna-restaurace-pub-jihlava-jihlava.html;3.3;20;15.587674;49.400244;"300g Boloňské lasagne zapečené bešamelem";"150 Kč"
https://www.firmy.cz/detail/13642289-zakladna-restaurace-pub-jihlava-jihlava.html;3.3;20;15.587674;49.400244;"150g Kuřecí medailonky s hrubozrnou hořčicí a pórkem, dušená rýže";"152 Kč"
https://www.firmy.cz/detail/13642289-zakladna-restaurace-pub-jihlava-jihlava.html;3.3;20;15.587674;49.400244;"150g Vepřová líčka na červeném víně s kořenovou zeleninou, jemná bramborová kaše";"155 Kč"
https://www.firmy.cz/detail/13642289-zakladna-restaurace-pub-jihlava-jihlava.html;3.3;20;15.587674;49.400244;"300g Tagliatelle s lososem ve smetanové omáčce";"189 Kč"
https://www.firmy.cz/detail/13642289-zakladna-restaurace-pub-jihlava-jihlava.html;3.3;20;15.587674;49.400244;"1ks Pita s vepřovou panenkou, grilovanou zeleninou a sýrem, smažené hranolky, naše tatarská omáčka";"195 Kč"
https://www.firmy.cz/detail/13642289-zakladna-restaurace-pub-jihlava-jihlava.html;3.3;20;15.587674;49.400244;"200g Detroit pizza sýrová";"179 Kč"
https://www.firmy.cz/detail/13642289-zakladna-restaurace-pub-jihlava-jihlava.html;3.3;20;15.587674;49.400244;"120g Okurkový a rajčatový";"37 Kč"
https://www.firmy.cz/detail/13642289-zakladna-restaurace-pub-jihlava-jihlava.html;3.3;20;15.587674;49.400244;"2ks Meruňkové bramborové knedlíky s tvarohem, cukrem a máslem";"69 Kč"
https://www.firmy.cz/detail/12976056-hostinec-u-herciku-praha-cakovice.html;4.7;19;14.531192;50.152846;"K celému hlavnímu jídlu polévka za";"35 Kč"
https://www.firmy.cz/detail/12976056-hostinec-u-herciku-praha-cakovice.html;4.7;19;14.531192;50.152846;"330 ml Hovězí vývar";"49 Kč"
https://www.firmy.cz/detail/12976056-hostinec-u-herciku-praha-cakovice.html;4.7;19;14.531192;50.152846;"330 ml Čočková se slaninou";"49 Kč"
https://www.firmy.cz/detail/12976056-hostinec-u-herciku-praha-cakovice.html;4.7;19;14.531192;50.152846;"100g Menu 1 -Hovězí pečeně na slanině, rýže";"160 Kč"
https://www.firmy.cz/detail/12976056-hostinec-u-herciku-praha-cakovice.html;4.7;19;14.531192;50.152846;"150g Menu 2 -Vepřové výpečky, zelí, HK";"160 Kč"
https://www.firmy.cz/detail/12976056-hostinec-u-herciku-praha-cakovice.html;4.7;19;14.531192;50.152846;"150g Menu 3 -Smažené žampiony, brambory, tatarka";"160 Kč"
https://www.firmy.cz/detail/12976056-hostinec-u-herciku-praha-cakovice.html;4.7;19;14.531192;50.152846;"200g Králičí stehno na cibuli, špenát, BK";"219 Kč"
https://www.firmy.cz/detail/12976056-hostinec-u-herciku-praha-cakovice.html;4.7;19;14.531192;50.152846;"200g Španělský ptáček, rýže";"219 Kč"
https://www.firmy.cz/detail/12976056-hostinec-u-herciku-praha-cakovice.html;4.7;19;14.531192;50.152846;"150g Hovězí pečeně na slanině, rýže";"189 Kč"
https://www.firmy.cz/detail/12976056-hostinec-u-herciku-praha-cakovice.html;4.7;19;14.531192;50.152846;"200g Smažené žampiony, brambory, tatarka";"185 Kč"
https://www.firmy.cz/detail/12976056-hostinec-u-herciku-praha-cakovice.html;4.7;19;14.531192;50.152846;"200g Uzená krkovice, šťouchané brambory, okurka";"185 Kč"
https://www.firmy.cz/detail/12976056-hostinec-u-herciku-praha-cakovice.html;4.7;19;14.531192;50.152846;"200g Vepřové výpečky, zelí, HK";"179 Kč"
https://www.firmy.cz/detail/12976056-hostinec-u-herciku-praha-cakovice.html;4.7;19;14.531192;50.152846;"3 ks Borůvkové knedlíky se zakysanou smetanou, cukrem a šlehačkou";"155 Kč"
https://www.firmy.cz/detail/13117235-hostinec-u-hriste-mohelnice.html;4.9;42;16.931293;49.780852;"Prdelačka";"40 Kč"
https://www.firmy.cz/detail/13117235-hostinec-u-hriste-mohelnice.html;4.9;42;16.931293;49.780852;"Hovězí stroganov, dušená jasmínová rýže";"149 Kč"
https://www.firmy.cz/detail/13117235-hostinec-u-hriste-mohelnice.html;4.9;42;16.931293;49.780852;"Kuřecí kousky se smetanou, vařené těstoviny";"149 Kč"
https://www.firmy.cz/detail/13117235-hostinec-u-hriste-mohelnice.html;4.9;42;16.931293;49.780852;"Rozlítaný španělský ptáček, houskové knedlíky";"149 Kč"
https://www.firmy.cz/detail/566266-u-cagana-bruntal.html;4.3;12;17.459830;49.983488;"Ostravský kotlík / vepřové maso, klobáska, brambory, zelenina (/ chléb";"115 Kč"
https://www.firmy.cz/detail/566266-u-cagana-bruntal.html;4.3;12;17.459830;49.983488;"Domácí koblížky s marmeládou a tvarohem";"115 Kč"
https://www.firmy.cz/detail/566266-u-cagana-bruntal.html;4.3;12;17.459830;49.983488;"Kuřecí řízečky marinované v jogurtu s česnekem, brambory, tatarka";"122 Kč"
https://www.firmy.cz/detail/692513-hostinec-u-pristavu-praha-holesovice.html;4.3;3;14.455621;50.104923;"0. 25 l Čočková";"40 Kč"
https://www.firmy.cz/detail/692513-hostinec-u-pristavu-praha-holesovice.html;4.3;3;14.455621;50.104923;"150 gr Pečená kachna, zelí, HK, BK";"180 Kč"
https://www.firmy.cz/detail/692513-hostinec-u-pristavu-praha-holesovice.html;4.3;3;14.455621;50.104923;"150 gr Milánské špagety se sýrem";"180 Kč"
https://www.firmy.cz/detail/692513-hostinec-u-pristavu-praha-holesovice.html;4.3;3;14.455621;50.104923;"150 gr Teplá šunka, brambor, tatarka";"180 Kč"
https://www.firmy.cz/detail/692513-hostinec-u-pristavu-praha-holesovice.html;4.3;3;14.455621;50.104923;"100 gr Vepřové výpečky, zelí, BK";"180 Kč"
https://www.firmy.cz/detail/692513-hostinec-u-pristavu-praha-holesovice.html;4.3;3;14.455621;50.104923;"150 gr Telecí na paprice, HK/kolínka";"180 Kč"
https://www.firmy.cz/detail/692513-hostinec-u-pristavu-praha-holesovice.html;4.3;3;14.455621;50.104923;"150 gr Vepřové srdce na cibulce, rýže";"180 Kč"
https://www.firmy.cz/detail/692513-hostinec-u-pristavu-praha-holesovice.html;4.3;3;14.455621;50.104923;"150 gr Hovězí na houbách, HK";"180 Kč"
https://www.firmy.cz/detail/692513-hostinec-u-pristavu-praha-holesovice.html;4.3;3;14.455621;50.104923;"150 gr Smažený vepřový řízek, brambor";"180 Kč"
https://www.firmy.cz/detail/692513-hostinec-u-pristavu-praha-holesovice.html;4.3;3;14.455621;50.104923;"120 gr Smažený uzený sýr, brambor, tatarka";"180 Kč"
https://www.firmy.cz/detail/692513-hostinec-u-pristavu-praha-holesovice.html;4.3;3;14.455621;50.104923;"150 gr Smažený kuřecí řízek, brambor";"180 Kč"
https://www.firmy.cz/detail/692513-hostinec-u-pristavu-praha-holesovice.html;4.3;3;14.455621;50.104923;"100 gr Smažený hermelín, brambor, tatarka";"180 Kč"
https://www.firmy.cz/detail/692513-hostinec-u-pristavu-praha-holesovice.html;4.3;3;14.455621;50.104923;"120 gr Smažený Eidam, brambor, tatarka";"180 Kč"
https://www.firmy.cz/detail/692513-hostinec-u-pristavu-praha-holesovice.html;4.3;3;14.455621;50.104923;"120 gr Smažená NIVA, brambor, tatarka";"180 Kč"
https://www.firmy.cz/detail/692513-hostinec-u-pristavu-praha-holesovice.html;4.3;3;14.455621;50.104923;"120 gr Smažené olomoucké tvarůžky, brambor, tatarka";"180 Kč"
https://www.firmy.cz/detail/692513-hostinec-u-pristavu-praha-holesovice.html;4.3;3;14.455621;50.104923;"150 gr Losos na másle, brambor";"180 Kč"
https://www.firmy.cz/detail/692513-hostinec-u-pristavu-praha-holesovice.html;4.3;3;14.455621;50.104923;"150 gr Přírodní vepřový steak, vol. oko, hranolky";"180 Kč"
https://www.firmy.cz/detail/13109195-hospudka-restaurace-u-martiny-fulnek.html;4.6;29;17.900115;49.711018;"Záhorácký závitek, šťouchaný brambor";"135 Kč"
https://www.firmy.cz/detail/13109195-hospudka-restaurace-u-martiny-fulnek.html;4.6;29;17.900115;49.711018;"Srdce na slanině, rýže, kyselý okurek";"135 Kč"
https://www.firmy.cz/detail/13109195-hospudka-restaurace-u-martiny-fulnek.html;4.6;29;17.900115;49.711018;"Smažený vepřový řízek s bramborem";"135 Kč"
https://www.firmy.cz/detail/12769072-hospoda-bivoj-tecovice.html;3.9;9;17.583464;49.215023;"Vepřová kýta, houbová omáčka, houskový knedlík 1, 3, 7, 15";"149 Kč"
https://www.firmy.cz/detail/12769072-hospoda-bivoj-tecovice.html;3.9;9;17.583464;49.215023;"Kuřecí roláda, bramborová kaše, kyselá okurka 1, 3, 7";"149 Kč"
https://www.firmy.cz/detail/12769072-hospoda-bivoj-tecovice.html;3.9;9;17.583464;49.215023;"Krůtí rizoto se zeleninou a sýrem, kyselá okurka 1, 1, 1";"149 Kč"
https://www.firmy.cz/detail/12769072-hospoda-bivoj-tecovice.html;3.9;9;17.583464;49.215023;"Na Vaše přání ze součástí menu 1-3.";"149 Kč"
https://www.firmy.cz/detail/13318087-hospudka-u-ruzicku-prostejov.html;4.7;22;17.111368;49.471791;"Zapečené brambory s brokolicí, nivou a kuřecím masem 1, 3, 7";"140 Kč"
https://www.firmy.cz/detail/13318087-hospudka-u-ruzicku-prostejov.html;4.7;22;17.111368;49.471791;"Palačinky s tvarohem 1, 3, 7";"120 Kč"
https://www.firmy.cz/detail/13318087-hospudka-u-ruzicku-prostejov.html;4.7;22;17.111368;49.471791;"Krůtí plátky s fazolkami slaninou smažené brambory tatarská omáčka 1, 3, 7";"140 Kč"
https://www.firmy.cz/detail/13318087-hospudka-u-ruzicku-prostejov.html;4.7;22;17.111368;49.471791;"Smažený květák hranolky tatarská omáčka 1, 3, 7";"140 Kč"
https://www.firmy.cz/detail/13109647-hospudka-na-zelene-frydek-mistek-mistek.html;1;2;18.339386;49.670647;;
https://www.firmy.cz/detail/13391440-restaurace-kd-kozmice-kozmice.html;5;4;18.155616;49.912855;"Vepřové výpečky, dušený špenát, bramborové knedlíky A 173";"149 Kč"
https://www.firmy.cz/detail/13391440-restaurace-kd-kozmice-kozmice.html;5;4;18.155616;49.912855;"Kuřecí nudličky s nivou a smetanou, hranolky A 71";"149 Kč"
https://www.firmy.cz/detail/13391440-restaurace-kd-kozmice-kozmice.html;5;4;18.155616;49.912855;"Kuřecí řízečky, šťouchané brambory A 13 7";"155 Kč"
https://www.firmy.cz/detail/13391440-restaurace-kd-kozmice-kozmice.html;5;4;18.155616;49.912855;"Hovězí svíčková na smetaně, houskový knedlík A 13 7 9";"169 Kč"
https://www.firmy.cz/detail/13391440-restaurace-kd-kozmice-kozmice.html;5;4;18.155616;49.912855;"Caesar salát s grilovaným kuřecím masem, toust, parmezán A7 41";"155 Kč"
https://www.firmy.cz/detail/12887531-letni-zahradka-senza-prostejov.html;2.8;4;17.112737;49.464508;;
https://www.firmy.cz/detail/13227341-hostinec-u-kolace-jablonne-v-podjestedi-ceska-ves.html;4.7;14;14.760016;50.760299;;
https://www.firmy.cz/detail/13021981-hospoda-u-klokocnika-praha-nusle.html;4.5;38;14.441874;50.058740;"Kulajda s čerstvým domácím rohlíčkem";"59 Kč"
https://www.firmy.cz/detail/13021981-hospoda-u-klokocnika-praha-nusle.html;4.5;38;14.441874;50.058740;"Čočková polévka s uzeným masem s čerstvým domácím rohlíčkem";"59 Kč"
https://www.firmy.cz/detail/13021981-hospoda-u-klokocnika-praha-nusle.html;4.5;38;14.441874;50.058740;"Menu: polévka dle výběru + Holandský řízek s bramborovou kaší a okurkou";"199 Kč"
https://www.firmy.cz/detail/13021981-hospoda-u-klokocnika-praha-nusle.html;4.5;38;14.441874;50.058740;"Filírované kachní prsíčko na pomerančích s bramborovou kaší a šťávou z výpeku";"189 Kč"
https://www.firmy.cz/detail/13021981-hospoda-u-klokocnika-praha-nusle.html;4.5;38;14.441874;50.058740;"Boloňské lasagne sypané parmazánem s bazalkovým pestem";"178 Kč"
https://www.firmy.cz/detail/13021981-hospoda-u-klokocnika-praha-nusle.html;4.5;38;14.441874;50.058740;"Holandský řízek s bramborovou kaší a okurkou";"175 Kč"
https://www.firmy.cz/detail/13021981-hospoda-u-klokocnika-praha-nusle.html;4.5;38;14.441874;50.058740;"Smažený květák podávaný s vařeným bramborem a naší tatarkou";"172 Kč"
https://www.firmy.cz/detail/13642289-zakladna-restaurace-pub-jihlava-jihlava.html;3.3;20;15.587674;49.400244;"330ml Žampionový krém s krutony";"37 Kč"
https://www.firmy.cz/detail/13642289-zakladna-restaurace-pub-jihlava-jihlava.html;3.3;20;15.587674;49.400244;"330ml Cena polévky s hlavním jídlem";"20 Kč"
https://www.firmy.cz/detail/13642289-zakladna-restaurace-pub-jihlava-jihlava.html;3.3;20;15.587674;49.400244;"180g Kuřecí prso supreme se silnou drůbeží omáčkou, restované brambůrky grenaille s cherry rajčátky";"189 Kč"
https://www.firmy.cz/detail/13642289-zakladna-restaurace-pub-jihlava-jihlava.html;3.3;20;15.587674;49.400244;"300g Boloňské lasagne zapečené bešamelem";"150 Kč"
https://www.firmy.cz/detail/13642289-zakladna-restaurace-pub-jihlava-jihlava.html;3.3;20;15.587674;49.400244;"150g Kuřecí medailonky s hrubozrnou hořčicí a pórkem, dušená rýže";"152 Kč"
https://www.firmy.cz/detail/13642289-zakladna-restaurace-pub-jihlava-jihlava.html;3.3;20;15.587674;49.400244;"150g Vepřová líčka na červeném víně s kořenovou zeleninou, jemná bramborová kaše";"155 Kč"
https://www.firmy.cz/detail/13642289-zakladna-restaurace-pub-jihlava-jihlava.html;3.3;20;15.587674;49.400244;"300g Tagliatelle s lososem ve smetanové omáčce";"189 Kč"
https://www.firmy.cz/detail/13642289-zakladna-restaurace-pub-jihlava-jihlava.html;3.3;20;15.587674;49.400244;"1ks Pita s vepřovou panenkou, grilovanou zeleninou a sýrem, smažené hranolky, naše tatarská omáčka";"195 Kč"
https://www.firmy.cz/detail/13642289-zakladna-restaurace-pub-jihlava-jihlava.html;3.3;20;15.587674;49.400244;"200g Detroit pizza sýrová";"179 Kč"
https://www.firmy.cz/detail/13642289-zakladna-restaurace-pub-jihlava-jihlava.html;3.3;20;15.587674;49.400244;"120g Okurkový a rajčatový";"37 Kč"
https://www.firmy.cz/detail/13642289-zakladna-restaurace-pub-jihlava-jihlava.html;3.3;20;15.587674;49.400244;"2ks Meruňkové bramborové knedlíky s tvarohem, cukrem a máslem";"69 Kč"
https://www.firmy.cz/detail/12976056-hostinec-u-herciku-praha-cakovice.html;4.7;19;14.531192;50.152846;"K celému hlavnímu jídlu polévka za";"35 Kč"
https://www.firmy.cz/detail/12976056-hostinec-u-herciku-praha-cakovice.html;4.7;19;14.531192;50.152846;"330 ml Hovězí vývar";"49 Kč"
https://www.firmy.cz/detail/12976056-hostinec-u-herciku-praha-cakovice.html;4.7;19;14.531192;50.152846;"330 ml Čočková se slaninou";"49 Kč"
https://www.firmy.cz/detail/12976056-hostinec-u-herciku-praha-cakovice.html;4.7;19;14.531192;50.152846;"100g Menu 1 -Hovězí pečeně na slanině, rýže";"160 Kč"
https://www.firmy.cz/detail/12976056-hostinec-u-herciku-praha-cakovice.html;4.7;19;14.531192;50.152846;"150g Menu 2 -Vepřové výpečky, zelí, HK";"160 Kč"
https://www.firmy.cz/detail/12976056-hostinec-u-herciku-praha-cakovice.html;4.7;19;14.531192;50.152846;"150g Menu 3 -Smažené žampiony, brambory, tatarka";"160 Kč"
https://www.firmy.cz/detail/12976056-hostinec-u-herciku-praha-cakovice.html;4.7;19;14.531192;50.152846;"200g Králičí stehno na cibuli, špenát, BK";"219 Kč"
https://www.firmy.cz/detail/12976056-hostinec-u-herciku-praha-cakovice.html;4.7;19;14.531192;50.152846;"200g Španělský ptáček, rýže";"219 Kč"
https://www.firmy.cz/detail/12976056-hostinec-u-herciku-praha-cakovice.html;4.7;19;14.531192;50.152846;"150g Hovězí pečeně na slanině, rýže";"189 Kč"
https://www.firmy.cz/detail/12976056-hostinec-u-herciku-praha-cakovice.html;4.7;19;14.531192;50.152846;"200g Smažené žampiony, brambory, tatarka";"185 Kč"
https://www.firmy.cz/detail/12976056-hostinec-u-herciku-praha-cakovice.html;4.7;19;14.531192;50.152846;"200g Uzená krkovice, šťouchané brambory, okurka";"185 Kč"
https://www.firmy.cz/detail/12976056-hostinec-u-herciku-praha-cakovice.html;4.7;19;14.531192;50.152846;"200g Vepřové výpečky, zelí, HK";"179 Kč"
https://www.firmy.cz/detail/12976056-hostinec-u-herciku-praha-cakovice.html;4.7;19;14.531192;50.152846;"3 ks Borůvkové knedlíky se zakysanou smetanou, cukrem a šlehačkou";"155 Kč"
https://www.firmy.cz/detail/13117235-hostinec-u-hriste-mohelnice.html;4.9;42;16.931293;49.780852;"Prdelačka";"40 Kč"
https://www.firmy.cz/detail/13117235-hostinec-u-hriste-mohelnice.html;4.9;42;16.931293;49.780852;"Hovězí stroganov, dušená jasmínová rýže";"149 Kč"
https://www.firmy.cz/detail/13117235-hostinec-u-hriste-mohelnice.html;4.9;42;16.931293;49.780852;"Kuřecí kousky se smetanou, vařené těstoviny";"149 Kč"
https://www.firmy.cz/detail/13117235-hostinec-u-hriste-mohelnice.html;4.9;42;16.931293;49.780852;"Rozlítaný španělský ptáček, houskové knedlíky";"149 Kč"
https://www.firmy.cz/detail/13711279-hospudka-dolni-zahrady-kromeriz.html;4.9;5;17.416024;49.299066;"120g Hamburská vepřová plec, houskový knedlík";"159 Kč"
https://www.firmy.cz/detail/13711279-hospudka-dolni-zahrady-kromeriz.html;4.9;5;17.416024;49.299066;"150g Gratinované rybí filé s rajčaty a mozzarellou, hráškové pyré";"169 Kč"
https://www.firmy.cz/detail/13711279-hospudka-dolni-zahrady-kromeriz.html;4.9;5;17.416024;49.299066;"120g Krůtí steak s omáčkou z modrého sýra, pečené grenaille";"185 Kč"
https://www.firmy.cz/detail/13113791-hospudka-u-nas-zatec.html;4.6;62;13.548679;50.327546;;
https://www.firmy.cz/detail/13373711-j-j-murphy-s-irish-pub-praha-mala-strana.html;4.9;6;14.403346;50.087198;"Polévka dne";"90 Kč"
https://www.firmy.cz/detail/13373711-j-j-murphy-s-irish-pub-praha-mala-strana.html;4.9;6;14.403346;50.087198;"Nachos s chedarem a s chalapeňos papričkami, rajčatovou salsou, zakysanou smetanou a česnekovo-pažitkovým dipem";"205 Kč"
https://www.firmy.cz/detail/13373711-j-j-murphy-s-irish-pub-praha-mala-strana.html;4.9;6;14.403346;50.087198;"Hranolky na irský způsob 250g";"205 Kč"
https://www.firmy.cz/detail/13373711-j-j-murphy-s-irish-pub-praha-mala-strana.html;4.9;6;14.403346;50.087198;"Sýrový košík";"225 Kč"
https://www.firmy.cz/detail/13373711-j-j-murphy-s-irish-pub-praha-mala-strana.html;4.9;6;14.403346;50.087198;"Cibulové kroužky - 10 ks";"185 Kč"
https://www.firmy.cz/detail/13373711-j-j-murphy-s-irish-pub-praha-mala-strana.html;4.9;6;14.403346;50.087198;"B. L. T. SENDVIČ 300g";"240 Kč"
https://www.firmy.cz/detail/13373711-j-j-murphy-s-irish-pub-praha-mala-strana.html;4.9;6;14.403346;50.087198;"Kuřecí zapečený sendvič 300g";"240 Kč"
https://www.firmy.cz/detail/13373711-j-j-murphy-s-irish-pub-praha-mala-strana.html;4.9;6;14.403346;50.087198;"Philly Cheese Bageta 300g";"260 Kč"
https://www.firmy.cz/detail/13373711-j-j-murphy-s-irish-pub-praha-mala-strana.html;4.9;6;14.403346;50.087198;"Kuřecí křídla „Guinness BBQ“ nebo „Buffalo HOT“ - 12 ks";"250 Kč"
https://www.firmy.cz/detail/13373711-j-j-murphy-s-irish-pub-praha-mala-strana.html;4.9;6;14.403346;50.087198;"Kuřecí křídla „Guinness BBQ“ nebo „Buffalo HOT“ - 18 ks";"320 Kč"
https://www.firmy.cz/detail/13373711-j-j-murphy-s-irish-pub-praha-mala-strana.html;4.9;6;14.403346;50.087198;"SMAŽENÝ SÝR 150 g";"260 Kč"
https://www.firmy.cz/detail/13373711-j-j-murphy-s-irish-pub-praha-mala-strana.html;4.9;6;14.403346;50.087198;"J. J. HOVEZÍ GULÁŠ NA GUINNESSU 150 g";"280 Kč"
https://www.firmy.cz/detail/13373711-j-j-murphy-s-irish-pub-praha-mala-strana.html;4.9;6;14.403346;50.087198;"Fish and chips 200g";"335 Kč"
https://www.firmy.cz/detail/13373711-j-j-murphy-s-irish-pub-praha-mala-strana.html;4.9;6;14.403346;50.087198;"Prémiový steak z vysokého roštěnce „Rib Eye“ 250g";"550 Kč"
https://www.firmy.cz/detail/13373711-j-j-murphy-s-irish-pub-praha-mala-strana.html;4.9;6;14.403346;50.087198;"BBQ vepřová žebra";"320 Kč"
https://www.firmy.cz/detail/13373711-j-j-murphy-s-irish-pub-praha-mala-strana.html;4.9;6;14.403346;50.087198;"Bangers and Mash 250g";"295 Kč"
https://www.firmy.cz/detail/13373711-j-j-murphy-s-irish-pub-praha-mala-strana.html;4.9;6;14.403346;50.087198;"Pastýřský koláč 350g";"320 Kč"
https://www.firmy.cz/detail/13373711-j-j-murphy-s-irish-pub-praha-mala-strana.html;4.9;6;14.403346;50.087198;"Kuřecí Fajitas 300g";"350 Kč"
https://www.firmy.cz/detail/13373711-j-j-murphy-s-irish-pub-praha-mala-strana.html;4.9;6;14.403346;50.087198;"VEG Fajitas";"350 Kč"
https://www.firmy.cz/detail/13373711-j-j-murphy-s-irish-pub-praha-mala-strana.html;4.9;6;14.403346;50.087198;"Irská snídaně 350g";"350 Kč"
https://www.firmy.cz/detail/13373711-j-j-murphy-s-irish-pub-praha-mala-strana.html;4.9;6;14.403346;50.087198;"VEG irská snídaně 350g";"350 Kč"
https://www.firmy.cz/detail/13373711-j-j-murphy-s-irish-pub-praha-mala-strana.html;4.9;6;14.403346;50.087198;"J. ´s burger 200g - se slaninou, modrým sýrem a jalapenos";"310 Kč"
https://www.firmy.cz/detail/13373711-j-j-murphy-s-irish-pub-praha-mala-strana.html;4.9;6;14.403346;50.087198;"Cajun kuřecí burger 200g - se slaninou a sýrem";"310 Kč"
https://www.firmy.cz/detail/13373711-j-j-murphy-s-irish-pub-praha-mala-strana.html;4.9;6;14.403346;50.087198;"VEG burger 200g - karbanátek ze špenátu a sladkých brambor, paprika, mozzarella";"310 Kč"
https://www.firmy.cz/detail/13373711-j-j-murphy-s-irish-pub-praha-mala-strana.html;4.9;6;14.403346;50.087198;"Caesar salát 300g - grilované kuřecí maso, irská slanina, krutony, parmezán";"250 Kč"
https://www.firmy.cz/detail/13373711-j-j-murphy-s-irish-pub-praha-mala-strana.html;4.9;6;14.403346;50.087198;"VEG Caesar";"250 Kč"
https://www.firmy.cz/detail/13373711-j-j-murphy-s-irish-pub-praha-mala-strana.html;4.9;6;14.403346;50.087198;"Salát CAPRESE 300g";"250 Kč"
https://www.firmy.cz/detail/13373711-j-j-murphy-s-irish-pub-praha-mala-strana.html;4.9;6;14.403346;50.087198;"Sezónní salát 150g";"170 Kč"
https://www.firmy.cz/detail/13373711-j-j-murphy-s-irish-pub-praha-mala-strana.html;4.9;6;14.403346;50.087198;"Řecký salát 350g";"240 Kč"
https://www.firmy.cz/detail/13373711-j-j-murphy-s-irish-pub-praha-mala-strana.html;4.9;6;14.403346;50.087198;"Dezert týdne";"120 Kč"
https://www.firmy.cz/detail/13373711-j-j-murphy-s-irish-pub-praha-mala-strana.html;4.9;6;14.403346;50.087198;"Jablečný koláč 150g - se šlehačkou a vanilkovou zmrzlinou";"120 Kč"
https://www.firmy.cz/detail/13373711-j-j-murphy-s-irish-pub-praha-mala-strana.html;4.9;6;14.403346;50.087198;"Zmrzlinový pohár - 3 kopečky";"120 Kč"
https://www.firmy.cz/detail/13360648-hospudka-na-ruzku-frenstat-pod-radhostem.html;4;8;18.218516;49.545010;"Steak z vepřové krkovičky v pepřové omáčce, americké brambory s česnekem, obloha";"169 Kč"
https://www.firmy.cz/detail/13360648-hospudka-na-ruzku-frenstat-pod-radhostem.html;4;8;18.218516;49.545010;"Dančí hřbet na smetaně, houskový knedlík, brusinkový terč";"179 Kč"
https://www.firmy.cz/detail/13360648-hospudka-na-ruzku-frenstat-pod-radhostem.html;4;8;18.218516;49.545010;"Hovězí po Burgundsku s bramborovou kaší";"189 Kč"
https://www.firmy.cz/detail/13360648-hospudka-na-ruzku-frenstat-pod-radhostem.html;4;8;18.218516;49.545010;"Smažený hermelín, vařený brambor s máslem, tatarská omáčka, obloha";"169 Kč"
https://www.firmy.cz/detail/13110174-hospoda-u-kaplicky-grygov.html;3.7;5;17.310919;49.538052;;
https://www.firmy.cz/detail/13835060-restaurace-slunce-pilnikov.html;4.3;10;15.819061;50.532186;"0, 30l Bílá polévka s masem a zeleninou";"39 Kč"
https://www.firmy.cz/detail/13835060-restaurace-slunce-pilnikov.html;4.3;10;15.819061;50.532186;"0, 30l Zelňačka";"39 Kč"
https://www.firmy.cz/detail/13835060-restaurace-slunce-pilnikov.html;4.3;10;15.819061;50.532186;"150g Srnčí guláš ze zadní nohy s houskovými knedlíky";"149 Kč"
https://www.firmy.cz/detail/13835060-restaurace-slunce-pilnikov.html;4.3;10;15.819061;50.532186;"170g Řízek z vepřové pečeně s mačkanými bramborami a okurkou";"169 Kč"
https://www.firmy.cz/detail/13835060-restaurace-slunce-pilnikov.html;4.3;10;15.819061;50.532186;"150g Vepřová plec na paprice s houskovými knedlíky";"149 Kč"
https://www.firmy.cz/detail/13835060-restaurace-slunce-pilnikov.html;4.3;10;15.819061;50.532186;"150g Uzená plec s dušeným zelím a bramborovými špalky";"159 Kč"
https://www.firmy.cz/detail/13835060-restaurace-slunce-pilnikov.html;4.3;10;15.819061;50.532186;"300g Červené fazole s vepřovým masem a rozpečeným chlebem";"139 Kč"
https://www.firmy.cz/detail/13835060-restaurace-slunce-pilnikov.html;4.3;10;15.819061;50.532186;"300g Pečená husí čtvrtka s dušeným zelím a variací knedlíků";"269 Kč"
https://www.firmy.cz/detail/13835060-restaurace-slunce-pilnikov.html;4.3;10;15.819061;50.532186;"200g Naše škvarková pomazánka s chlebem";"69 Kč"
https://www.firmy.cz/detail/13835060-restaurace-slunce-pilnikov.html;4.3;10;15.819061;50.532186;"150g Naši utopenci s kmínovým chlebem";"69 Kč"
https://www.firmy.cz/detail/13139867-kejzlicka-hospudka-kejzlice.html;4.7;69;15.391795;49.589602;"0, 3l Gulášová";"45 Kč"
https://www.firmy.cz/detail/13139867-kejzlicka-hospudka-kejzlice.html;4.7;69;15.391795;49.589602;"0, 3l Bramborová";"45 Kč"
https://www.firmy.cz/detail/13139867-kejzlicka-hospudka-kejzlice.html;4.7;69;15.391795;49.589602;"0, 3l Hovězí vývar s masem a nudlemi";"45 Kč"
https://www.firmy.cz/detail/13139867-kejzlicka-hospudka-kejzlice.html;4.7;69;15.391795;49.589602;"150g Hovězí guláš, houskové knedlíky";"185 Kč"
https://www.firmy.cz/detail/13139867-kejzlicka-hospudka-kejzlice.html;4.7;69;15.391795;49.589602;"150g Hovězí guláš, kolínka";"185 Kč"
https://www.firmy.cz/detail/13139867-kejzlicka-hospudka-kejzlice.html;4.7;69;15.391795;49.589602;"150g Hovězí guláš, bramboráčky";"195 Kč"
https://www.firmy.cz/detail/13139867-kejzlicka-hospudka-kejzlice.html;4.7;69;15.391795;49.589602;"150g Hovězí nudličky na žampionech, houskové knedlíky";"185 Kč"
https://www.firmy.cz/detail/13139867-kejzlicka-hospudka-kejzlice.html;4.7;69;15.391795;49.589602;"150g Hovězí nudličky na žampionech, rýže / vařené brambory /";"185 Kč"
https://www.firmy.cz/detail/13139867-kejzlicka-hospudka-kejzlice.html;4.7;69;15.391795;49.589602;"150g Kuřecí stehenní plátek na paprice, těstoviny";"175 Kč"
https://www.firmy.cz/detail/13139867-kejzlicka-hospudka-kejzlice.html;4.7;69;15.391795;49.589602;"150g Kuřecí stehenní plátek na paprice, houskové knedlíky";"175 Kč"
https://www.firmy.cz/detail/13139867-kejzlicka-hospudka-kejzlice.html;4.7;69;15.391795;49.589602;"200g Pečené krůtí maso na česneku, bramborové knedlíky, špenát";"185 Kč"
https://www.firmy.cz/detail/13139867-kejzlicka-hospudka-kejzlice.html;4.7;69;15.391795;49.589602;"200g Pečené krůtí maso na česneku, houskové knedlíky, zelí";"185 Kč"
https://www.firmy.cz/detail/13139867-kejzlicka-hospudka-kejzlice.html;4.7;69;15.391795;49.589602;"400g Milánské špagety sypané sýrem";"165 Kč"
https://www.firmy.cz/detail/13139867-kejzlicka-hospudka-kejzlice.html;4.7;69;15.391795;49.589602;"150g Masová směs v bramborákové kapse sypaná nivou";"185 Kč"
https://www.firmy.cz/detail/13139867-kejzlicka-hospudka-kejzlice.html;4.7;69;15.391795;49.589602;"150g Smažené vepřové řízečky, vařené brambory, okurka";"175 Kč"
https://www.firmy.cz/detail/13325682-hospudka-na-hristi-ticha.html;None;None;18.224089;49.566964;;
https://www.firmy.cz/detail/12756092-palirenska-restaurace-boskovice-boskovice.html;4.2;6;16.663276;49.487482;"Koprová polévka s bramborem k menu";"10 Kč"
https://www.firmy.cz/detail/12756092-palirenska-restaurace-boskovice-boskovice.html;4.2;6;16.663276;49.487482;"Dršťková polévka";"50 Kč"
https://www.firmy.cz/detail/12756092-palirenska-restaurace-boskovice-boskovice.html;4.2;6;16.663276;49.487482;"Gordon blue s bramborovou kaší";"140 Kč"
https://www.firmy.cz/detail/12756092-palirenska-restaurace-boskovice-boskovice.html;4.2;6;16.663276;49.487482;"Vepřový vrabec se zelím a houskovým knedlíkem";"140 Kč"
https://www.firmy.cz/detail/12756092-palirenska-restaurace-boskovice-boskovice.html;4.2;6;16.663276;49.487482;"Řízečky z kuřecích prsou, kotlety nebo krkovice, brambory nebo domácí bramborový salát";"140 Kč"
https://www.firmy.cz/detail/12756092-palirenska-restaurace-boskovice-boskovice.html;4.2;6;16.663276;49.487482;"Řízečky z kuřecích prsou, kotlety nebo krkovice, brambory nebo domácí bramborový salát - velká porce";"155 Kč"
https://www.firmy.cz/detail/12756092-palirenska-restaurace-boskovice-boskovice.html;4.2;6;16.663276;49.487482;"Smažený sýr gouda nebo hermelín s bramborem a tatarskou omáčkou";"145 Kč"
https://www.firmy.cz/detail/12756092-palirenska-restaurace-boskovice-boskovice.html;4.2;6;16.663276;49.487482;"Koprová polévka s bramborem k menu";"10 Kč"
https://www.firmy.cz/detail/12756092-palirenska-restaurace-boskovice-boskovice.html;4.2;6;16.663276;49.487482;"Dršťková polévka";"50 Kč"
https://www.firmy.cz/detail/12756092-palirenska-restaurace-boskovice-boskovice.html;4.2;6;16.663276;49.487482;"Gordon blue s bramborovou kaší";"140 Kč"
https://www.firmy.cz/detail/12756092-palirenska-restaurace-boskovice-boskovice.html;4.2;6;16.663276;49.487482;"Vepřový vrabec se zelím a houskovým knedlíkem";"140 Kč"
https://www.firmy.cz/detail/12756092-palirenska-restaurace-boskovice-boskovice.html;4.2;6;16.663276;49.487482;"Řízečky z kuřecích prsou, kotlety nebo krkovice, brambory nebo domácí bramborový salát";"140 Kč"
https://www.firmy.cz/detail/12756092-palirenska-restaurace-boskovice-boskovice.html;4.2;6;16.663276;49.487482;"Řízečky z kuřecích prsou, kotlety nebo krkovice, brambory nebo domácí bramborový salát - velká porce";"155 Kč"
https://www.firmy.cz/detail/12756092-palirenska-restaurace-boskovice-boskovice.html;4.2;6;16.663276;49.487482;"Smažený sýr gouda nebo hermelín s bramborem a tatarskou omáčkou";"145 Kč"
https://www.firmy.cz/detail/12756092-palirenska-restaurace-boskovice-boskovice.html;4.2;6;16.663276;49.487482;"Koprová polévka s bramborem k menu";"10 Kč"
https://www.firmy.cz/detail/12756092-palirenska-restaurace-boskovice-boskovice.html;4.2;6;16.663276;49.487482;"Dršťková polévka";"50 Kč"
https://www.firmy.cz/detail/12756092-palirenska-restaurace-boskovice-boskovice.html;4.2;6;16.663276;49.487482;"Gordon blue s bramborovou kaší";"140 Kč"
https://www.firmy.cz/detail/12756092-palirenska-restaurace-boskovice-boskovice.html;4.2;6;16.663276;49.487482;"Vepřový vrabec se zelím a houskovým knedlíkem";"140 Kč"
https://www.firmy.cz/detail/12756092-palirenska-restaurace-boskovice-boskovice.html;4.2;6;16.663276;49.487482;"Řízečky z kuřecích prsou, kotlety nebo krkovice, brambory nebo domácí bramborový salát";"140 Kč"
https://www.firmy.cz/detail/12756092-palirenska-restaurace-boskovice-boskovice.html;4.2;6;16.663276;49.487482;"Řízečky z kuřecích prsou, kotlety nebo krkovice, brambory nebo domácí bramborový salát - velká porce";"155 Kč"
https://www.firmy.cz/detail/12756092-palirenska-restaurace-boskovice-boskovice.html;4.2;6;16.663276;49.487482;"Smažený sýr gouda nebo hermelín s bramborem a tatarskou omáčkou";"145 Kč"
https://www.firmy.cz/detail/12756092-palirenska-restaurace-boskovice-boskovice.html;4.2;6;16.663276;49.487482;"Koprová polévka s bramborem k menu";"10 Kč"
https://www.firmy.cz/detail/12756092-palirenska-restaurace-boskovice-boskovice.html;4.2;6;16.663276;49.487482;"Dršťková polévka";"50 Kč"
https://www.firmy.cz/detail/12756092-palirenska-restaurace-boskovice-boskovice.html;4.2;6;16.663276;49.487482;"Gordon blue s bramborovou kaší";"140 Kč"
https://www.firmy.cz/detail/12756092-palirenska-restaurace-boskovice-boskovice.html;4.2;6;16.663276;49.487482;"Vepřový vrabec se zelím a houskovým knedlíkem";"140 Kč"
https://www.firmy.cz/detail/12756092-palirenska-restaurace-boskovice-boskovice.html;4.2;6;16.663276;49.487482;"Řízečky z kuřecích prsou, kotlety nebo krkovice, brambory nebo domácí bramborový salát";"140 Kč"
https://www.firmy.cz/detail/12756092-palirenska-restaurace-boskovice-boskovice.html;4.2;6;16.663276;49.487482;"Řízečky z kuřecích prsou, kotlety nebo krkovice, brambory nebo domácí bramborový salát - velká porce";"155 Kč"
https://www.firmy.cz/detail/12756092-palirenska-restaurace-boskovice-boskovice.html;4.2;6;16.663276;49.487482;"Smažený sýr gouda nebo hermelín s bramborem a tatarskou omáčkou";"145 Kč"
https://www.firmy.cz/detail/12756092-palirenska-restaurace-boskovice-boskovice.html;4.2;6;16.663276;49.487482;"Koprová polévka s bramborem k menu";"10 Kč"
https://www.firmy.cz/detail/12756092-palirenska-restaurace-boskovice-boskovice.html;4.2;6;16.663276;49.487482;"Dršťková polévka";"50 Kč"
https://www.firmy.cz/detail/12756092-palirenska-restaurace-boskovice-boskovice.html;4.2;6;16.663276;49.487482;"Gordon blue s bramborovou kaší";"140 Kč"
https://www.firmy.cz/detail/12756092-palirenska-restaurace-boskovice-boskovice.html;4.2;6;16.663276;49.487482;"Vepřový vrabec se zelím a houskovým knedlíkem";"140 Kč"
https://www.firmy.cz/detail/12756092-palirenska-restaurace-boskovice-boskovice.html;4.2;6;16.663276;49.487482;"Řízečky z kuřecích prsou, kotlety nebo krkovice, brambory nebo domácí bramborový salát";"140 Kč"
https://www.firmy.cz/detail/12756092-palirenska-restaurace-boskovice-boskovice.html;4.2;6;16.663276;49.487482;"Řízečky z kuřecích prsou, kotlety nebo krkovice, brambory nebo domácí bramborový salát - velká porce";"155 Kč"
https://www.firmy.cz/detail/12756092-palirenska-restaurace-boskovice-boskovice.html;4.2;6;16.663276;49.487482;"Smažený sýr gouda nebo hermelín s bramborem a tatarskou omáčkou";"145 Kč"
https://www.firmy.cz/detail/12976628-bohemska-hospoda-pardubice-stare-mesto.html;4.2;34;15.779245;50.038948;"Silný hovězí vývar s játrovými knedlíčky";"37 Kč"
https://www.firmy.cz/detail/12976628-bohemska-hospoda-pardubice-stare-mesto.html;4.2;34;15.779245;50.038948;"130g Smažený kuřecí řízek, náš bramborový salát nebo brambory grenaille";"167 Kč"
https://www.firmy.cz/detail/12976628-bohemska-hospoda-pardubice-stare-mesto.html;4.2;34;15.779245;50.038948;"130g Vepřový pikantní Katův šleh, bramboráčky nebo dušená rýže";"167 Kč"
https://www.firmy.cz/detail/12976628-bohemska-hospoda-pardubice-stare-mesto.html;4.2;34;15.779245;50.038948;"140g Pečené rajčatové lasagne s kuřecími prsíčky, cuketou, rukolový salát";"169 Kč"
https://www.firmy.cz/detail/12976628-bohemska-hospoda-pardubice-stare-mesto.html;4.2;34;15.779245;50.038948;"100g Filírovaná krůtí prsíčka na zeleninovém salátu s řeckým jogurtem a Parmazánem, Ciabatta";"167 Kč"
https://www.firmy.cz/detail/13109360-hostinec-sokolovna-pribor.html;3.9;13;18.140375;49.641732;"Kuřecí nudličky s jablky, hranolky";"139 Kč"
https://www.firmy.cz/detail/13109360-hostinec-sokolovna-pribor.html;3.9;13;18.140375;49.641732;"Šamorínský rožeň, americký brambor, tatarka";"139 Kč"
https://www.firmy.cz/detail/13109360-hostinec-sokolovna-pribor.html;3.9;13;18.140375;49.641732;"Chilli vepřový gulášek, houskový knedlík";"139 Kč"
https://www.firmy.cz/detail/13109360-hostinec-sokolovna-pribor.html;3.9;13;18.140375;49.641732;"Špagety Pomodoro s kuřecím masem";"139 Kč"
https://www.firmy.cz/detail/12964344-hostinec-u-vavru-liberec-vii-horni-ruzodol.html;5;1;15.061318;50.756654;;
https://www.firmy.cz/detail/13024724-klub-malych-pivovaru-plzen-vychodni-predmesti.html;4.6;52;13.386522;49.745330;"Dršťková z hlívy ústřičné";"41 Kč"
https://www.firmy.cz/detail/13024724-klub-malych-pivovaru-plzen-vychodni-predmesti.html;4.6;52;13.386522;49.745330;"130g - Pečená kachna s dušeným červeným zelím a bramborovými knedlíky";"165 Kč"
https://www.firmy.cz/detail/13024724-klub-malych-pivovaru-plzen-vychodni-predmesti.html;4.6;52;13.386522;49.745330;"150g - Kuřecí gyros s řeckými tzatziky, zelným salátem a pita chlebem";"159 Kč"
https://www.firmy.cz/detail/13024724-klub-malych-pivovaru-plzen-vychodni-predmesti.html;4.6;52;13.386522;49.745330;"200g - Zepečené těstoviny s uzeným masem a kyselou okurkou";"155 Kč"
https://www.firmy.cz/detail/13300770-restaurace-zofin-nymburk.html;3.5;39;15.042357;50.182186;"Šťavnatý vepřový steak s pepřovou omáčkou";"134 Kč"
https://www.firmy.cz/detail/13300770-restaurace-zofin-nymburk.html;3.5;39;15.042357;50.182186;"Vepřový steak s anglickou slaninou a volským okem";"139 Kč"
https://www.firmy.cz/detail/13300770-restaurace-zofin-nymburk.html;3.5;39;15.042357;50.182186;"Katův šleh";"134 Kč"
https://www.firmy.cz/detail/13300770-restaurace-zofin-nymburk.html;3.5;39;15.042357;50.182186;"Vepřový řízek, okurka";"134 Kč"
https://www.firmy.cz/detail/13300770-restaurace-zofin-nymburk.html;3.5;39;15.042357;50.182186;"Kuřecí steak se šunkou a sýrem";"139 Kč"
https://www.firmy.cz/detail/13300770-restaurace-zofin-nymburk.html;3.5;39;15.042357;50.182186;"Kuřecí nudličky na nivě";"135 Kč"
https://www.firmy.cz/detail/13300770-restaurace-zofin-nymburk.html;3.5;39;15.042357;50.182186;"Smažený sýr s bílou plísní";"134 Kč"
https://www.firmy.cz/detail/13300770-restaurace-zofin-nymburk.html;3.5;39;15.042357;50.182186;"Smažený sýr";"125 Kč"
https://www.firmy.cz/detail/13300770-restaurace-zofin-nymburk.html;3.5;39;15.042357;50.182186;"Smažený květák";"125 Kč"
https://www.firmy.cz/detail/13300770-restaurace-zofin-nymburk.html;3.5;39;15.042357;50.182186;"Vařené brambory";"40 Kč"
https://www.firmy.cz/detail/13300770-restaurace-zofin-nymburk.html;3.5;39;15.042357;50.182186;"Opečené brambory";"40 Kč"
https://www.firmy.cz/detail/13300770-restaurace-zofin-nymburk.html;3.5;39;15.042357;50.182186;"Americké brambory";"40 Kč"
https://www.firmy.cz/detail/13300770-restaurace-zofin-nymburk.html;3.5;39;15.042357;50.182186;"Hranolky";"40 Kč"
https://www.firmy.cz/detail/13300770-restaurace-zofin-nymburk.html;3.5;39;15.042357;50.182186;"Krokety";"45 Kč"
https://www.firmy.cz/detail/13300770-restaurace-zofin-nymburk.html;3.5;39;15.042357;50.182186;"Tatarská omáčka";"25 Kč"
https://www.firmy.cz/detail/13300770-restaurace-zofin-nymburk.html;3.5;39;15.042357;50.182186;"BBQ omáčka";"35 Kč"
https://www.firmy.cz/detail/13300770-restaurace-zofin-nymburk.html;3.5;39;15.042357;50.182186;"Sweet & sour";"35 Kč"
https://www.firmy.cz/detail/13300770-restaurace-zofin-nymburk.html;3.5;39;15.042357;50.182186;"Kečup";"20 Kč"
https://www.firmy.cz/detail/13300770-restaurace-zofin-nymburk.html;3.5;39;15.042357;50.182186;"Váha masa je na 150.";"150 Kč"
https://www.firmy.cz/detail/13109751-hospoda-u-jurasa-roznov-pod-radhostem.html;4.9;4;18.142331;49.468277;"Skopová polévka s pohankou";"40 Kč"
https://www.firmy.cz/detail/13109751-hospoda-u-jurasa-roznov-pod-radhostem.html;4.9;4;18.142331;49.468277;"Hovězí kostky na pepři, rýže, knedlik";"110 Kč"
https://www.firmy.cz/detail/13109751-hospoda-u-jurasa-roznov-pod-radhostem.html;4.9;4;18.142331;49.468277;"Skopová kýta na divoko, knedlik";"110 Kč"
https://www.firmy.cz/detail/13109751-hospoda-u-jurasa-roznov-pod-radhostem.html;4.9;4;18.142331;49.468277;"Zapékané těstoviny, okurek";"110 Kč"
https://www.firmy.cz/detail/13186593-restaurace-beseda-cejc.html;3.9;8;16.964785;48.946219;;
https://www.firmy.cz/detail/2229890-restaurace-tatra-vigantice.html;4.6;15;18.183731;49.443806;;
https://www.firmy.cz/detail/13374751-potraviny-a-hospoda-u-krizku-roztoky.html;4.7;4;13.867613;50.021803;;
https://www.firmy.cz/detail/13335313-hospudka-u-terky-prusanky.html;4.4;9;16.978861;48.833817;;
https://www.firmy.cz/detail/13538848-statek-postolka-sloupnice-dolni-sloupnice.html;4.6;11;16.290100;49.926317;;
https://www.firmy.cz/detail/13301657-pub-coop-chotebor.html;3.7;3;15.668752;49.714478;"Gulášová";"35 Kč"
https://www.firmy.cz/detail/13301657-pub-coop-chotebor.html;3.7;3;15.668752;49.714478;"Bratislavská vepřová plec, houskový knedlík";"130 Kč"
https://www.firmy.cz/detail/13301657-pub-coop-chotebor.html;3.7;3;15.668752;49.714478;"Fazolový kotlík s vepřovým masem, chléb";"130 Kč"
https://www.firmy.cz/detail/13301657-pub-coop-chotebor.html;3.7;3;15.668752;49.714478;"Kuřecí řízečky v kukuřičné strouhance, celerový salát/vařený brambor";"130 Kč"
https://www.firmy.cz/detail/13288919-hospoda-pod-schodama-bilina-teplicke-predmesti.html;3.7;3;13.773813;50.553562;;
https://www.firmy.cz/detail/2355343-hospoda-u-dubu-liberec-viii-dolni-hanychov.html;4.4;14;15.027970;50.747949;"Čočková s párkem";"38 Kč"
https://www.firmy.cz/detail/2355343-hospoda-u-dubu-liberec-viii-dolni-hanychov.html;4.4;14;15.027970;50.747949;"Hovězí vývar s masem a nudlemi";"38 Kč"
https://www.firmy.cz/detail/2355343-hospoda-u-dubu-liberec-viii-dolni-hanychov.html;4.4;14;15.027970;50.747949;"Rizoto z vepřového masa a žampionů, zeleninový salát";"140 Kč"
https://www.firmy.cz/detail/2355343-hospoda-u-dubu-liberec-viii-dolni-hanychov.html;4.4;14;15.027970;50.747949;"Vepřová kýta na pepři, houskový knedlík (rýže)";"145 Kč"
https://www.firmy.cz/detail/2355343-hospoda-u-dubu-liberec-viii-dolni-hanychov.html;4.4;14;15.027970;50.747949;"Pečený bůček na česneku, bramborový knedlík, zelí (špenát)";"155 Kč"
https://www.firmy.cz/detail/2355343-hospoda-u-dubu-liberec-viii-dolni-hanychov.html;4.4;14;15.027970;50.747949;"Pečená krkovička na česneku, bramborový knedlík, zelí (špenát)";"155 Kč"
https://www.firmy.cz/detail/2355343-hospoda-u-dubu-liberec-viii-dolni-hanychov.html;4.4;14;15.027970;50.747949;"Svíčková na smetaně s hovězím masem a brusinkami, houskový knedlík";"155 Kč"
https://www.firmy.cz/detail/2355343-hospoda-u-dubu-liberec-viii-dolni-hanychov.html;4.4;14;15.027970;50.747949;"Pikantní vepřové nudle na kari, rýže (hranolky)";"155 Kč"
https://www.firmy.cz/detail/2355343-hospoda-u-dubu-liberec-viii-dolni-hanychov.html;4.4;14;15.027970;50.747949;"Smažený karbanátek, bramborová kaše, okurka";"160 Kč"
https://www.firmy.cz/detail/2355343-hospoda-u-dubu-liberec-viii-dolni-hanychov.html;4.4;14;15.027970;50.747949;"Grilovaná vepřová panenka s pepřovým přelivem, hranolky";"160 Kč"
https://www.firmy.cz/detail/13036450-hospoda-u-klokana-zelezny-brod.html;4.4;6;15.262274;50.639489;;
https://www.firmy.cz/detail/13523675-pivnice-na-devitce-hermanov.html;5;1;16.182905;49.380133;;
https://www.firmy.cz/detail/13024724-klub-malych-pivovaru-plzen-vychodni-predmesti.html;4.6;52;13.386522;49.745330;"Dršťková z hlívy ústřičné";"41 Kč"
https://www.firmy.cz/detail/13024724-klub-malych-pivovaru-plzen-vychodni-predmesti.html;4.6;52;13.386522;49.745330;"130g - Pečená kachna s dušeným červeným zelím a bramborovými knedlíky";"165 Kč"
https://www.firmy.cz/detail/13024724-klub-malych-pivovaru-plzen-vychodni-predmesti.html;4.6;52;13.386522;49.745330;"150g - Kuřecí gyros s řeckými tzatziky, zelným salátem a pita chlebem";"159 Kč"
https://www.firmy.cz/detail/13024724-klub-malych-pivovaru-plzen-vychodni-predmesti.html;4.6;52;13.386522;49.745330;"200g - Zepečené těstoviny s uzeným masem a kyselou okurkou";"155 Kč"
https://www.firmy.cz/detail/13242201-hospudka-na-ruzku-nymburk.html;4.6;None;15.054175;50.190122;"Slepičí vývar se zeleninou a masem";"54 Kč"
https://www.firmy.cz/detail/13242201-hospudka-na-ruzku-nymburk.html;4.6;None;15.054175;50.190122;"150g Vepřová pečeně v rajské omáčce s těstovinou";"169 Kč"
https://www.firmy.cz/detail/13242201-hospudka-na-ruzku-nymburk.html;4.6;None;15.054175;50.190122;"150g Svíčková na smetaně s karlovarským knedlíkem";"179 Kč"
https://www.firmy.cz/detail/13242201-hospudka-na-ruzku-nymburk.html;4.6;None;15.054175;50.190122;"150g Řecká musaka";"179 Kč"
https://www.firmy.cz/detail/13242201-hospudka-na-ruzku-nymburk.html;4.6;None;15.054175;50.190122;"300g Kynuté borůvkové knedlíky s cukrem a tvarohem";"139 Kč"
https://www.firmy.cz/detail/13242201-hospudka-na-ruzku-nymburk.html;4.6;None;15.054175;50.190122;"150g Smažený sýr Gouda s vařeným bramborem a tatarskou omáčkou (minutkové jídlo)";"169 Kč"
https://www.firmy.cz/detail/13108589-hostinec-obecni-dum-letonice.html;4.5;1;16.961826;49.175691;;
https://www.firmy.cz/detail/13029031-restaurace-u-kratochvilu-holesov-dobrotice.html;3.9;28;17.606323;49.345058;"Vepřová kýta na smetaně, karlovarský knedlík";"138 Kč"
https://www.firmy.cz/detail/13029031-restaurace-u-kratochvilu-holesov-dobrotice.html;3.9;28;17.606323;49.345058;"Zapečené francouzské brambory (okurek)";"138 Kč"
https://www.firmy.cz/detail/13029031-restaurace-u-kratochvilu-holesov-dobrotice.html;3.9;28;17.606323;49.345058;"Smažený sýr, hermelín (kuřecí řízek) , hranolky";"145 Kč"
https://www.firmy.cz/detail/13029031-restaurace-u-kratochvilu-holesov-dobrotice.html;3.9;28;17.606323;49.345058;"Grilovaná krkovička s anglickou slaninou a fazolovými lusky, hranolky";"155 Kč"
https://www.firmy.cz/detail/13029031-restaurace-u-kratochvilu-holesov-dobrotice.html;3.9;28;17.606323;49.345058;"Salát Caesar";"145 Kč"
https://www.firmy.cz/detail/13111192-hospudka-u-nadrazi-nemojany.html;4.9;25;16.922627;49.249765;"Gulášová";"50 Kč"
https://www.firmy.cz/detail/13111192-hospudka-u-nadrazi-nemojany.html;4.9;25;16.922627;49.249765;"Kuřecí špíz, brambory";"125 Kč"
https://www.firmy.cz/detail/13111192-hospudka-u-nadrazi-nemojany.html;4.9;25;16.922627;49.249765;"Hovězí maso, rajská omáčka, těstoviny/knedlík";"125 Kč"
https://www.firmy.cz/detail/13111192-hospudka-u-nadrazi-nemojany.html;4.9;25;16.922627;49.249765;"Smažený sýr, hranolky, tatarka";"145 Kč"
https://www.firmy.cz/detail/2240151-hospoda-a-vinoteka-u-slunce-vizovice.html;5;29;17.852632;49.220380;;
https://www.firmy.cz/detail/13702007-hostinec-u-kateriny-lanskroun-zichlinske-predmesti.html;4.7;7;16.603816;49.910829;"Kuřecí vývar";"45 Kč"
https://www.firmy.cz/detail/13702007-hostinec-u-kateriny-lanskroun-zichlinske-predmesti.html;4.7;7;16.603816;49.910829;"Franktfurtská";"45 Kč"
https://www.firmy.cz/detail/13702007-hostinec-u-kateriny-lanskroun-zichlinske-predmesti.html;4.7;7;16.603816;49.910829;"Vepřový guláš, houskový knedlík";"140 Kč"
https://www.firmy.cz/detail/13702007-hostinec-u-kateriny-lanskroun-zichlinske-predmesti.html;4.7;7;16.603816;49.910829;"Ražničí, šťouchaný brambor, salát";"140 Kč"
https://www.firmy.cz/detail/13702007-hostinec-u-kateriny-lanskroun-zichlinske-predmesti.html;4.7;7;16.603816;49.910829;"Zapečené těstoviny, zelný salát";"140 Kč"
https://www.firmy.cz/detail/13702007-hostinec-u-kateriny-lanskroun-zichlinske-predmesti.html;4.7;7;16.603816;49.910829;"Čevabčiči, brambor, hořčice";"140 Kč"
https://www.firmy.cz/detail/13371566-hostinec-na-gumce-kanice.html;4.9;4;16.715427;49.264961;;
https://www.firmy.cz/detail/13152361-hostinec-tj-prazdroj-plzen-severni-predmesti.html;4.7;5;13.380120;49.755701;;
https://www.firmy.cz/detail/13920582-hostinec-u-formana-ostrava-dubina.html;5;45;18.252906;49.774147;"Vepřový řízek Bělehrad, vařené brambory";"149 Kč"
https://www.firmy.cz/detail/13920582-hostinec-u-formana-ostrava-dubina.html;5;45;18.252906;49.774147;"Krůtí medailonky na bylinkách, zeleninové placičky";"179 Kč"
https://www.firmy.cz/detail/13353513-hospoda-u-svejka-trinec-lyzbice.html;4.5;10;18.681308;49.663626;"0, 33 l Slepičí vývar s masem a nudlemi";"59 Kč"
https://www.firmy.cz/detail/13353513-hospoda-u-svejka-trinec-lyzbice.html;4.5;10;18.681308;49.663626;"0, 33 l Česneková polévka";"69 Kč"
https://www.firmy.cz/detail/13353513-hospoda-u-svejka-trinec-lyzbice.html;4.5;10;18.681308;49.663626;"0, 33 l Fazolová polévka";"69 Kč"
https://www.firmy.cz/detail/13353513-hospoda-u-svejka-trinec-lyzbice.html;4.5;10;18.681308;49.663626;"0, 33 l Zelňačka";"64 Kč"
https://www.firmy.cz/detail/13353513-hospoda-u-svejka-trinec-lyzbice.html;4.5;10;18.681308;49.663626;"150g Smažený kuřecí řízek";"119 Kč"
https://www.firmy.cz/detail/13353513-hospoda-u-svejka-trinec-lyzbice.html;4.5;10;18.681308;49.663626;"350g Smažený květák";"109 Kč"
https://www.firmy.cz/detail/13353513-hospoda-u-svejka-trinec-lyzbice.html;4.5;10;18.681308;49.663626;"150g Božský Kája";"239 Kč"
https://www.firmy.cz/detail/13353513-hospoda-u-svejka-trinec-lyzbice.html;4.5;10;18.681308;49.663626;"225g Woodstock";"259 Kč"
https://www.firmy.cz/detail/13353513-hospoda-u-svejka-trinec-lyzbice.html;4.5;10;18.681308;49.663626;"150g Queen";"249 Kč"
https://www.firmy.cz/detail/13353513-hospoda-u-svejka-trinec-lyzbice.html;4.5;10;18.681308;49.663626;"140g Red Hot";"249 Kč"
https://www.firmy.cz/detail/13353513-hospoda-u-svejka-trinec-lyzbice.html;4.5;10;18.681308;49.663626;"210g Ozzy";"259 Kč"
https://www.firmy.cz/detail/13353513-hospoda-u-svejka-trinec-lyzbice.html;4.5;10;18.681308;49.663626;"2x140g U2";"319 Kč"
https://www.firmy.cz/detail/13353513-hospoda-u-svejka-trinec-lyzbice.html;4.5;10;18.681308;49.663626;"2x40g Double ČÍZ";"145 Kč"
https://www.firmy.cz/detail/13353513-hospoda-u-svejka-trinec-lyzbice.html;4.5;10;18.681308;49.663626;"Buffalo wings 9ks";"199 Kč"
https://www.firmy.cz/detail/13353513-hospoda-u-svejka-trinec-lyzbice.html;4.5;10;18.681308;49.663626;"Buffalo wings 12ks";"239 Kč"
https://www.firmy.cz/detail/13353513-hospoda-u-svejka-trinec-lyzbice.html;4.5;10;18.681308;49.663626;"Louisiana wings 9ks";"199 Kč"
https://www.firmy.cz/detail/13353513-hospoda-u-svejka-trinec-lyzbice.html;4.5;10;18.681308;49.663626;"Louisiana wings 12ks";"239 Kč"
https://www.firmy.cz/detail/13353513-hospoda-u-svejka-trinec-lyzbice.html;4.5;10;18.681308;49.663626;"Kombo Buffalo wings 9ks";"259 Kč"
https://www.firmy.cz/detail/13353513-hospoda-u-svejka-trinec-lyzbice.html;4.5;10;18.681308;49.663626;"Kombo Buffalo wings 12ks";"338 Kč"
https://www.firmy.cz/detail/13353513-hospoda-u-svejka-trinec-lyzbice.html;4.5;10;18.681308;49.663626;"Kombo Louisiana wings 9ks";"259 Kč"
https://www.firmy.cz/detail/13353513-hospoda-u-svejka-trinec-lyzbice.html;4.5;10;18.681308;49.663626;"Kombo Louisiana wings 12ks";"338 Kč"
https://www.firmy.cz/detail/13353513-hospoda-u-svejka-trinec-lyzbice.html;4.5;10;18.681308;49.663626;"New York wings 9ks";"199 Kč"
https://www.firmy.cz/detail/13353513-hospoda-u-svejka-trinec-lyzbice.html;4.5;10;18.681308;49.663626;"New York wing 12ks";"239 Kč"
https://www.firmy.cz/detail/13353513-hospoda-u-svejka-trinec-lyzbice.html;4.5;10;18.681308;49.663626;"Kombo New York wings 9ks";"259 Kč"
https://www.firmy.cz/detail/13353513-hospoda-u-svejka-trinec-lyzbice.html;4.5;10;18.681308;49.663626;"Kombo New York wings 12ks";"338 Kč"
https://www.firmy.cz/detail/13353513-hospoda-u-svejka-trinec-lyzbice.html;4.5;10;18.681308;49.663626;"0, 07 l Belgická omáčka speciál";"30 Kč"
https://www.firmy.cz/detail/13353513-hospoda-u-svejka-trinec-lyzbice.html;4.5;10;18.681308;49.663626;"0, 07 l Mexická omáčka";"30 Kč"
https://www.firmy.cz/detail/13353513-hospoda-u-svejka-trinec-lyzbice.html;4.5;10;18.681308;49.663626;"0, 07 l BBQ";"30 Kč"
https://www.firmy.cz/detail/13353513-hospoda-u-svejka-trinec-lyzbice.html;4.5;10;18.681308;49.663626;"0, 07 l Tatarská omáčka";"30 Kč"
https://www.firmy.cz/detail/13353513-hospoda-u-svejka-trinec-lyzbice.html;4.5;10;18.681308;49.663626;"0, 07 l Sweet chilli";"30 Kč"
https://www.firmy.cz/detail/13353513-hospoda-u-svejka-trinec-lyzbice.html;4.5;10;18.681308;49.663626;"0, 07 l Kečup";"30 Kč"
https://www.firmy.cz/detail/13353513-hospoda-u-svejka-trinec-lyzbice.html;4.5;10;18.681308;49.663626;"4ks Kuřecí stripsy";"179 Kč"
https://www.firmy.cz/detail/13353513-hospoda-u-svejka-trinec-lyzbice.html;4.5;10;18.681308;49.663626;"10ks Kuřecí stripsy";"249 Kč"
https://www.firmy.cz/detail/13353513-hospoda-u-svejka-trinec-lyzbice.html;4.5;10;18.681308;49.663626;"Kyblík half to half";"379 Kč"
https://www.firmy.cz/detail/13353513-hospoda-u-svejka-trinec-lyzbice.html;4.5;10;18.681308;49.663626;"Tortila se stripsy a jogurtovým dipem";"199 Kč"
https://www.firmy.cz/detail/13353513-hospoda-u-svejka-trinec-lyzbice.html;4.5;10;18.681308;49.663626;"Stripsový salát";"209 Kč"
https://www.firmy.cz/detail/13353513-hospoda-u-svejka-trinec-lyzbice.html;4.5;10;18.681308;49.663626;"400g Originál";"209 Kč"
https://www.firmy.cz/detail/13353513-hospoda-u-svejka-trinec-lyzbice.html;4.5;10;18.681308;49.663626;"400g Špenátové";"209 Kč"
https://www.firmy.cz/detail/13353513-hospoda-u-svejka-trinec-lyzbice.html;4.5;10;18.681308;49.663626;"400g Se třemi druhy sýrů";"209 Kč"
https://www.firmy.cz/detail/13353513-hospoda-u-svejka-trinec-lyzbice.html;4.5;10;18.681308;49.663626;"400g Lovecké s kuřecím masem";"219 Kč"
https://www.firmy.cz/detail/13353513-hospoda-u-svejka-trinec-lyzbice.html;4.5;10;18.681308;49.663626;"400g Lovecké s vepřovou panenkou";"219 Kč"
https://www.firmy.cz/detail/13353513-hospoda-u-svejka-trinec-lyzbice.html;4.5;10;18.681308;49.663626;"200g Hranolky";"54 Kč"
https://www.firmy.cz/detail/13353513-hospoda-u-svejka-trinec-lyzbice.html;4.5;10;18.681308;49.663626;"Pizza chléb se sýrem a česnekem";"64 Kč"
https://www.firmy.cz/detail/13353513-hospoda-u-svejka-trinec-lyzbice.html;4.5;10;18.681308;49.663626;"Cibulové kroužky";"64 Kč"
https://www.firmy.cz/detail/13353513-hospoda-u-svejka-trinec-lyzbice.html;4.5;10;18.681308;49.663626;"Bramboráky s česnekem a majoránkou";"54 Kč"
https://www.firmy.cz/detail/13353513-hospoda-u-svejka-trinec-lyzbice.html;4.5;10;18.681308;49.663626;"Nakládaný hermelín";"89 Kč"
https://www.firmy.cz/detail/13353513-hospoda-u-svejka-trinec-lyzbice.html;4.5;10;18.681308;49.663626;"Utopenec se zelím a cibulí, chléb";"79 Kč"
https://www.firmy.cz/detail/13353513-hospoda-u-svejka-trinec-lyzbice.html;4.5;10;18.681308;49.663626;"Korbačík";"9 Kč"
https://www.firmy.cz/detail/13353513-hospoda-u-svejka-trinec-lyzbice.html;4.5;10;18.681308;49.663626;"Tyčinky syrové";"31 Kč"
https://www.firmy.cz/detail/13353513-hospoda-u-svejka-trinec-lyzbice.html;4.5;10;18.681308;49.663626;"Křupky arašídové";"26 Kč"
https://www.firmy.cz/detail/13353513-hospoda-u-svejka-trinec-lyzbice.html;4.5;10;18.681308;49.663626;"Chipsy Lay's";"40 Kč"
https://www.firmy.cz/detail/13353513-hospoda-u-svejka-trinec-lyzbice.html;4.5;10;18.681308;49.663626;"Hospodské brambůrky";"38 Kč"
https://www.firmy.cz/detail/13353513-hospoda-u-svejka-trinec-lyzbice.html;4.5;10;18.681308;49.663626;"Arašídy";"31 Kč"
https://www.firmy.cz/detail/13353513-hospoda-u-svejka-trinec-lyzbice.html;4.5;10;18.681308;49.663626;"Pistácie";"48 Kč"
https://www.firmy.cz/detail/13353513-hospoda-u-svejka-trinec-lyzbice.html;4.5;10;18.681308;49.663626;"400g Pečené koleno + chléb";"239 Kč"
https://www.firmy.cz/detail/13353513-hospoda-u-svejka-trinec-lyzbice.html;4.5;10;18.681308;49.663626;"5 ks Pikantní čedarové uhlíky";"79 Kč"
https://www.firmy.cz/detail/13353513-hospoda-u-svejka-trinec-lyzbice.html;4.5;10;18.681308;49.663626;"10 ks Pikantní čedarové uhlíky";"129 Kč"
https://www.firmy.cz/detail/13353513-hospoda-u-svejka-trinec-lyzbice.html;4.5;10;18.681308;49.663626;"10 ks Pikantní čedarové uhlíky (+ běžná porce hranolek, omáčka dle výběru)";"169 Kč"
https://www.firmy.cz/detail/13353513-hospoda-u-svejka-trinec-lyzbice.html;4.5;10;18.681308;49.663626;"200 g SALÁTEK COLESLAW";"59 Kč"
https://www.firmy.cz/detail/13353513-hospoda-u-svejka-trinec-lyzbice.html;4.5;10;18.681308;49.663626;"0, 465 l Arašídová";"209 Kč"
https://www.firmy.cz/detail/13353513-hospoda-u-svejka-trinec-lyzbice.html;4.5;10;18.681308;49.663626;"465g Vanilková";"209 Kč"
https://www.firmy.cz/detail/13353513-hospoda-u-svejka-trinec-lyzbice.html;4.5;10;18.681308;49.663626;"465g Karamelová a čokoládová";"209 Kč"
https://www.firmy.cz/detail/13353513-hospoda-u-svejka-trinec-lyzbice.html;4.5;10;18.681308;49.663626;"0, 465 l Zmrzlina z arašídového másla";"209 Kč"
https://www.firmy.cz/detail/13300721-hostinec-u-capitu-rohatec.html;4.8;10;17.180467;48.877614;"0, 25l Slepičí s játrovými knedlíčky a nudlemi";"45 Kč"
https://www.firmy.cz/detail/13300721-hostinec-u-capitu-rohatec.html;4.8;10;17.180467;48.877614;"0, 25l Frankfurtská";"45 Kč"
https://www.firmy.cz/detail/13300721-hostinec-u-capitu-rohatec.html;4.8;10;17.180467;48.877614;"0, 25l Dršťková";"45 Kč"
https://www.firmy.cz/detail/13300721-hostinec-u-capitu-rohatec.html;4.8;10;17.180467;48.877614;"200g Špagety s kuřecím masem a sýrem";"154 Kč"
https://www.firmy.cz/detail/13300721-hostinec-u-capitu-rohatec.html;4.8;10;17.180467;48.877614;"120g Segedínský guláš, knedlík";"159 Kč"
https://www.firmy.cz/detail/13300721-hostinec-u-capitu-rohatec.html;4.8;10;17.180467;48.877614;"120g Hovězí kousky na tymiánu a smetaně, rýže";"162 Kč"
https://www.firmy.cz/detail/13300721-hostinec-u-capitu-rohatec.html;4.8;10;17.180467;48.877614;"120g Smažený kuřecí řízek v lupínkách, brambory";"168 Kč"
https://www.firmy.cz/detail/13300721-hostinec-u-capitu-rohatec.html;4.8;10;17.180467;48.877614;"130g Krůtí játra na cibulce, hranolky";"169 Kč"
https://www.firmy.cz/detail/13300721-hostinec-u-capitu-rohatec.html;4.8;10;17.180467;48.877614;"150g Grilovaný losos na másle, hranolky";"199 Kč"
https://www.firmy.cz/detail/13300721-hostinec-u-capitu-rohatec.html;4.8;10;17.180467;48.877614;"100g Smažený sýr, hranolky, tatarka";"169 Kč"
https://www.firmy.cz/detail/13117951-restaurace-benatky-904-vsetin.html;5;1;17.986922;49.336444;;
https://www.firmy.cz/detail/13788083-hostynsky-pivovar-bystrice-pod-hostynem.html;4.3;6;17.671209;49.401896;"Smash burger";"259 Kč"
https://www.firmy.cz/detail/13788083-hostynsky-pivovar-bystrice-pod-hostynem.html;4.3;6;17.671209;49.401896;"Hostýnský burger";"179 Kč"
https://www.firmy.cz/detail/13788083-hostynsky-pivovar-bystrice-pod-hostynem.html;4.3;6;17.671209;49.401896;"Club sandwich";"199 Kč"
https://www.firmy.cz/detail/13788083-hostynsky-pivovar-bystrice-pod-hostynem.html;4.3;6;17.671209;49.401896;"Domácí pečená vepřová žebra";"259 Kč"
https://www.firmy.cz/detail/13788083-hostynsky-pivovar-bystrice-pod-hostynem.html;4.3;6;17.671209;49.401896;"Grilovaná kuřecí křidýlka";"199 Kč"
https://www.firmy.cz/detail/13788083-hostynsky-pivovar-bystrice-pod-hostynem.html;4.3;6;17.671209;49.401896;"Vepřové koleno v pivní marinádě";"269 Kč"
https://www.firmy.cz/detail/13788083-hostynsky-pivovar-bystrice-pod-hostynem.html;4.3;6;17.671209;49.401896;"Smažený sýr";"109 Kč"
https://www.firmy.cz/detail/13788083-hostynsky-pivovar-bystrice-pod-hostynem.html;4.3;6;17.671209;49.401896;"Smažený hermelín";"129 Kč"
https://www.firmy.cz/detail/13788083-hostynsky-pivovar-bystrice-pod-hostynem.html;4.3;6;17.671209;49.401896;"Grilovaný hermelín";"159 Kč"
https://www.firmy.cz/detail/13788083-hostynsky-pivovar-bystrice-pod-hostynem.html;4.3;6;17.671209;49.401896;"Kuřecí řízečky";"159 Kč"
https://www.firmy.cz/detail/13788083-hostynsky-pivovar-bystrice-pod-hostynem.html;4.3;6;17.671209;49.401896;"Kuřecí stripsy s hranolkama";"169 Kč"
https://www.firmy.cz/detail/13788083-hostynsky-pivovar-bystrice-pod-hostynem.html;4.3;6;17.671209;49.401896;"Hranolky s vepřovým trhaným masem";"179 Kč"
https://www.firmy.cz/detail/13788083-hostynsky-pivovar-bystrice-pod-hostynem.html;4.3;6;17.671209;49.401896;"Batátky s vepřovým trhaným masem";"209 Kč"
https://www.firmy.cz/detail/13788083-hostynsky-pivovar-bystrice-pod-hostynem.html;4.3;6;17.671209;49.401896;"Coleslaw";"69 Kč"
https://www.firmy.cz/detail/13788083-hostynsky-pivovar-bystrice-pod-hostynem.html;4.3;6;17.671209;49.401896;"Šopský";"79 Kč"
https://www.firmy.cz/detail/2231875-pivnice-u-pivoje-praha-holesovice.html;4.9;16;14.430663;50.099058;"Nakládaný hermelín";"85 Kč"
https://www.firmy.cz/detail/2231875-pivnice-u-pivoje-praha-holesovice.html;4.9;16;14.430663;50.099058;"Nakládaný romadůr";"85 Kč"
https://www.firmy.cz/detail/2231875-pivnice-u-pivoje-praha-holesovice.html;4.9;16;14.430663;50.099058;"Utopenec";"60 Kč"
https://www.firmy.cz/detail/2231875-pivnice-u-pivoje-praha-holesovice.html;4.9;16;14.430663;50.099058;"Tlačenka s cibulí";"55 Kč"
https://www.firmy.cz/detail/2231875-pivnice-u-pivoje-praha-holesovice.html;4.9;16;14.430663;50.099058;"Opečená sekaná";"55 Kč"
https://www.firmy.cz/detail/2231875-pivnice-u-pivoje-praha-holesovice.html;4.9;16;14.430663;50.099058;"Hermelín v bramboráku";"85 Kč"
https://www.firmy.cz/detail/2231875-pivnice-u-pivoje-praha-holesovice.html;4.9;16;14.430663;50.099058;"Bramboráčky se zelím";"75 Kč"
https://www.firmy.cz/detail/2231875-pivnice-u-pivoje-praha-holesovice.html;4.9;16;14.430663;50.099058;"Velký bramborák";"65 Kč"
https://www.firmy.cz/detail/2231875-pivnice-u-pivoje-praha-holesovice.html;4.9;16;14.430663;50.099058;"Matjesy";"80 Kč"
https://www.firmy.cz/detail/2231875-pivnice-u-pivoje-praha-holesovice.html;4.9;16;14.430663;50.099058;"Kuřecí steak s bylinkovou omáčkou, hranolky";"170 Kč"
https://www.firmy.cz/detail/2231875-pivnice-u-pivoje-praha-holesovice.html;4.9;16;14.430663;50.099058;"Pikantní kuřecí směs v bramboráku";"190 Kč"
https://www.firmy.cz/detail/2231875-pivnice-u-pivoje-praha-holesovice.html;4.9;16;14.430663;50.099058;"Smažený kuřecí řízek, vařený brambor, okurka";"150 Kč"
https://www.firmy.cz/detail/2231875-pivnice-u-pivoje-praha-holesovice.html;4.9;16;14.430663;50.099058;"Grilovaná krkovice s pepřovou omáčkou, hranolky";"195 Kč"
https://www.firmy.cz/detail/2231875-pivnice-u-pivoje-praha-holesovice.html;4.9;16;14.430663;50.099058;"Smažená krkovice, vařený brambor, okurka";"160 Kč"
https://www.firmy.cz/detail/2231875-pivnice-u-pivoje-praha-holesovice.html;4.9;16;14.430663;50.099058;"Smažený sýr, vařený brambor, tatarka";"150 Kč"
https://www.firmy.cz/detail/2231875-pivnice-u-pivoje-praha-holesovice.html;4.9;16;14.430663;50.099058;"Smažený hermelín, vařený brambor, tatarka";"150 Kč"
https://www.firmy.cz/detail/2231875-pivnice-u-pivoje-praha-holesovice.html;4.9;16;14.430663;50.099058;"Hovězí tatarák, vše co k tomu patří, 6ks topinek";"250 Kč"
https://www.firmy.cz/detail/2231875-pivnice-u-pivoje-praha-holesovice.html;4.9;16;14.430663;50.099058;"Mix smažených mini řízečků, okurky, citron, pečivo";"250 Kč"
https://www.firmy.cz/detail/2231875-pivnice-u-pivoje-praha-holesovice.html;4.9;16;14.430663;50.099058;"Hranolky";"45 Kč"
https://www.firmy.cz/detail/2231875-pivnice-u-pivoje-praha-holesovice.html;4.9;16;14.430663;50.099058;"Vařený brambor";"40 Kč"
https://www.firmy.cz/detail/2231875-pivnice-u-pivoje-praha-holesovice.html;4.9;16;14.430663;50.099058;"Bramboráčky";"45 Kč"
https://www.firmy.cz/detail/2231875-pivnice-u-pivoje-praha-holesovice.html;4.9;16;14.430663;50.099058;"Tatarka";"15 Kč"
https://www.firmy.cz/detail/2231875-pivnice-u-pivoje-praha-holesovice.html;4.9;16;14.430663;50.099058;"Kečup";"10 Kč"
https://www.firmy.cz/detail/2231875-pivnice-u-pivoje-praha-holesovice.html;4.9;16;14.430663;50.099058;"Zelný salát";"50 Kč"
https://www.firmy.cz/detail/2231875-pivnice-u-pivoje-praha-holesovice.html;4.9;16;14.430663;50.099058;"Pomerančový juice;"
https://www.firmy.cz/detail/13645520-spin-sports-pub-trebic-tyn.html;4.8;3;15.876551;49.225227;"Segedínský guláš, houskový knedlík 150g";"158 Kč"
https://www.firmy.cz/detail/13645520-spin-sports-pub-trebic-tyn.html;4.8;3;15.876551;49.225227;"Kuřecí špíz se zeleninou a slaninou, opékané brambory 150g";"158 Kč"
https://www.firmy.cz/detail/13645520-spin-sports-pub-trebic-tyn.html;4.8;3;15.876551;49.225227;"Losos na grilu, koprová omáčka s citrónem, grilovaná zelenina 150g";"255 Kč"
https://www.firmy.cz/detail/13283501-pivnice-kobra-opatovice.html;4.8;9;16.640488;49.076663;;
https://www.firmy.cz/detail/13140736-obecni-hospudka-milostin.html;4.9;4;13.670768;50.194193;;
https://www.firmy.cz/detail/2214388-roman-vaclavik-ostrava-moravska-ostrava.html;4.8;3;18.260475;49.839737;;
https://www.firmy.cz/detail/13280134-hospoda-u-kocoura-bohutin-vysoka-pec.html;4.5;2;13.962807;49.665307;;
https://www.firmy.cz/detail/13695425-hospudka-na-rafandove-brumov-bylnice-svaty-stepan.html;2.9;4;18.033438;49.045930;;
https://www.firmy.cz/detail/13298664-na-pavlaci-ostrava-hrabuvka.html;5;1;18.259833;49.784222;;
https://www.firmy.cz/detail/13119235-hospoda-destne-88-jakartovice-destne.html;4.1;26;17.676832;49.895373;;
https://www.firmy.cz/detail/13458659-ossegg-hostinec-pivovarska-prodejna-usti-nad-labem-vseborice.html;5;26;13.992074;50.684888;;
https://www.firmy.cz/detail/1971000-hospudka-na-jive-podulsi.html;4.7;60;15.340589;50.470772;"Vývar s krupicí a vejcem";"39 Kč"
https://www.firmy.cz/detail/1971000-hospudka-na-jive-podulsi.html;4.7;60;15.340589;50.470772;"Menu: Vývar, Maďarský hovězí guláš, houskový knedlík (rýže, těstoviny)";"159 Kč"
https://www.firmy.cz/detail/13015892-hospoda-v-zatacce-kochanky.html;4.2;2;14.779521;50.276063;;
https://www.firmy.cz/detail/13200136-country-bar-na-vyhlidce-chbany-vikletice.html;5;1;13.403954;50.349264;;
https://www.firmy.cz/detail/2459985-beach-park-mlekojedy-neratovice-mlekojedy.html;3.7;23;14.542125;50.264761;;
https://www.firmy.cz/detail/13114331-hostinec-namesti-33-janovice-nad-uhlavou.html;4.9;59;13.216336;49.345119;;
https://www.firmy.cz/detail/12846216-hostinec-zvlastni-skola-vydri.html;5;18;14.946176;49.093642;;
https://www.firmy.cz/detail/13075721-pohostinstvi-letosov-nesovice-letosov.html;4.3;5;17.078566;49.146829;;
https://www.firmy.cz/detail/13156237-hospoda-na-vyhlidce-zitenice-pohorany.html;5;2;14.169878;50.561147;;
https://www.firmy.cz/detail/598191-hostinec-u-drobilku-rabstejnska-lhota.html;3.9;8;15.769473;49.915887;;
https://www.firmy.cz/detail/12906183-pivnice-podkova-karvina-frystat.html;None;None;18.543907;49.853646;;
https://www.firmy.cz/detail/13287297-obecni-hospoda-vitice.html;None;None;14.915011;50.031098;;
https://www.firmy.cz/detail/13076937-hospudka-na-tocne-blansko-techov.html;4.6;6;16.695625;49.367846;;
https://www.firmy.cz/detail/13117978-na-hristi-predin.html;5;1;15.673086;49.193651;;
https://www.firmy.cz/detail/1972106-chalupa-na-rozcesti-pec-pod-snezkou.html;4.8;141;15.674846;50.705697;;
https://www.firmy.cz/detail/13083817-hospudka-u-irenky-semice.html;4.9;4;14.875299;50.164375;;
https://www.firmy.cz/detail/12986626-zbrojnice-pivovarsky-sklep-trebon-i.html;5;1;14.772291;49.002629;;
https://www.firmy.cz/detail/13579795-hospudka-na-vsi-zdirec-nad-doubravou-horni-studenec.html;4.7;63;15.799350;49.716264;;
https://www.firmy.cz/detail/13787537-penzion-cesky-herslak-horni-dvoriste-cesky-herslak.html;4.6;30;14.420359;48.598748;;
https://www.firmy.cz/detail/13110632-hostinec-janina-radic-radic.html;4.5;1;14.414898;49.716047;;
https://www.firmy.cz/detail/13099917-rodinny-hostinec-amerika-havlovice.html;4.6;24;16.030002;50.487361;;
https://www.firmy.cz/detail/13633376-farma-brcalnik-zelezna-ruda-hojsova-straz.html;5;11;13.225534;49.188958;;
https://www.firmy.cz/detail/13116461-hospoda-pod-lipami-slatinice-lipy.html;5;38;17.104060;49.546514;;
https://www.firmy.cz/detail/13108749-pivni-raj-na-radhosti-pardubice-zelene-predmesti.html;4;3;15.770633;50.026031;;
https://www.firmy.cz/detail/13118484-hospudka-modra-hvezda-praha-smichov.html;4.2;4;14.404581;50.062999;;
https://www.firmy.cz/detail/13135048-hospoda-svornost-rousinovec.html;3.5;4;16.884080;49.198568;;
https://www.firmy.cz/detail/13117978-na-hristi-predin.html;5;1;15.673086;49.193651;;
https://www.firmy.cz/detail/12840796-pivnice-centrum-orlova-lutyne.html;3.9;4;18.424942;49.869322;;
https://www.firmy.cz/detail/13012300-stare-casy-olomouc-nove-sady.html;4.5;3;17.251204;49.575895;;
https://www.firmy.cz/detail/13808483-hostinec-na-bretislavce-praha-dejvice.html;4.9;26;14.389273;50.123195;;
https://www.firmy.cz/detail/13118928-restauracni-zarizeni-na-ocove-hodonin.html;2.5;3;17.134836;48.848942;;
https://www.firmy.cz/detail/13129687-nebahovska-hospoda-nebahovy.html;5;1;14.053315;49.005441;;
https://www.firmy.cz/detail/13114289-hostinec-raf-svatava.html;3.3;2;12.630352;50.192783;;
https://www.firmy.cz/detail/13775534-severka-brno-veveri.html;4.1;9;16.598091;49.207693;;
https://www.firmy.cz/detail/13135636-hostinec-vernovice-dolni-lutyne-vernovice.html;2.8;4;18.415065;49.924563;;
https://www.firmy.cz/detail/13409017-u-maleho-jezu-ceske-budejovice-7.html;4.6;7;14.477492;48.960450;;
https://www.firmy.cz/detail/2608649-hospudka-na-terase-strakonice.html;3.4;10;13.886770;49.256749;;
https://www.firmy.cz/detail/13116643-hostinec-u-krutu-kamyk-nad-vltavou.html;3.3;8;14.256829;49.640707;;
https://www.firmy.cz/detail/13119606-hospudka-na-dolnim-hodslavice.html;3.5;1;18.026590;49.549755;;
https://www.firmy.cz/detail/337671-pivnice-u-svejka-praha-dejvice.html;4.2;16;14.394514;50.105310;;
https://www.firmy.cz/detail/13142770-hospudka-na-hristi-verovice.html;4.5;1;18.128888;49.532996;;
https://www.firmy.cz/detail/13114682-hostinec-decany-decany.html;4.7;113;13.907468;50.437756;;
https://www.firmy.cz/detail/13115361-hostinec-u-hriste-okrouhlo.html;4.9;5;14.446221;49.915838;;
https://www.firmy.cz/detail/13108701-hospoda-u-kaple-pencin.html;5;3;17.014085;49.566536;;
https://www.firmy.cz/detail/13118646-hostinec-u-kastanu-cernousy.html;4.9;15;15.050291;51.004292;;
https://www.firmy.cz/detail/13114956-mc-houba-horazdovice.html;3.3;2;13.691638;49.324241;;
https://www.firmy.cz/detail/13311656-hospudka-u-ladi-zitenice.html;4.1;4;14.157021;50.555069;;
https://www.firmy.cz/detail/13136691-dita-pourova-horice.html;4.9;7;15.645360;50.366385;;
https://www.firmy.cz/detail/13117227-hostinec-lisnice-lisnice.html;4.9;42;16.878249;49.754870;;
https://www.firmy.cz/detail/13114096-hospoda-kostelec-u-holesova-236-kostelec-u-holesova.html;5;2;17.516905;49.384957;;
https://www.firmy.cz/detail/13116450-u-lubose-stary-jicin-dub.html;4.9;21;17.885613;49.571591;;
https://www.firmy.cz/detail/13682222-hospoda-na-baste-vlkancice.html;5;4;14.893848;49.898947;;
https://www.firmy.cz/detail/13113425-hospoda-u-mirky-krasny-dvur.html;4.9;18;13.366261;50.253925;;
https://www.firmy.cz/detail/13877059-hostinec-na-kopci-humpolec-vilemov.html;4.6;195;15.383350;49.535280;;
https://www.firmy.cz/detail/13141280-pohostinstvi-sipy-sipy.html;4.4;4;13.617246;50.012410;;
https://www.firmy.cz/detail/13148570-hostinec-v-limbu-litomerice-predmesti.html;4.9;6;14.129176;50.542993;;
https://www.firmy.cz/detail/13111467-hospudka-na-navsi-holesov-zopy.html;4.5;3;17.607307;49.333566;;
https://www.firmy.cz/detail/13343500-hospoda-u-lubosa-olomouc-losov.html;5;38;17.364819;49.620687;;
https://www.firmy.cz/detail/13560903-hospoda-u-mojmira-rokytnice-nad-jizerou-horni-rokytnice.html;4.4;11;15.466754;50.726274;;
https://www.firmy.cz/detail/13417979-hospoda-na-placku-zdiby-premysleni.html;5;1;14.409623;50.161583;;
https://www.firmy.cz/detail/13118851-pivnice-u-jarmilky-zelesice.html;5;1;16.573565;49.116491;;
https://www.firmy.cz/detail/13022709-hospudka-romanov-mseno-romanov.html;4.4;70;14.629893;50.446782;;
https://www.firmy.cz/detail/13109466-hostinec-volenice-volenice.html;4.5;1;13.748674;49.251838;;
https://www.firmy.cz/detail/13819577-pribramska-hospoda-pribram-na-morave.html;5;3;16.302495;49.193683;;
https://www.firmy.cz/detail/13648031-pohostinstvi-vysocina-rozsec-nad-kunstatem.html;5;2;16.463072;49.525623;;
https://www.firmy.cz/detail/13113425-hospoda-u-mirky-krasny-dvur.html;4.9;18;13.366261;50.253925;;
https://www.firmy.cz/detail/13139296-restaurace-cehnice-163-cehnice.html;5;1;14.027964;49.216136;;
https://www.firmy.cz/detail/13120717-kovarna-rebel-pribor.html;4.5;2;18.150675;49.641804;;
https://www.firmy.cz/detail/329620-hospudka-u-kocoura-kladno-krocehlavy.html;None;None;14.131519;50.135726;;
https://www.firmy.cz/detail/13012663-pivoteka-zizkoff-praha-zizkov.html;5;1;14.451081;50.084759;;
https://www.firmy.cz/detail/13121722-obecni-hospudka-lesni-hluboke.html;1;1;16.305851;49.268723;;
https://www.firmy.cz/detail/13546306-selsky-konzum-most.html;4.5;1;13.633090;50.503529;;
https://www.firmy.cz/detail/13446316-ag-club-rychnov-nad-kneznou.html;5;3;16.275890;50.164602;;
https://www.firmy.cz/detail/13891537-hostinec-na-vinopalne-bozejov-bozejov.html;4.6;195;15.155077;49.360809;;
https://www.firmy.cz/detail/13858532-hospudka-u-peci-praha-kamyk.html;5;1;14.428294;50.015047;;
https://www.firmy.cz/detail/13355576-hospoda-u-tyseru-lom-loucna.html;4.5;1;13.657027;50.615587;;
https://www.firmy.cz/detail/13861599-kiosek-u-hasicu-stitina.html;5;2;18.016114;49.916504;;
https://www.firmy.cz/detail/13115459-palirna-u-zeleneho-stromu-drahany.html;4.5;1;16.897652;49.433385;;
https://www.firmy.cz/detail/13273413-hostinec-u-kudlicku-bozice.html;1;1;16.291792;48.834788;;
https://www.firmy.cz/detail/13134076-hostinec-mily-mily.html;3.5;2;13.867706;50.233838;;
https://www.firmy.cz/detail/13139296-restaurace-cehnice-163-cehnice.html;None;None;14.027964;49.216136;;
https://www.firmy.cz/detail/13381804-tankovna-u-vezaku-stribro.html;3;2;13.002634;49.755905;;
https://www.firmy.cz/detail/13031360-restaurace-na-parkovisti-krivoklat.html;3.9;41;13.876520;50.036960;;
https://www.firmy.cz/detail/13527386-hospudka-cerna-cesta-olomouc-klasterni-hradisko.html;5;2;17.269408;49.600147;;
https://www.firmy.cz/detail/13034372-restaurace-sport-billy-kyjov-netcice.html;4;4;17.128121;49.014510;;
https://www.firmy.cz/detail/2321063-pivnice-na-kopecku-bridlicna.html;4.3;3;17.368243;49.912133;;
https://www.firmy.cz/detail/13117079-hospoda-u-mecara-a-marisi-velke-vselisy.html;5;2;14.745259;50.380928;;
https://www.firmy.cz/detail/13150058-pivovarska-hospudka-u-jadrnicku-namest-na-hane.html;None;None;17.068207;49.601164;;
https://www.firmy.cz/detail/13114752-trinity-club-olomouc-lazce.html;4.2;2;17.255886;49.602540;;
https://www.firmy.cz/detail/13137848-hospoda-eden-mohelnice.html;4.9;42;16.922158;49.777808;;
https://www.firmy.cz/detail/13618934-hospoda-u-doubravky-jerisno.html;4;1;15.640505;49.791611;;
https://www.firmy.cz/detail/1298656-semosicka-hospoda-horsovsky-tyn-semosice.html;4.9;7;12.982252;49.538953;;
https://www.firmy.cz/detail/13840319-klub-garaz-straz-nad-nisou.html;5;2;15.037956;50.792324;;
https://www.firmy.cz/detail/13118072-hostinec-destna-31-destna.html;5;2;16.564191;49.613204;;
https://www.firmy.cz/detail/2459085-restaurace-krystal-podebrady-ii.html;2;1;15.114824;50.146489;;
https://www.firmy.cz/detail/13381804-tankovna-u-vezaku-stribro.html;3;2;13.002634;49.755905;;
https://www.firmy.cz/detail/13031360-restaurace-na-parkovisti-krivoklat.html;None;None;13.876520;50.036960;;
https://www.firmy.cz/detail/13527386-hospudka-cerna-cesta-olomouc-klasterni-hradisko.html;5;2;17.269408;49.600147;;
https://www.firmy.cz/detail/13034372-restaurace-sport-billy-kyjov-netcice.html;4;4;17.128121;49.014510;;
https://www.firmy.cz/detail/13112129-u-kamika-benesov-urocnice.html;4.7;14;14.630194;49.806131;;
https://www.firmy.cz/detail/13480010-hospoda-na-barinach-valasska-bystrice.html;None;None;18.090301;49.419317;;
https://www.firmy.cz/detail/324450-hostinec-pomnenka-novy-jicin.html;3.8;3;18.016411;49.590885;;
https://www.firmy.cz/detail/13131788-hornokounicky-senk-horni-kounice.html;5;18;16.150059;49.025714;;
https://www.firmy.cz/detail/13134873-u-vodvarku-kolin-v.html;4.7;11;15.203412;50.033700;;
https://www.firmy.cz/detail/13136324-hospudka-zabka-hradec-nad-svitavou.html;4;7;16.477084;49.711818;;
https://www.firmy.cz/detail/13306072-hospoda-skvrnov-skvrnov.html;4.2;48;15.001316;49.897418;;
https://www.firmy.cz/detail/13224331-obecni-hospoda-pod-lipami-kosice.html;4.5;10;15.535211;50.180068;;
https://www.firmy.cz/detail/13669433-pohostinstvi-zichlinek-zichlinek.html;1;1;16.638373;49.881751;;
https://www.firmy.cz/detail/13506966-rohan-beergarden-praha.html;4.2;26;14.464390;50.103122;;
https://www.firmy.cz/detail/13824017-hostinec-u-svestku-hyskov.html;None;None;14.052302;49.990630;;
https://www.firmy.cz/detail/13117722-hosin-20-hosin-dobrejovice.html;5;1;14.484978;49.065624;;
https://www.firmy.cz/detail/13868252-hospudka-na-sokecu-brezina.html;4.5;1;16.760012;49.283894;;
https://www.firmy.cz/detail/13120924-hospoda-v-zatacce-opatov-opatov.html;4.2;2;16.504452;49.822864;;
https://www.firmy.cz/detail/13121280-hospoda-serikova-35-plzen-koterov.html;4.7;4;13.407374;49.722433;;
https://www.firmy.cz/detail/13863680-hospudka-v-ofsajdu-policka-dolni-predmesti.html;3;1;16.258173;49.708160;;
https://www.firmy.cz/detail/12985741-hostinec-pod-borem-pnetluky-konetopy.html;5;2;13.729684;50.267062;;
https://www.firmy.cz/detail/13113111-marie-benesova-stochov.html;5;2;13.956355;50.147649;;
https://www.firmy.cz/detail/13730322-hospoda-na-kopecku-olesnice.html;4.5;13;14.704983;48.841208;;
https://www.firmy.cz/detail/13118194-hostinec-drazkov-svaty-jan-drazkov.html;5;1;14.283764;49.650458;;
https://www.firmy.cz/detail/13211809-hospudka-na-ruzku-pisek-budejovicke-predmesti.html;3.8;6;14.153490;49.304990;;
https://www.firmy.cz/detail/13908061-hospoda-u-ondry-tisek.html;4.9;26;18.015811;49.792832;;
https://www.firmy.cz/detail/13148921-frantisek-schneider-brezova-rudolec.html;5;1;12.615781;50.133639;;
https://www.firmy.cz/detail/13123133-hospudka-vlachovka-sany.html;3.9;4;15.241787;50.120832;;
https://www.firmy.cz/detail/13123461-pivnice-u-korbele-plzen-jizni-predmesti.html;5;3;13.372139;49.733380;;
https://www.firmy.cz/detail/13058024-hospoda-bikroska-vyskov-nouzka.html;5;1;16.986839;49.270733;;
https://www.firmy.cz/detail/13126830-hostinec-u-studnicku-tatobity.html;4.6;24;15.267553;50.573257;;
https://www.firmy.cz/detail/13118111-hospoda-na-navsi-nova-ves.html;4.9;9;13.292809;49.685879;;
https://www.firmy.cz/detail/13523987-hospoda-u-florianka-budisov.html;4.8;46;16.004057;49.271323;;
https://www.firmy.cz/detail/13138061-restaurace-nadejovska-1466-praha-ujezd-nad-lesy.html;4.8;3;14.641630;50.082907;;
https://www.firmy.cz/detail/12752135-bar-safir-mlada-boleslav-iii.html;5;4;14.925020;50.413641;;
https://www.firmy.cz/detail/1945911-hospoda-u-zlesaku-rampusak-bystrice-vcelakov-bystrice.html;4.3;14;15.877327;49.814084;;
https://www.firmy.cz/detail/2614886-hostinec-pod-lipou-tulesice.html;4.5;1;16.204430;49.038571;;
https://www.firmy.cz/detail/13425443-myslivecky-klub-snedovice-velky-hubenov.html;4.7;113;14.399379;50.528256;;
https://www.firmy.cz/detail/13467644-hospudka-u-kamzika-bohunovice.html;4.7;5;17.282547;49.658370;;
https://www.firmy.cz/detail/12849697-obcanske-sdruzeni-pv-sport-club-sport-bar-hvozd.html;4;1;16.908863;49.637016;;
https://www.firmy.cz/detail/13402255-u-kaiseru-vracov.html;4.5;2;17.211993;48.975091;;
https://www.firmy.cz/detail/13108814-klub-u-libase-jihlava.html;5;2;15.589877;49.393678;;
https://www.firmy.cz/detail/13135541-u-holubu-vyzice.html;4.8;9;15.621660;49.924309;;
https://www.firmy.cz/detail/13119249-hospoda-bohdalin-83-bohdalin.html;4.6;195;15.015990;49.307801;;
https://www.firmy.cz/detail/13805070-hospudka-pod-skalkou-budisov-nad-budisovkou-stare-oldruvky.html;5;1;17.639322;49.760282;;
https://www.firmy.cz/detail/13265892-hospoda-na-hristi-moravany.html;5;1;15.945444;49.998050;;
https://www.firmy.cz/detail/13315610-hospoda-u-rudolfu-lhota-vlasenice-vlasenice.html;4.9;9;15.124371;49.303429;;
https://www.firmy.cz/detail/13122277-obecni-hospoda-dzbanov-dzbanov.html;4.5;1;16.160550;49.918587;;
https://www.firmy.cz/detail/13142094-hostinec-u-sv-floriana-plasy-horni-hradiste.html;4.7;135;13.372023;49.957659;;
https://www.firmy.cz/detail/13119003-hospoda-u-davida-kojetin-i-mesto.html;4.4;2;17.301446;49.355151;;
https://www.firmy.cz/detail/13109840-hospoda-u-splavu-horni-domaslavice.html;4.8;6;18.465335;49.695082;;
https://www.firmy.cz/detail/13847330-hospoda-bdeneves-bdeneves.html;4.7;135;13.233207;49.769235;;
https://www.firmy.cz/detail/13372387-pivnice-stodulky-praha-stodulky.html;4.9;4;14.311480;50.046621;;
https://www.firmy.cz/detail/12849697-obcanske-sdruzeni-pv-sport-club-sport-bar-hvozd.html;4;1;16.908863;49.637016;;
https://www.firmy.cz/detail/13123608-restaurace-na-hristi-hodice.html;5;1;15.481622;49.272951;;
https://www.firmy.cz/detail/13125295-c-p-168-stritez.html;5;2;15.627547;49.455862;;
https://www.firmy.cz/detail/13648331-hospudka-na-hristi-metylovice.html;4.9;21;18.334202;49.609951;;
https://www.firmy.cz/detail/13741464-hostinec-selsky-dvur-cizkrajov.html;None;None;15.390411;49.030642;;
https://www.firmy.cz/detail/13115479-litovelska-pivnice-sternberk.html;5;1;17.283696;49.725996;;
https://www.firmy.cz/detail/13821590-chlivecka-hospudka-pod-lipou-starkov-chlivce.html;4.7;18;16.121915;50.513621;;
https://www.firmy.cz/detail/13116975-hospoda-na-kovarne-nivnice.html;4.5;1;17.649131;48.972856;;
https://www.firmy.cz/detail/13142704-hospoda-hrotovice-hrotovice.html;4.8;46;16.071887;49.103634;;
https://www.firmy.cz/detail/2465941-hostinec-u-martina-kly.html;4.8;30;14.503911;50.308599;;
https://www.firmy.cz/detail/12993149-hostinec-hrachoviste-hrachoviste.html;4.9;5;14.774396;48.928645;;
https://www.firmy.cz/detail/13102657-hospoda-u-hostu-liber.html;4.9;51;14.480340;49.923068;;
https://www.firmy.cz/detail/13578660-hostinec-u-tesare-brno-styrice.html;4.6;31;16.599023;49.181567;;
https://www.firmy.cz/detail/13036216-klubovna-u-stare-pipy-ostrava-vitkovice.html;4.9;3;18.269145;49.813525;;
https://www.firmy.cz/detail/13117684-brzkov-68-brzkov.html;4.2;3;15.727366;49.526191;;
https://www.firmy.cz/detail/12879821-niklovna-chotebor.html;4.9;7;15.669743;49.719596;;
https://www.firmy.cz/detail/13494995-hospudka-sokolovna-masov-turnov-masov.html;4.9;11;15.149871;50.572987;;
https://www.firmy.cz/detail/13051015-restaurace-vlcetin-bila-vlcetin.html;4.6;15;15.016744;50.682581;;
https://www.firmy.cz/detail/13115429-bar-fenix-most.html;4.7;3;13.657319;50.496470;;
https://www.firmy.cz/detail/12891152-hostinec-na-obecnim-ondratice.html;4.5;2;17.062495;49.363369;;
https://www.firmy.cz/detail/12717064-hospudka-na-slavoji-praha-zbraslav.html;5;2;14.382711;49.971016;;
https://www.firmy.cz/detail/13109905-hostinec-u-macu-zblovice.html;4.1;6;15.706157;48.957876;;
https://www.firmy.cz/detail/13204658-hostinec-u-kamenneho-mostu-manetin-rabstejn-nad-strelou.html;4.7;52;13.294248;50.046094;;
https://www.firmy.cz/detail/13701869-taverna-ranc-na-podlesi-trinec-konska.html;4.7;4;18.626102;49.687283;;
https://www.firmy.cz/detail/13783784-hospudka-ve-zvonicce-kanice.html;1;1;16.715913;49.263471;;
https://www.firmy.cz/detail/13146337-hostinec-lipnik-nad-becvou-lipnik-nad-becvou-i-mesto.html;3.5;1;17.575691;49.526288;;
https://www.firmy.cz/detail/13266105-hospudka-u-kovare-karany.html;4.5;26;14.740813;50.175049;;
https://www.firmy.cz/detail/13116282-hostinec-u-buvola-breclav-charvatska-nova-ves.html;4.7;2;16.848191;48.768215;;
https://www.firmy.cz/detail/13108900-radek-knoflicek-jindrichuv-hradec-i.html;5;1;15.002369;49.142893;;
https://www.firmy.cz/detail/12879821-niklovna-chotebor.html;4.9;7;15.669743;49.719596;;
https://www.firmy.cz/detail/13109369-hospoda-u-bilych-horni-stepanov.html;4.7;8;16.793822;49.554385;;
https://www.firmy.cz/detail/13123903-restaurace-horska-653-tanvald.html;4.5;2;15.295375;50.736342;;
https://www.firmy.cz/detail/13111136-u-stresne-babice.html;5;1;17.475745;49.120184;;
https://www.firmy.cz/detail/13411792-hospudka-u-kopeckych-praha-zabehlice.html;4.7;7;14.489830;50.054941;;
https://www.firmy.cz/detail/12974851-u-janecku-kadov.html;4.5;108;16.079933;49.632231;;
https://www.firmy.cz/detail/2520229-rozmbersky-sklipek-luznice.html;4.3;50;14.753003;49.057462;;
https://www.firmy.cz/detail/13117459-knajpa-u-satana-klobuky-kokovice.html;4.5;1;13.965292;50.296818;;
https://www.firmy.cz/detail/13614419-u-horkeho-konce-brno-veveri.html;4.7;8;16.593662;49.204659;;
https://www.firmy.cz/detail/13119761-hospoda-dolany-35-dolany.html;5;1;14.148881;50.116692;;
https://www.firmy.cz/detail/13849311-zborovska-bumbalka-ledenice-zborov.html;4.7;148;14.564323;48.936423;;
https://www.firmy.cz/detail/13109416-hospoda-hasicka-jirice-u-miroslavi.html;4.7;2;16.391766;48.918669;;
https://www.firmy.cz/detail/13088179-chlumecka-pivnice-chlumec-nad-cidlinou-i.html;3.4;2;15.459224;50.154658;;
https://www.firmy.cz/detail/13120513-pacu-pub-tucapy-tucapy.html;4.5;19;17.333665;49.047988;;
https://www.firmy.cz/detail/13495880-pohostinstvi-mesin-mesin.html;None;None;15.656652;49.437708;;
https://www.firmy.cz/detail/13662503-zimuticka-hospoda-zimutice.html;4.3;4;14.509748;49.205934;;
https://www.firmy.cz/detail/2241523-hostinec-beseda-hradec-kralove-kukleny.html;4.9;34;15.793102;50.206963;;
https://www.firmy.cz/detail/13122363-ing-huu-sang-vu-kadan.html;4.9;20;13.269048;50.377484;;
https://www.firmy.cz/detail/13394125-hospoda-u-zbrojnice-laskov.html;4.6;3;17.001543;49.583585;;
https://www.firmy.cz/detail/13442385-hospudka-u-2-kocek-mnetes.html;4.8;2;14.283875;50.366080;;
https://www.firmy.cz/detail/13120131-hostinec-na-rychte-komarov.html;5;1;17.242078;49.763976;;
https://www.firmy.cz/detail/13011198-hospudka-na-zasadce-bosen-zasadka.html;4.7;23;15.025664;50.514267;;
https://www.firmy.cz/detail/13530376-hospoda-u-spejcharu-zakava.html;5;4;13.530103;49.629751;;
https://www.firmy.cz/detail/13624094-hostinec-u-miluny-hostice.html;3.4;73;13.908288;49.192975;;
https://www.firmy.cz/detail/13115494-pohostinstvi-u-cempirka-vysoka-u-pribrame.html;4.9;28;13.946156;49.633518;;
https://www.firmy.cz/detail/13108690-hostinec-krumsin-219-krumsin.html;4.8;74;16.999908;49.448119;;
https://www.firmy.cz/detail/13123959-penzion-zamecka-hospoda-adrspach-dolni-adrspach.html;5;3;16.112166;50.619036;;
https://www.firmy.cz/detail/13112245-hostinec-na-zastavce-darkovice.html;4.7;7;18.221683;49.935276;;
https://www.firmy.cz/detail/13231131-hospoda-male-kino-zlin-kudlov.html;4.5;3;17.670269;49.200904;;
https://www.firmy.cz/detail/13115291-u-supa-decin-xvii-jaluvci.html;4.7;4;14.190678;50.789974;;
https://www.firmy.cz/detail/13111736-hospudka-ve-slunecnici-strizovice-vlcice.html;5;15;15.145087;49.143496;;
https://www.firmy.cz/detail/12801135-hospudka-u-kostela-odolena-voda.html;4.6;7;14.408789;50.231244;;
https://www.firmy.cz/detail/2466156-lokal-dlouhaaa-praha-stare-mesto.html;4.4;86;14.425880;50.090694;;
https://www.firmy.cz/detail/13140299-telovychovna-jednota-sokol-blizejov-blizejov.html;4.7;46;12.986267;49.499626;;
https://www.firmy.cz/detail/13256495-hospoda-u-travise-olomouc-hejcin.html;3.7;9;17.243831;49.606118;;
https://www.firmy.cz/detail/13114389-kiosek-na-hristi-destna.html;3.5;1;14.920357;49.265357;;
https://www.firmy.cz/detail/13137775-obcerstveni-na-hristi-hradec-kralove-trebes.html;4.1;6;15.850578;50.178530;;
https://www.firmy.cz/detail/13114647-hostinec-rajecko-rajecko.html;5;1;16.642922;49.395017;;
https://www.firmy.cz/detail/13263376-hostinec-u-hvezdy-bucina.html;5;14;16.193113;49.896921;;
https://www.firmy.cz/detail/12875122-hospudka-u-kolmanu-hanovice.html;5;1;17.046037;49.680453;;
https://www.firmy.cz/detail/13693313-hospudka-u-sumce-kromeriz.html;4.1;3;17.377787;49.312189;;
https://www.firmy.cz/detail/13112245-hostinec-na-zastavce-darkovice.html;4.7;7;18.221683;49.935276;;
https://www.firmy.cz/detail/13493000-na-spilu-brno-obrany.html;4.7;2;16.639337;49.227227;;
https://www.firmy.cz/detail/13146314-telocvicna-jednota-sokol-benesov-benesov.html;4.9;31;16.770234;49.509864;;
https://www.firmy.cz/detail/13737189-obec-chvalikovice-hospudka-na-hristi-chvalikovice.html;3.7;2;17.914927;49.886637;;
https://www.firmy.cz/detail/13114033-hospoda-hroznejovice-46-hluboka-nad-vltavou-hroznejovice.html;4.7;148;14.486735;49.150139;;
https://www.firmy.cz/detail/13179007-hostinec-spanov-spanov.html;5;2;12.988084;49.414453;;
https://www.firmy.cz/detail/13118977-u-jestraba-jestrebi.html;4.9;42;16.865970;49.852940;;
https://www.firmy.cz/detail/12956892-hostinec-libchava-horni-libchava.html;5;35;14.494211;50.712285;;
https://www.firmy.cz/detail/13120866-hospudka-u-cudly-dobromerice.html;1;1;13.794920;50.369566;;
https://www.firmy.cz/detail/13010154-hospoda-u-koupaliste-rokytnice-nad-rokytnou.html;4;5;15.768378;49.189544;;
https://www.firmy.cz/detail/13120191-hostinec-na-stare-rychte-vinarice.html;4.7;34;14.091051;50.174910;;
https://www.firmy.cz/detail/13033165-hostinec-u-barchanku-morinka.html;4.7;17;14.235944;49.938403;;
https://www.firmy.cz/detail/13116166-hostinec-svetla-svetla.html;4.9;31;16.717621;49.566198;;
https://www.firmy.cz/detail/12705236-hospudka-u-smakouna-hrabyne.html;5;2;18.053742;49.880731;;
https://www.firmy.cz/detail/13116222-obecni-hospoda-chleny.html;5;3;16.241221;50.077906;;
https://www.firmy.cz/detail/13493000-na-spilu-brno-obrany.html;4.7;2;16.639337;49.227227;;
https://www.firmy.cz/detail/13709363-datlovna-frydek-mistek-frydek.html;4.9;14;18.349483;49.685780;;
https://www.firmy.cz/detail/13327704-hotel-musil-nove-mesto-na-morave.html;4.9;13;16.079650;49.565582;;
https://www.firmy.cz/detail/13137693-trung-kien-ha-vamberk.html;3.5;1;16.291144;50.117255;;
https://www.firmy.cz/detail/13077136-hostinec-stampach-stachy.html;4.4;22;13.665849;49.102039;;
https://www.firmy.cz/detail/12945117-hospudka-kvasnicak-hradec-kralove-plotiste-nad-labem.html;4.6;8;15.810477;50.238339;;
https://www.firmy.cz/detail/1946794-blahakuv-hostinec-sumvald.html;4.4;5;17.129648;49.830501;;
https://www.firmy.cz/detail/12741982-hospoda-ve-dvore-strupcice.html;4.7;4;13.531567;50.471266;;
https://www.firmy.cz/detail/13126473-hospoda-zamecka-703-odry.html;5;1;17.831333;49.664010;;
https://www.firmy.cz/detail/13120166-hospoda-pod-zamkem-breclav.html;4.6;8;16.875619;48.760428;;
https://www.firmy.cz/detail/13143135-hospudka-slavicka-trebic-horka-domky.html;4.8;3;15.880396;49.209600;;
https://www.firmy.cz/detail/13469153-hospoda-u-medveda-milovice.html;3.9;42;16.698565;48.852602;;
https://www.firmy.cz/detail/13127928-mgr-martina-chlumova-vichova-nad-jizerou.html;4.8;70;15.489621;50.627506;;
https://www.firmy.cz/detail/13126886-domecek-praha.html;4;8;14.412802;50.127289;;
https://www.firmy.cz/detail/13709363-datlovna-frydek-mistek-frydek.html;4.9;14;18.349483;49.685780;;
https://www.firmy.cz/detail/13795811-hospoda-na-hristi-choustnik.html;5;2;14.834610;49.332544;;
https://www.firmy.cz/detail/664738-atelier-chalupa-moravka.html;4.7;134;18.533217;49.615376;;
https://www.firmy.cz/detail/265898-hostinec-koruna-zlate-hory.html;4.5;3;17.396648;50.263311;;
https://www.firmy.cz/detail/13828154-hospoda-u-havrana-kuncice.html;4.9;34;15.635245;50.217463;;
https://www.firmy.cz/detail/13115359-hostinec-u-kochu-plavec.html;4;1;16.079292;48.928569;;
https://www.firmy.cz/detail/13374752-hospoda-roztoky-roztoky.html;5;3;13.867613;50.021803;;
https://www.firmy.cz/detail/13156041-hospoda-u-partyzana-litosice-krasnice.html;4.5;2;15.508296;49.997561;;
https://www.firmy.cz/detail/1943440-pohostinstvi-u-simka-bludov.html;5;1;16.923831;49.944558;;
https://www.firmy.cz/detail/13831595-3j-beer-bar-praha-vrsovice.html;5;3;14.454588;50.072106;;
https://www.firmy.cz/detail/13710652-the-pub-praha-6-praha-bubenec.html;1.5;2;14.401082;50.100847;;
https://www.firmy.cz/detail/12879921-hospudka-cerna-hora-uhersky-brod.html;4;5;17.648822;49.021498;;
https://www.firmy.cz/detail/13117060-hospoda-u-rybnika-chrast-chacholice.html;3.5;1;15.949106;49.881622;;
https://www.firmy.cz/detail/13272192-hostinec-vysoka-libyne-vysoka-libyne.html;1;1;13.450476;50.022046;;
https://www.firmy.cz/detail/13801797-hospoda-na-horce-hartvikovice.html;4;19;16.086343;49.170153;;
https://www.firmy.cz/detail/13139297-disco-babylon-skvoretice.html;4.8;19;13.948410;49.402042;;
https://www.firmy.cz/detail/13269212-hospoda-na-plovarne-hlasna-treban.html;5;4;14.182488;49.923014;;
https://www.firmy.cz/detail/13124644-stiparna-krabcice-vesce.html;4.4;77;14.287173;50.405628;;
https://www.firmy.cz/detail/13139687-restaurace-luka-14-luka.html;4;2;16.946495;49.649414;;
https://www.firmy.cz/detail/13103744-hospudka-u-sysla-velka-kras.html;4;22;17.156161;50.363799;;
https://www.firmy.cz/detail/13334012-nalevna-u-vodnika-stod.html;4.6;10;13.173466;49.630185;;
https://www.firmy.cz/detail/13141184-hospoda-vodarenska-262-strakonice-drazejov.html;5;1;13.886845;49.274803;;
https://www.firmy.cz/detail/13015522-hospoda-repice-repice.html;4.8;19;13.933563;49.280734;;
https://www.firmy.cz/detail/13011392-pohostinstvi-u-nevyhostenych-straziste.html;4.4;29;14.930221;50.592757;;
https://www.firmy.cz/detail/13108983-udanska-hospoda-moravska-trebova-udanky.html;5;2;16.650348;49.763543;;
https://www.firmy.cz/detail/13840145-tesne-vedle-burundi-praha-bubenec.html;5;1;14.420148;50.101352;;
https://www.firmy.cz/detail/13361569-hospudka-sokolovna-radostice.html;4.9;203;16.479043;49.132642;;
https://www.firmy.cz/detail/13801797-hospoda-na-horce-hartvikovice.html;4;19;16.086343;49.170153;;
https://www.firmy.cz/detail/13139297-disco-babylon-skvoretice.html;4.8;19;13.948410;49.402042;;
https://www.firmy.cz/detail/13269212-hospoda-na-plovarne-hlasna-treban.html;5;4;14.182488;49.923014;;
https://www.firmy.cz/detail/13124644-stiparna-krabcice-vesce.html;4.4;77;14.287173;50.405628;;
https://www.firmy.cz/detail/13139687-restaurace-luka-14-luka.html;4;2;16.946495;49.649414;;
https://www.firmy.cz/detail/13027841-hostinec-vraclav-68-vraclav.html;5;14;16.090923;49.967463;;
https://www.firmy.cz/detail/13371877-hospoda-u-krkovicky-knoviz.html;4.9;5;14.136458;50.212257;;
https://www.firmy.cz/detail/13137402-hospoda-malhotice-51-malhotice.html;4.9;9;17.763330;49.488680;;
https://www.firmy.cz/detail/13262014-bar-matrix-brno-pisarky.html;4.8;2;16.548167;49.198149;;
https://www.firmy.cz/detail/13112073-zvonovicka-hospoda-rostenice-zvonovice-zvonovice.html;5;1;16.960592;49.234586;;
https://www.firmy.cz/detail/13114236-pohostinstvi-cechtin-cechtin.html;4.8;3;15.820667;49.293272;;
https://www.firmy.cz/detail/13007368-vlkancicka-hospoda-vlkancice.html;4.8;8;14.897016;49.901662;;
https://www.firmy.cz/detail/13797948-hospudka-na-scucim-ostrava-hrabova.html;5;2;18.283117;49.772923;;
https://www.firmy.cz/detail/13011029-hospoda-u-klempire-jihlava-heroltice.html;5;15;15.633195;49.433677;;
https://www.firmy.cz/detail/13501848-hospoda-na-vidli-libechov-jesovice.html;4.8;2;14.429369;50.432528;;
https://www.firmy.cz/detail/13375597-country-club-lucie-hradec-kralove-novy-hradec-kralove.html;None;None;15.853517;50.175513;;
https://www.firmy.cz/detail/13343316-bosovicka-hospudka-cizova-bosovice.html;4.4;15;14.077089;49.350158;;
https://www.firmy.cz/detail/13164348-posezeni-u-zaby-dobroslavice.html;4.1;26;18.170167;49.880484;;
https://www.firmy.cz/detail/13791719-bufik-pub-kotvrdovice.html;4.9;31;16.782340;49.357044;;
https://www.firmy.cz/detail/13879291-hospoda-lozice-lozice.html;4.9;33;16.022212;49.916751;;
https://www.firmy.cz/detail/2467660-hospoda-pod-smrkem-krechor.html;4.3;2;15.127347;50.027622;;
https://www.firmy.cz/detail/13538908-bar-duha-plzen-vychodni-predmesti.html;2.1;2;13.392011;49.739310;;
https://www.firmy.cz/detail/1771630-astra-sportbar-plzen-lobzy.html;4.6;4;13.410954;49.742766;;
https://www.firmy.cz/detail/13328471-hostinec-na-huse-svaty-mikulas.html;3.9;56;15.348095;49.983866;;
https://www.firmy.cz/detail/13474007-pivnice-u-tygra-brno-cerna-pole.html;5;9;16.611728;49.204698;;
https://www.firmy.cz/detail/13137162-hospoda-u-indiana-jalubi.html;3;2;17.432635;49.111484;;
https://www.firmy.cz/detail/13012221-na-hristi-nespeky.html;5;2;14.664073;49.856538;;
https://www.firmy.cz/detail/13114946-hostinec-u-backovskych-chrast-skala.html;5;7;15.948875;49.868958;;
https://www.firmy.cz/detail/13118039-u-ferbyu-pohorelice.html;5;2;16.533683;48.961717;;
https://www.firmy.cz/detail/13024492-neratovska-hospoda-bartosovice-v-orlickych-horach.html;4.3;151;16.551765;50.214098;;
https://www.firmy.cz/detail/13417958-motac-klub-zatec-bezdekov.html;5;1;13.584990;50.327641;;
https://www.firmy.cz/detail/13115662-hostinec-u-koblihu-vsechovice.html;5;1;17.758899;49.461545;;
https://www.firmy.cz/detail/13851473-letni-zahradka-za-vodou-pribor.html;5;1;18.147879;49.636686;;
https://www.firmy.cz/detail/13862282-penzion-na-stare-ceste-hospoda-destne-v-orlickych-horach.html;5;4;16.356108;50.303187;;
https://www.firmy.cz/detail/13119758-hospudka-tago-otice.html;5;10;17.866065;49.917740;;
https://www.firmy.cz/detail/13519991-hospudka-pod-radnici-lazne-bohdanec.html;4.4;8;15.680242;50.075728;;
https://www.firmy.cz/detail/331587-hospoda-morava-hodonin.html;4.7;97;17.133551;48.855894;;
https://www.firmy.cz/detail/13316972-hostinec-korej-vimperk-i.html;4.1;10;13.773068;49.053118;;
https://www.firmy.cz/detail/2112822-stara-hospoda-vysoky-chlumec.html;4.5;4;14.389049;49.617667;;
https://www.firmy.cz/detail/13115719-hospudka-u-parezu-praha-stodulky.html;4.9;8;14.344370;50.047236;;
https://www.firmy.cz/detail/13118253-hospoda-u-beranku-turovec.html;2;1;14.767948;49.377141;;
https://www.firmy.cz/detail/13805016-horni-hospoda-zlutava-zlutava.html;4.8;4;17.487140;49.201505;;
https://www.firmy.cz/detail/13109013-u-starace-hradec-kralove.html;4.9;34;15.830804;50.211442;;
https://www.firmy.cz/detail/13103458-hospoda-na-kopci-zverotice-zverotice.html;None;None;14.745812;49.270512;;
https://www.firmy.cz/detail/13832852-hostinec-marta-mestecko-trnavka.html;4.8;320;16.724455;49.708635;;
https://www.firmy.cz/detail/13177533-hospoda-u-komina-klabava.html;4.7;3;13.540001;49.752901;;
https://www.firmy.cz/detail/13862156-restaurace-velka-hospoda-vilemov.html;4.4;8;15.536072;49.815724;;
https://www.firmy.cz/detail/13111497-hospoda-oleska-oleska.html;5;1;14.915751;49.971132;;
https://www.firmy.cz/detail/13109276-hospudka-u-jana-plzen-vychodni-predmesti.html;4.8;8;13.386602;49.745188;;
https://www.firmy.cz/detail/13137804-restaurace-milinov-89-milinov.html;4.8;2;13.564184;49.643272;;
https://www.firmy.cz/detail/13665044-hospoda-ladna-ladna.html;5;1;16.876678;48.804830;;
https://www.firmy.cz/detail/13115719-hospudka-u-parezu-praha-stodulky.html;4.9;8;14.344370;50.047236;;
https://www.firmy.cz/detail/13645856-hospoda-pod-kastany-razova.html;4.7;35;17.533680;49.933082;;
https://www.firmy.cz/detail/12981828-kvitkovska-konirna-kvitkov.html;4.5;25;14.488545;50.654681;;
https://www.firmy.cz/detail/13267438-postovna-postovice.html;2.5;1;14.136336;50.310838;;
https://www.firmy.cz/detail/13114463-hostinec-u-machacku-dubi-mstisov.html;3.7;3;13.781892;50.664783;;
https://www.firmy.cz/detail/2646721-hospudka-na-kopecku-byst-hodesovice.html;4.7;21;15.920969;50.147958;;
https://www.firmy.cz/detail/13698701-bar-campanula-olomouc-hodolany.html;5;2;17.276521;49.593659;;
https://www.firmy.cz/detail/13543294-hospoda-na-delnaku-moravske-malkovice.html;4.9;25;17.090220;49.259462;;
https://www.firmy.cz/detail/13112180-hostinec-na-radnici-uhercice.html;4.7;4;16.655266;48.968172;;
https://www.firmy.cz/detail/13259768-pivni-minibar-novy-bor.html;5;3;14.554091;50.756281;;
https://www.firmy.cz/detail/13343295-hospoda-sedmpany-trhovy-stepanov-sedmpany.html;5;1;15.066809;49.698799;;
https://www.firmy.cz/detail/12967662-pivni-lokal-u-bomby-brno-kralovo-pole.html;4.4;10;16.593181;49.223508;;
https://www.firmy.cz/detail/13686641-hospoda-u-zelene-sedmy-vysocina-rvacov.html;5;3;15.853681;49.769646;;
https://www.firmy.cz/detail/13774976-u-svateho-huberta-hlinsko.html;4.6;32;15.905794;49.762577;;
https://www.firmy.cz/detail/13774520-hospudka-u-kocura-zeranovice.html;4.9;11;17.610933;49.287422;;
https://www.firmy.cz/detail/13204969-vycep-u-rarasku-praha-nove-mesto.html;4.9;19;14.417799;50.081531;;
https://www.firmy.cz/detail/13123576-restaurace-nachod-96-nachod-lipi.html;2.8;2;16.170094;50.398853;;
https://www.firmy.cz/detail/12842754-hospoda-u-hrnecku-kostelni-radoun.html;5;2;15.010043;49.224230;;
https://www.firmy.cz/detail/13516841-hospoda-na-hristi-mnisek-pod-brdy.html;4.9;51;14.264751;49.870557;;
https://www.firmy.cz/detail/13109697-hostinec-kozovska-19-velke-pritocno.html;4.7;34;14.126404;50.117095;;
https://www.firmy.cz/detail/337944-hospudka-u-zeleneho-stromu-pardubice-zelene-predmesti.html;4.4;11;15.771613;50.020342;;
https://www.firmy.cz/detail/13118932-pivnice-na-hristi-nedachlebice.html;5;2;17.590765;49.102232;;
https://www.firmy.cz/detail/2593315-pivnice-lesni-zatisi-usti-nad-labem-nestemice.html;5;26;14.095273;50.680382;;
https://www.firmy.cz/detail/13219341-pivnicka-u-trati-bakov-nad-jizerou-mala-bela.html;4.9;23;14.922927;50.486677;;
https://www.firmy.cz/detail/13279792-klub-sportovcu-radosov-radosov.html;5;1;15.786581;49.334500;;
https://www.firmy.cz/detail/706283-hospudka-pod-kastanem-zitenice-skalice.html;5;4;14.136589;50.564281;;
https://www.firmy.cz/detail/13134760-klubovna-u-bohuslava-sumvald-brevenec.html;5;38;17.155358;49.857109;;
https://www.firmy.cz/detail/13346607-hospudka-alcatraz-troubky.html;5;1;17.347277;49.425383;;
https://www.firmy.cz/detail/13241420-hostinec-u-herminy-paseky-nad-jizerou.html;3.8;13;15.390161;50.727521;;
https://www.firmy.cz/detail/13204969-vycep-u-rarasku-praha-nove-mesto.html;None;None;14.417799;50.081531;;
https://www.firmy.cz/detail/2544599-hospoda-1867-bratrejov.html;4.9;15;17.887819;49.220328;;
https://www.firmy.cz/detail/13482603-hospoda-na-hristi-vresina.html;4.8;3;18.121131;49.830182;;
https://www.firmy.cz/detail/13156223-u-kajmana-praha-chodov.html;3.8;8;14.516612;50.023384;;
https://www.firmy.cz/detail/13110409-tankovna-u-pajdu-belkovice-lastany.html;4.2;3;17.316467;49.668916;;
https://www.firmy.cz/detail/13639955-hospoda-pod-lipou-orlova-lutyne.html;4.7;3;18.441904;49.878953;;
https://www.firmy.cz/detail/13776296-pivnice-na-spici-prerov-i-mesto.html;4.8;9;17.449476;49.446940;;
https://www.firmy.cz/detail/13362965-hospoda-vceli-ul-noviny-pod-ralskem.html;4.9;3;14.762751;50.688825;;
https://www.firmy.cz/detail/13349789-hospudka-na-hristi-broumy.html;5;12;13.853752;49.953908;;
https://www.firmy.cz/detail/13820591-hospudka-u-trnky-podevousy.html;4.7;46;13.130342;49.528019;;
https://www.firmy.cz/detail/332312-restaurace-na-terase-decin-xxvii-breziny.html;None;None;14.243662;50.762822;;
https://www.firmy.cz/detail/12948543-pivnice-u-edisona-ostrava-hrabuvka.html;3.3;4;18.270699;49.791268;;
https://www.firmy.cz/detail/13108824-hospoda-na-spici-drevenice.html;4.5;57;15.462173;50.444136;;
https://www.firmy.cz/detail/13857821-hostinec-lovecky-zamecek-olesnice-v-orlickych-horach.html;2.7;21;16.309754;50.373257;;
https://www.firmy.cz/detail/13631102-hz-klub-sec.html;5;14;16.296029;50.025574;;
https://www.firmy.cz/detail/13730509-hostinec-u-bindru-brno-chrlice.html;4.3;2;16.654659;49.134147;;
https://www.firmy.cz/detail/611560-pohostinstvi-u-potapece-kysice.html;4.7;34;14.107447;50.091224;;
https://www.firmy.cz/detail/13804686-hostinec-u-kostela-poricany.html;4.2;48;14.918334;50.104829;;
https://www.firmy.cz/detail/12900289-obecni-hospoda-chlum-chlum.html;5;1;13.477634;49.606055;;
https://www.firmy.cz/detail/13116057-hostinec-v-doubrave-nyrany-doubrava.html;1;1;13.187933;49.745996;;
https://www.firmy.cz/detail/13273406-hospoda-u-sebestu-studena.html;4.8;5;15.286407;49.185453;;
https://www.firmy.cz/detail/13134619-hostinec-svobody-106-cheb.html;5;7;12.373265;50.075809;;
https://www.firmy.cz/detail/13111612-hospudka-u-rybare-usti-nad-labem-krasne-brezno.html;5;2;14.084094;50.667611;;
https://www.firmy.cz/detail/2116286-hostinec-u-polenu-rabi-cepice.html;4.5;1;13.594481;49.268172;;
https://www.firmy.cz/detail/1983739-hostinec-u-malinaku-ujezd.html;5;1;17.906162;49.169062;;
https://www.firmy.cz/detail/13665326-popovska-pivnice-stitna-nad-vlari-popov-popov.html;None;None;17.970501;49.082242;;
https://www.firmy.cz/detail/13098427-pivni-skola-krchleby-krchleby.html;4.9;42;16.833954;49.820729;;
https://www.firmy.cz/detail/13857821-hostinec-lovecky-zamecek-olesnice-v-orlickych-horach.html;2.7;21;16.309754;50.373257;;
https://www.firmy.cz/detail/13631102-hz-klub-sec.html;5;14;16.296029;50.025574;;
https://www.firmy.cz/detail/13730509-hostinec-u-bindru-brno-chrlice.html;None;None;16.654659;49.134147;;
https://www.firmy.cz/detail/2561699-hudebni-hospudka-u-arnosta-frydek-mistek.html;4.5;23;18.352521;49.682836;;
https://www.firmy.cz/detail/13115075-hospudka-u-krtka-jirkov.html;3.8;5;13.442131;50.500723;;
https://www.firmy.cz/detail/13112937-hospoda-katov-katov.html;4.9;203;16.277895;49.332609;;
https://www.firmy.cz/detail/13110465-ruzena-andrsova-hospoda-makov.html;None;None;16.192557;49.855530;;
https://www.firmy.cz/detail/13467851-hospoda-na-rybniku-v-podlesi-valasske-mezirici-podlesi.html;None;None;17.973716;49.456171;;
https://www.firmy.cz/detail/13015003-u-motorkare-uholicky.html;4.7;2;14.334260;50.161911;;
https://www.firmy.cz/detail/2386777-hospudka-u-petra-hnevkovice-zahaji.html;4.7;63;15.208992;49.692362;;
https://www.firmy.cz/detail/13123450-restaurace-nevratice-93-nevratice.html;4.5;1;15.495709;50.348031;;
https://www.firmy.cz/detail/13832393-na-ruzku-kostelni-lhota.html;3.5;1;15.029442;50.129317;;
https://www.firmy.cz/detail/13912135-hostinec-therese-petrovice.html;5;26;13.979438;50.787236;;
https://www.firmy.cz/detail/13372827-hasicska-hospoda-radcice-radcice.html;4.8;25;15.278930;50.672157;;
https://www.firmy.cz/detail/12834877-kunraticka-hospudka-kunratice-u-cvikova.html;4.6;18;14.678428;50.768793;;
https://www.firmy.cz/detail/13117610-cafe-bar-gross-opava-predmesti.html;5;2;17.895598;49.938743;;
https://www.firmy.cz/detail/13140113-osvezovna-studena-olsany.html;4.1;9;15.255335;49.135578;;
https://www.firmy.cz/detail/13658606-hospudka-u-zlatokopa-kytlice-dolni-falknov.html;4.7;15;14.531611;50.815914;;
https://www.firmy.cz/detail/13623920-hospudka-penzion-pod-zamkem-chotebuz.html;3.4;3;18.570462;49.768312;;
https://www.firmy.cz/detail/13000885-pivnice-u-colka-brno-zabovresky.html;4.2;15;16.586933;49.210770;;
https://www.firmy.cz/detail/2590174-pristaviste-u-surfare-olomouc.html;4.6;7;17.255692;49.616618;;
https://www.firmy.cz/detail/13676912-hospudka-u-posty-smilovice.html;5;1;18.571670;49.661176;;
https://www.firmy.cz/detail/13108646-hospoda-u-kokavcu-uherske-hradiste.html;None;None;17.452436;49.071792;;
https://www.firmy.cz/detail/13108448-hostinec-trnove-pole-31-trnove-pole.html;5;18;16.409830;48.946237;;
https://www.firmy.cz/detail/13839626-no-name-bar-pub-kutna-hora-vnitrni-mesto.html;None;None;15.265459;49.948549;;
https://www.firmy.cz/detail/13117612-krymlovska-hospoda-oleska-krymlov.html;4.7;69;14.927551;49.957893;;
https://www.firmy.cz/detail/13117610-cafe-bar-gross-opava-predmesti.html;5;2;17.895598;49.938743;;
https://www.firmy.cz/detail/13120905-hospoda-budejovicka-11-veseli-nad-luznici-i.html;2.6;4;14.698660;49.185181;;
https://www.firmy.cz/detail/12988691-restaurant-smolik-praha-ujezd-nad-lesy.html;4.1;19;14.664767;50.086661;;
https://www.firmy.cz/detail/13894231-hospudka-u-kastanu-jencice.html;4.7;113;14.003964;50.482929;;
https://www.firmy.cz/detail/13485976-pivnice-sokolovna-litomerice-pokratice.html;4.7;2;14.125000;50.546523;;
https://www.firmy.cz/detail/13585773-hostinec-slatina-slatina.html;None;None;16.607382;49.628198;;
https://www.firmy.cz/detail/13110027-hostinec-mozdenice-vysocina-mozdenice.html;4.9;33;15.795100;49.764583;;
https://www.firmy.cz/detail/12979237-hospoda-u-mulleru-starovice.html;4.2;2;16.707889;48.952095;;
https://www.firmy.cz/detail/13142531-hospudka-edik-vysoka-nad-labem.html;5;3;15.825132;50.153702;;
https://www.firmy.cz/detail/12919719-hospoda-jarov-praha-zizkov.html;3.8;6;14.497189;50.091704;;
https://www.firmy.cz/detail/13178563-roubenka-louny.html;5;6;13.788613;50.362745;;
https://www.firmy.cz/detail/13503987-obecni-hospoda-lodin-lodin.html;1;1;15.610696;50.270887;;
https://www.firmy.cz/detail/13116522-hostinec-na-rychte-kruh.html;5;4;15.480299;50.565432;;
https://www.firmy.cz/detail/13135432-hospudka-na-palenici-rozstani.html;None;None;16.722574;49.734124;;
https://www.firmy.cz/detail/13372495-hospudka-na-vysinach-praha-vrsovice.html;5;3;14.460367;50.071625;;
https://www.firmy.cz/detail/13109653-pohostinstvi-na-statku-kruh.html;5;2;15.481518;50.564205;;
https://www.firmy.cz/detail/13372029-bernard-pub-zlin-zlin.html;None;None;17.661103;49.224326;;
https://www.firmy.cz/detail/13245901-gorila-bar-praha-smichov.html;None;None;14.394085;50.073692;;
https://www.firmy.cz/detail/13114921-bistro-fontana-uherske-hradiste.html;None;None;17.475768;49.068774;;
https://www.firmy.cz/detail/13141359-hospoda-na-fotbalovem-hristi-hlizov.html;None;None;15.290463;49.985362;;
https://www.firmy.cz/detail/13016478-hostinec-pod-jasanem-smrcna.html;5;7;15.537473;49.470985;;
https://www.firmy.cz/detail/13116695-hospoda-u-zakladni-skoly-krizanovice.html;1.8;2;16.939131;49.142237;;
https://www.firmy.cz/detail/13363234-cafe-bar-kolibka-praha-nove-mesto.html;4.5;2;14.423079;50.077997;;
https://www.firmy.cz/detail/13118132-pohostinstvi-u-anezky-dobrinsko.html;5;18;16.261453;49.051776;;
https://www.firmy.cz/detail/13353372-kozlovna-na-baronce-humpolec.html;4.1;9;15.354647;49.539026;;
https://www.firmy.cz/detail/13108354-u-marku-vsetin.html;4.5;2;17.997629;49.337180;;
https://www.firmy.cz/detail/13130707-fotbal-club-stochov.html;4.7;34;13.950498;50.147264;;
https://www.firmy.cz/detail/13120538-hostinec-u-konicka-vojkovice.html;4.6;133;18.476714;49.674830;;
https://www.firmy.cz/detail/13505568-hospudka-gansberg-cotkytle.html;4.7;63;16.728970;49.928122;;
https://www.firmy.cz/detail/13136268-hostinec-u-toma-trnava.html;4.8;46;15.925926;49.255208;;
https://www.firmy.cz/detail/13850543-orli-hnizdo-kunice-kunice-vidovice.html;4.7;69;14.669403;49.929584;;
https://www.firmy.cz/detail/13121172-hospoda-merin-merin.html;1.8;3;15.882794;49.393862;;
https://www.firmy.cz/detail/13115516-zdirecka-hospoda-zdirec.html;4.7;19;13.573433;49.549546;;
https://www.firmy.cz/detail/13081104-hostinec-u-hasku-rokytnice-nad-jizerou-frantiskov.html;4.5;45;15.475919;50.712769;;
https://www.firmy.cz/detail/13141150-statek-u-oubrechtu-pohori.html;4.3;9;16.104146;50.293580;;
https://www.firmy.cz/detail/13117428-pivnice-u-zaby-olomouc-hodolany.html;3.8;4;17.276083;49.594505;;
https://www.firmy.cz/detail/13137114-club-sauna-plana-nad-luznici.html;None;None;14.705590;49.347620;;
https://www.firmy.cz/detail/13118132-pohostinstvi-u-anezky-dobrinsko.html;5;18;16.261453;49.051776;;
https://www.firmy.cz/detail/13353372-kozlovna-na-baronce-humpolec.html;4.1;9;15.354647;49.539026;;
https://www.firmy.cz/detail/13108354-u-marku-vsetin.html;4.5;2;17.997629;49.337180;;
https://www.firmy.cz/detail/13130707-fotbal-club-stochov.html;4.7;34;13.950498;50.147264;;
https://www.firmy.cz/detail/13121576-pohostinstvi-pod-vinici-bile-policany.html;5;4;15.734443;50.389972;;
https://www.firmy.cz/detail/13659659-restaurace-u-buchlovskeho-zamku-buchlovice.html;4.7;54;17.334514;49.084480;;
https://www.firmy.cz/detail/13203833-hostinec-modra-hvezda-litovel.html;4.6;9;17.073431;49.706639;;
https://www.firmy.cz/detail/13136785-hospoda-na-hristi-valasske-mezirici-jurinka.html;4.2;3;17.949885;49.481917;;
https://www.firmy.cz/detail/13003545-hostinec-u-velicku-malenovice.html;4.7;115;18.415539;49.563916;;
https://www.firmy.cz/detail/12891175-hostinec-kocanda-smrzice.html;4.7;53;17.103039;49.507648;;
https://www.firmy.cz/detail/13117645-sportak-u-blazeny-chomutov.html;3.1;2;13.417509;50.462668;;
https://www.firmy.cz/detail/13123880-vyletni-hostinec-u-srnecka-dolni-vestonice.html;4.1;103;16.644225;48.888092;;
https://www.firmy.cz/detail/13321610-hospudka-u-hafana-reka.html;None;None;18.570764;49.642422;;
https://www.firmy.cz/detail/13111380-hospoda-kocelovice-kocelovice.html;4.8;19;13.825707;49.464365;;
https://www.firmy.cz/detail/13139804-restaurace-smolne-pece-143-smolne-pece.html;4.7;2;12.767804;50.290965;;
https://www.firmy.cz/detail/12993898-radikovany-hostinec-u-roubalu-horni-porici-dolni-porici.html;5;6;13.793871;49.285262;;
https://www.firmy.cz/detail/2592008-hynek-brydlak-hodonin.html;None;None;17.116251;48.859920;;
https://www.firmy.cz/detail/13123896-restaurace-u-pomnenky-44-rapotin.html;4.7;9;17.008253;49.978022;;
https://www.firmy.cz/detail/13138959-hostinec-pod-kastanem-u-koubu-rumburk-3-dolni-krecany.html;4.8;2;14.528686;50.960393;;
https://www.firmy.cz/detail/2119066-stara-hospoda-galerie-brno-novy-liskovec.html;4.9;30;16.562713;49.183976;;
https://www.firmy.cz/detail/13503309-pohostinstvi-u-svetliku-suchov.html;4.7;97;17.576975;48.884722;;
https://www.firmy.cz/detail/12915228-hostinec-na-podhradi-dolni-dobrouc-lansperk.html;3.8;11;16.455651;49.995068;;
https://www.firmy.cz/detail/13350348-hostinec-radegast-nezamyslice.html;4.8;3;17.173226;49.325767;;
https://www.firmy.cz/detail/13483331-dolni-krcma-hrusky.html;4.9;10;16.980119;48.788390;;
https://www.firmy.cz/detail/13116188-hostinec-u-hynka-znojmo-naceratice.html;None;None;16.110323;48.818767;;
https://www.firmy.cz/detail/13586450-pavlovska-hospudka-pavlov.html;4.9;42;16.878962;49.742752;;
https://www.firmy.cz/detail/13257759-hospoda-bilence-bilence.html;4.9;20;13.504923;50.423443;;
https://www.firmy.cz/detail/13110279-hostinec-na-dolni-praslavice.html;4.6;3;17.382027;49.586112;;
https://www.firmy.cz/detail/13756477-hospoda-u-zida-a-hospudka-na-hristi-novy-svet-olomouc-novy-svet.html;3;3;17.275053;49.580453;;
https://www.firmy.cz/detail/13115338-hostinec-u-janku-blesno.html;4.9;10;15.930470;50.213895;;
https://www.firmy.cz/detail/13631354-hostinec-na-stare-poste-kamenny-privoz.html;3.5;11;14.503591;49.861001;;
https://www.firmy.cz/detail/13153387-tocna-34-hlucin.html;4.4;10;18.193346;49.889981;;
https://www.firmy.cz/detail/13832657-hospoda-u-potoka-sobulky.html;5;1;17.079343;49.019641;;
https://www.firmy.cz/detail/479233-pivnice-na-kopecku-jirkov.html;4.2;4;13.430899;50.500375;;
https://www.firmy.cz/detail/13122203-hostinec-jan-farek-vrazne-emauzy.html;4.9;26;17.834591;49.637418;;
https://www.firmy.cz/detail/2463357-hostinec-u-honzy-krepenice.html;4.5;1;14.346793;49.702148;;
https://www.firmy.cz/detail/13111585-cejovska-hospudka-cejov.html;4.6;195;15.377906;49.562588;;
https://www.firmy.cz/detail/13657874-hostinec-u-sokolovny-lety.html;None;None;14.253127;49.919008;;
https://www.firmy.cz/detail/13528930-hospoda-u-dedka-sulejovice.html;4.3;6;14.037673;50.499740;;
https://www.firmy.cz/detail/2450871-pivnice-satanka-praha-kobylisy.html;3.8;9;14.475632;50.128082;;
https://www.firmy.cz/detail/13257759-hospoda-bilence-bilence.html;4.9;20;13.504923;50.423443;;
https://www.firmy.cz/detail/13110279-hostinec-na-dolni-praslavice.html;4.6;3;17.382027;49.586112;;
https://www.firmy.cz/detail/13756477-hospoda-u-zida-a-hospudka-na-hristi-novy-svet-olomouc-novy-svet.html;3;3;17.275053;49.580453;;
https://www.firmy.cz/detail/13115338-hostinec-u-janku-blesno.html;4.9;10;15.930470;50.213895;;
https://www.firmy.cz/detail/13631354-hostinec-na-stare-poste-kamenny-privoz.html;3.5;11;14.503591;49.861001;;
https://www.firmy.cz/detail/13153387-tocna-34-hlucin.html;4.4;10;18.193346;49.889981;;
https://www.firmy.cz/detail/13832657-hospoda-u-potoka-sobulky.html;5;1;17.079343;49.019641;;
https://www.firmy.cz/detail/13111020-hospoda-u-klimesu-brno-bystrc.html;4.2;15;16.535034;49.220990;;
https://www.firmy.cz/detail/13849460-hruskovna-kutna-hora-zizkov.html;5;3;15.262406;49.952483;;
https://www.firmy.cz/detail/13115421-hostinec-u-anicky-osiky.html;4.9;203;16.421192;49.456796;;
https://www.firmy.cz/detail/13008030-zamilec-brno-reckovice.html;4.5;61;16.591153;49.242708;;
https://www.firmy.cz/detail/13114019-hospoda-pod-rybnikem-jihlava-kosov.html;5;3;15.635444;49.387269;;
https://www.firmy.cz/detail/13185438-crazy-club-pracka-trinec.html;3.3;2;18.674784;49.666265;;
https://www.firmy.cz/detail/13866941-hospudka-na-hristi-ostrozska-lhota.html;4.5;19;17.478047;48.979367;;
https://www.firmy.cz/detail/13229002-vycep-fialka-praha-liben.html;1;1;14.487772;50.106288;;
https://www.firmy.cz/detail/13123238-restaurace-na-kopci-blansko-klepacov.html;4.9;31;16.661693;49.342697;;
https://www.firmy.cz/detail/567762-restaurace-na-hristi-brandys-nad-labem-stara-boleslav-brandys-nad-labem.html;5;3;14.652978;50.190555;;
https://www.firmy.cz/detail/13485482-kozlovska-hospoda-strelske-hostice-kozlov.html;2.9;19;13.748720;49.298309;;
https://www.firmy.cz/detail/288796-pivnice-hajek-a-hajkova-dobrany.html;4.6;4;13.296150;49.655827;;
https://www.firmy.cz/detail/13110200-hostinstvi-farinka-adamov.html;5;4;16.662072;49.299666;;
https://www.firmy.cz/detail/13134325-dolni-hostinec-rymice.html;3.8;3;17.526124;49.341793;;
https://www.firmy.cz/detail/13464116-hospoda-na-hristi-mimon-iv.html;4.5;1;14.729318;50.665606;;
https://www.firmy.cz/detail/13662728-seleticka-hospoda-seletice.html;4.9;41;15.093804;50.323276;;
https://www.firmy.cz/detail/13118043-hospudka-na-hristi-castkov-marsovy-chody.html;5;3;12.646710;49.753270;;
https://www.firmy.cz/detail/13266652-restaurace-kulturni-dum-lichnov.html;5;1;17.627424;50.008163;;
https://www.firmy.cz/detail/13115507-hospoda-jamajka-pteni.html;4.8;5;16.961709;49.511797;;
https://www.firmy.cz/detail/13120282-klubovna-na-hristi-bezno.html;5;1;14.792314;50.370833;;
https://www.firmy.cz/detail/13133904-kulturni-dum-kostice.html;4.9;18;13.945296;50.402970;;
https://www.firmy.cz/detail/13835945-hospudka-ve-lhote-pod-kosirem-drahanovice-lhota-pod-kosirem.html;5;38;17.048692;49.565183;;
https://www.firmy.cz/detail/13730223-hospudka-u-lidusky-krupka-vrchoslav.html;5;13;13.855985;50.680634;;
https://www.firmy.cz/detail/567762-restaurace-na-hristi-brandys-nad-labem-stara-boleslav-brandys-nad-labem.html;5;3;14.652978;50.190555;;
https://www.firmy.cz/detail/13485482-kozlovska-hospoda-strelske-hostice-kozlov.html;2.9;19;13.748720;49.298309;;
https://www.firmy.cz/detail/288796-pivnice-hajek-a-hajkova-dobrany.html;4.6;4;13.296150;49.655827;;
https://www.firmy.cz/detail/13110200-hostinstvi-farinka-adamov.html;5;4;16.662072;49.299666;;
https://www.firmy.cz/detail/13543324-valecska-hospoda-valec.html;4.7;2;13.254735;50.174053;;
https://www.firmy.cz/detail/13117295-zdenka-stecova-mourinov.html;5;1;16.976136;49.123479;;
https://www.firmy.cz/detail/2023365-hospoda-na-skale-kostelec-nad-orlici.html;3.3;3;16.198553;50.117948;;
https://www.firmy.cz/detail/13182991-hostinec-kocin-kocin.html;2.8;2;13.473813;49.930775;;
https://www.firmy.cz/detail/13200476-branicka-formanka-praha-nove-mesto.html;4.7;27;14.423890;50.080236;;
https://www.firmy.cz/detail/13299489-bistro-start-brno-lesna.html;4;4;16.622380;49.230581;;
https://www.firmy.cz/detail/13325305-pohostinstvi-u-borove-sisky-chocen.html;4;12;16.215425;49.996772;;
https://www.firmy.cz/detail/13616300-ladna-hospudka-ladna.html;4.8;13;16.868360;48.804003;;
https://www.firmy.cz/detail/13119240-hostinec-u-kuceru-pardubice-bile-predmesti.html;4.9;None;15.813563;50.052509;;
https://www.firmy.cz/detail/13119852-hostinec-u-kaplicky-miroslav-kasenec.html;5;18;16.329811;48.919032;;
https://www.firmy.cz/detail/13131656-hospudka-a-penzion-javorina-kneipelbach-knafak-dolni-zandov-podlesi.html;5;2;12.570452;50.052292;;
https://www.firmy.cz/detail/13140335-hospoda-malesov-malesov.html;1;1;15.227864;49.905853;;
https://www.firmy.cz/detail/13466807-hospudka-na-zaprazi-praha-kobylisy.html;3.5;9;14.445385;50.130268;;
https://www.firmy.cz/detail/13501482-hospoda-na-vinicich-vysoke-myto-chocenske-predmesti.html;5;14;16.189274;49.959251;;
https://www.firmy.cz/detail/13267197-krasenska-studanka-krasna.html;4.6;10;18.479507;49.581015;;
https://www.firmy.cz/detail/13849232-klubovna-sk-na-hristi-vcelna.html;4.7;148;14.457571;48.918261;;
https://www.firmy.cz/detail/12944562-western-hospudka-u-mirka-dolni-lutyne.html;4.8;2;18.431805;49.899973;;
https://www.firmy.cz/detail/13517063-skocicka-hospoda-skocice.html;5;1;14.104943;49.185842;;
https://www.firmy.cz/detail/13117873-marek-guldan-ceska-briza.html;4.8;2;13.429721;49.826293;;
https://www.firmy.cz/detail/13880062-hospoda-u-bulhara-zemetice.html;4.9;15;13.188401;49.579104;;
https://www.firmy.cz/detail/13496714-hostinec-vlara-brumov-bylnice-sidonie.html;4.3;15;18.054263;49.032253;;
https://www.firmy.cz/detail/13119537-hostinec-u-huberta-vezky.html;5;1;17.280052;49.286448;;
https://www.firmy.cz/detail/12943723-podbrdska-hospoda-bratkovice-dominikalni-paseky.html;4.7;11;13.994376;49.752282;;
https://www.firmy.cz/detail/13115519-pohostinstvi-u-hajku-stity.html;4.9;3;16.768972;49.960651;;
https://www.firmy.cz/detail/13503339-hostinec-u-tri-capu-milikov.html;1;1;12.547694;50.056249;;
https://www.firmy.cz/detail/13723935-hostinec-na-fare-vrcen.html;4.9;15;13.619303;49.507038;;
https://www.firmy.cz/detail/13300305-klubovna-u-hriste-zelezna-ruda.html;4.8;27;13.227799;49.135447;;
https://www.firmy.cz/detail/13110762-hospudka-pod-lipou-brezi-nad-oslavou.html;4.4;107;15.935654;49.502462;;
https://www.firmy.cz/detail/13011681-hostinec-u-cafourku-jenstejn.html;4.8;11;14.611934;50.152713;;
https://www.firmy.cz/detail/13115538-hospudka-u-dady-bohumin-novy-bohumin.html;5;2;18.362543;49.909067;;
https://www.firmy.cz/detail/13110447-pohostinstvi-na-pivovarce-loucka.html;5;1;17.835439;49.437649;;
https://www.firmy.cz/detail/13133768-hospoda-na-hristi-kamenne-zehrovice.html;4.5;4;14.027387;50.127664;;
https://www.firmy.cz/detail/2248022-hospudka-u-milana-samotisky.html;3;1;17.337606;49.631741;;
https://www.firmy.cz/detail/13150686-sh-cms-sbor-dobrovolnych-hasicu-lichovy-dublovice-lichovy.html;4.9;28;14.318371;49.676601;;
https://www.firmy.cz/detail/13109103-hostinec-novy-svet-slatina-novy-svet.html;4.6;19;17.996475;49.791182;;
https://www.firmy.cz/detail/13141183-hospoda-pod-vezi-jihlava.html;3.5;3;15.586871;49.395312;;
https://www.firmy.cz/detail/13135637-na-strozuvkach-cesky-tesin-dolni-zukov.html;5;6;18.602373;49.735651;;
https://www.firmy.cz/detail/13427270-restaurace-na-skalce-usti-nad-labem-mojzir.html;5;26;14.102910;50.679932;;
https://www.firmy.cz/detail/13140086-restaurace-postoloprtska-180-stankovice.html;4.9;18;13.574556;50.351882;;
https://www.firmy.cz/detail/12993042-posezeni-u-trabanta-brno-dolni-herspice.html;4.4;11;16.627434;49.151598;;
https://www.firmy.cz/detail/13120588-nase-hospoda-horice.html;4.5;4;15.629455;50.368307;;
https://www.firmy.cz/detail/13111026-studanka-hospudka-palonin-palonin.html;2.9;2;16.953717;49.727485;;
https://www.firmy.cz/detail/13810712-statek-slizany-hospudka-morkovice-slizany-slizany.html;4.6;4;17.223975;49.243340;;
https://www.firmy.cz/detail/13761497-crazy-chefs-restaurace-blazovice.html;4.9;26;16.786206;49.165873;;
https://www.firmy.cz/detail/13483340-hospudka-na-kovarne-velhartice.html;4.3;78;13.391536;49.265489;;
https://www.firmy.cz/detail/13676921-hospoda-u-komorousu-zdemyslice.html;4.9;15;13.521848;49.606741;;
https://www.firmy.cz/detail/12909561-hospoda-bernard-frydek-mistek.html;4.6;3;18.355750;49.681095;;
https://www.firmy.cz/detail/13643819-hospoda-pod-lipou-prehysov.html;4.7;135;13.122830;49.703569;;
https://www.firmy.cz/detail/12849003-hostinec-pod-cisarem-tisa.html;4.1;66;14.046416;50.802802;;
https://www.firmy.cz/detail/13141183-hospoda-pod-vezi-jihlava.html;3.5;3;15.586871;49.395312;;
https://www.firmy.cz/detail/13135637-na-strozuvkach-cesky-tesin-dolni-zukov.html;5;6;18.602373;49.735651;;
https://www.firmy.cz/detail/13427270-restaurace-na-skalce-usti-nad-labem-mojzir.html;5;26;14.102910;50.679932;;
https://www.firmy.cz/detail/13147127-hospoda-u-trebuvky-moravicany.html;4.9;5;16.963532;49.755685;;
https://www.firmy.cz/detail/13102465-hostinec-pod-kastanem-upohlavy.html;5;3;14.034549;50.462337;;
https://www.firmy.cz/detail/13119815-restaurace-sklenik-kamenicky-senov.html;3.5;1;14.468789;50.787532;;
https://www.firmy.cz/detail/13258112-klubovna-plecharna-havirov-mesto.html;4.7;8;18.428830;49.777870;;
https://www.firmy.cz/detail/13202401-na-skale-caslav-nove-mesto.html;5;3;15.401615;49.902837;;
https://www.firmy.cz/detail/13116969-hospoda-u-hriste-kout-na-sumave.html;4.3;2;13.002578;49.400341;;
https://www.firmy.cz/detail/13113777-pohostinstvi-lazany-lazany.html;4.8;19;13.882827;49.362981;;
https://www.firmy.cz/detail/13266934-pivnice-na-kovarne-miretice-dubova.html;4.9;4;15.894219;49.842463;;
https://www.firmy.cz/detail/13064552-pavlovska-hospudka-pavlov.html;5;2;15.915950;49.450824;;
https://www.firmy.cz/detail/13501221-hospudka-na-hristi-albrechtice-nad-orlici.html;4;10;16.052138;50.141425;;
https://www.firmy.cz/detail/13664378-hospudka-na-hristi-hrebec.html;4.3;5;14.163736;50.132933;;
https://www.firmy.cz/detail/13272796-hospudka-na-navsi-kbel.html;None;None;13.367351;49.494340;;
https://www.firmy.cz/detail/12735357-pivnice-u-seckych-kladno-krocehlavy.html;4.8;5;14.119448;50.144986;;
https://www.firmy.cz/detail/13352006-ambassade-rum-bar-brno-veveri.html;3.7;3;16.601795;49.200081;;
https://www.firmy.cz/detail/571771-hospoda-u-conku-kosmonosy.html;3;5;14.925818;50.442293;;
https://www.firmy.cz/detail/13125925-hospudka-u-andela-olesnice-v-orlickych-horach.html;4.2;29;16.310283;50.373005;;
https://www.firmy.cz/detail/13148517-bs-vision-strmilov.html;5;109;15.205042;49.160081;;
https://www.firmy.cz/detail/13891561-dream-spot-jirkov.html;4.9;20;13.437660;50.505346;;
https://www.firmy.cz/detail/13111126-osma-strazisko.html;1;1;16.929934;49.543293;;
https://www.firmy.cz/detail/13272684-hospoda-koliba-bukovany.html;4.6;11;17.350331;49.608510;;
https://www.firmy.cz/detail/13787096-pivnice-pradelna-plzen-doubravka.html;4.9;21;13.422844;49.757039;;
https://www.firmy.cz/detail/13381786-bar-diana-loket.html;5;1;12.748412;50.192079;;
https://www.firmy.cz/detail/13109417-pohostinstvi-pohoda-milotice.html;4.6;12;17.138004;48.954612;;
https://www.firmy.cz/detail/13108717-pohostinstvi-u-tri-lip-holesov-kolicin.html;4.5;1;17.523374;49.333278;;
https://www.firmy.cz/detail/13450397-husta-hospoda-klecuvka-zlin-klecuvka.html;5;2;17.772193;49.228312;;
https://www.firmy.cz/detail/13352006-ambassade-rum-bar-brno-veveri.html;3.7;3;16.601795;49.200081;;
https://www.firmy.cz/detail/13662278-stary-mlyn-hynkov-prikazy-hynkov.html;None;None;17.174954;49.670819;;
https://www.firmy.cz/detail/2310875-hospoda-u-kreutzeru-drysice.html;3.7;3;17.057669;49.334942;;
https://www.firmy.cz/detail/13115504-hospoda-jitkov-jitkov.html;5;1;15.728165;49.661681;;
https://www.firmy.cz/detail/13114131-pohostinstvi-trnov-trnov.html;4.5;46;16.164190;50.245965;;
https://www.firmy.cz/detail/13111568-pub-u-dvou-pratel-brno-zabovresky.html;4.7;4;16.588185;49.212189;;
https://www.firmy.cz/detail/13110544-hostinec-jaromerice-nad-rokytnou-jaromerice-nad-rokytnou-ratiborice.html;4.8;46;15.907325;49.134327;;
https://www.firmy.cz/detail/13112301-hospudka-u-koudelku-brno-lesna.html;3.2;2;16.627617;49.225195;;
https://www.firmy.cz/detail/13899136-kuzelna-zabreh.html;4.9;42;16.882112;49.882730;;
https://www.firmy.cz/detail/13460882-hospoda-na-hristi-tremosna.html;4;2;13.386835;49.814789;;
https://www.firmy.cz/detail/13403662-vycep-balabenka-praha-liben.html;5;3;14.485727;50.103991;;
https://www.firmy.cz/detail/13806459-muzi-v-ofsajdu-usti-nad-labem-mojzir.html;5;1;14.118356;50.681048;;
https://www.firmy.cz/detail/13178840-hostinec-u-kasparu-ptenin.html;4.9;15;13.187674;49.530591;;
https://www.firmy.cz/detail/12912660-hospoda-u-urbanu-pecin.html;5;4;16.424826;50.153958;;
https://www.firmy.cz/detail/13111666-restaurace-na-kradlove-dubnany.html;3.1;2;17.104025;48.911329;;
https://www.firmy.cz/detail/13371257-obecni-hospoda-chodoun-chodoun.html;4.5;1;13.984717;49.897845;;
https://www.firmy.cz/detail/13669817-hostinec-u-cisare-podmokly.html;5;3;13.701990;49.942023;;
https://www.firmy.cz/detail/13502190-hospudka-u-kosa-brno-bystrc.html;4.9;6;16.518972;49.229441;;
https://www.firmy.cz/detail/13113999-restaurace-u-couku-praha-horni-mecholupy.html;4.3;11;14.559137;50.044162;;
https://www.firmy.cz/detail/13133745-hodpoda-u-polamane-branky-straznice.html;4;3;17.308104;48.897418;;
https://www.firmy.cz/detail/13300648-hospudka-na-koupalisti-sebranice.html;4.2;5;16.241341;49.768308;;
https://www.firmy.cz/detail/13126196-hospoda-na-hristi-tepla.html;5;2;12.866530;49.982898;;
https://www.firmy.cz/detail/13518542-farska-louka-lomnice-nad-luznici.html;4.9;6;14.714186;49.082922;;
https://www.firmy.cz/detail/13887172-obecni-hostinec-jetetice-jetetice.html;4.8;51;14.291970;49.384615;;
https://www.firmy.cz/detail/13127189-hostinec-u-horacku-homole-u-panny.html;4.9;17;14.187106;50.629191;;
https://www.firmy.cz/detail/13109761-hostinec-k-zatisi-170-pusta-polom.html;2.4;3;18.006956;49.851528;;
https://www.firmy.cz/detail/13029064-hospudka-u-ruzenky-tri-sekery.html;5;6;12.616122;49.942435;;
https://www.firmy.cz/detail/13132444-hospudka-u-dvou-pisaru-terlicko-dolni-terlicko.html;4.5;13;18.494981;49.769075;;
https://www.firmy.cz/detail/13111666-restaurace-na-kradlove-dubnany.html;3.1;2;17.104025;48.911329;;
https://www.firmy.cz/detail/13371257-obecni-hospoda-chodoun-chodoun.html;4.5;1;13.984717;49.897845;;
https://www.firmy.cz/detail/13669817-hostinec-u-cisare-podmokly.html;5;3;13.701990;49.942023;;
https://www.firmy.cz/detail/13502190-hospudka-u-kosa-brno-bystrc.html;4.9;6;16.518972;49.229441;;
https://www.firmy.cz/detail/13113999-restaurace-u-couku-praha-horni-mecholupy.html;4.3;None;14.559137;50.044162;;
https://www.firmy.cz/detail/13133745-hodpoda-u-polamane-branky-straznice.html;4;3;17.308104;48.897418;;
https://www.firmy.cz/detail/13300648-hospudka-na-koupalisti-sebranice.html;4.2;5;16.241341;49.768308;;
https://www.firmy.cz/detail/13139014-hospudka-sokolovna-semice.html;3.8;4;14.871215;50.164027;;
https://www.firmy.cz/detail/13321471-zernosecka-rychta-male-zernoseky.html;4.8;3;14.050214;50.531686;;
https://www.firmy.cz/detail/2674577-hospudka-na-hristi-brno-reckovice.html;3.2;2;16.587412;49.247214;;
https://www.firmy.cz/detail/13165521-treti-polocas-zelesice.html;5;6;16.584798;49.117724;;
https://www.firmy.cz/detail/12985370-hostinec-u-dlabace-zahradky.html;4.6;39;14.526816;50.634428;;
https://www.firmy.cz/detail/13117288-u-harryho-blizkov.html;4.9;8;15.911019;49.396346;;
https://www.firmy.cz/detail/12724279-pivnice-u-sneka-znojmo.html;4.5;45;16.048883;48.854793;;
https://www.firmy.cz/detail/13538638-sport-bar-vymenik-dobruska.html;2.5;1;16.165067;50.290447;;
https://www.firmy.cz/detail/13879072-milavecska-hospudka-u-kamila-milavce.html;4.7;46;12.984042;49.465670;;
https://www.firmy.cz/detail/13186456-park-club-q-bystrice.html;5;1;18.726191;49.636007;;
https://www.firmy.cz/detail/13109949-sokol-klub-vsetaty.html;4.9;4;14.593371;50.281977;;
https://www.firmy.cz/detail/13122697-restaurace-bohunov-50-bohunov.html;5;3;16.203336;49.559488;;
https://www.firmy.cz/detail/13627094-hostinec-u-kamenneho-stolu-tis-u-blatna.html;4.7;5;13.345092;50.084653;;
https://www.firmy.cz/detail/13213626-obecni-hospoda-oucmanice.html;5;3;16.278780;49.989089;;
https://www.firmy.cz/detail/12985614-hospudka-womicka-omice.html;5;2;16.451479;49.170147;;
https://www.firmy.cz/detail/13355341-hospudka-na-hristi-zborovice.html;4.7;4;17.277807;49.248746;;
https://www.firmy.cz/detail/13335851-hospoda-baziny-hradek-nad-nisou-loucna.html;5;1;14.824992;50.850868;;
https://www.firmy.cz/detail/12959983-vyletni-hostinec-na-poustevne-chudenice.html;4.6;32;13.162512;49.459940;;
https://www.firmy.cz/detail/13135856-hospudka-u-macka-pardubice-opocinek.html;4.9;3;15.655640;50.037758;;
https://www.firmy.cz/detail/13641683-hospoda-u-dvou-kaceru-liberec-vi-rochlice.html;1.5;1;15.063097;50.753522;;
https://www.firmy.cz/detail/2207626-hostinec-sarovy-70-sarovy.html;4.8;3;17.606966;49.148526;;
https://www.firmy.cz/detail/13146895-sh-cms-sbor-dobrovolnych-hasicu-jesenice-jesenice.html;5;1;14.477661;49.607026;;
https://www.firmy.cz/detail/13011542-hospudka-u-tonicka-panenske-brezany.html;4.5;3;14.435356;50.213933;;
https://www.firmy.cz/detail/12816654-black-cat-irish-pub-koprivnice.html;4.9;26;18.146220;49.599180;;
https://www.firmy.cz/detail/13178786-hospoda-kd-vroutek-vroutek.html;3;1;13.379730;50.180080;;
https://www.firmy.cz/detail/13119483-letni-krcma-lounovice.html;4;2;14.761341;49.979809;;
https://www.firmy.cz/detail/13302790-starobrnenska-hospudka-brno-horni-herspice.html;5;3;16.615211;49.172589;;
https://www.firmy.cz/detail/13114347-hostinec-u-pacienta-okrouhlice-babice.html;5;1;15.474603;49.634623;;
https://www.firmy.cz/detail/13134431-hospudka-u-ruzenky-vimperk-vyskovice.html;4.5;1;13.781693;49.088043;;
https://www.firmy.cz/detail/13111441-private-club-ledce.html;4.3;3;15.080952;50.352521;;
https://www.firmy.cz/detail/12999110-zajezdni-hostinec-bukovy-haj-litvinov-litvinov-chuderin.html;5;2;13.598964;50.601306;;
https://www.firmy.cz/detail/12713288-beertime-jihlava.html;4.9;8;15.588604;49.394716;;
https://www.firmy.cz/detail/13657829-hostinec-v-ofsajdu-lety.html;5;1;14.257079;49.920495;;
https://www.firmy.cz/detail/13137683-jidelna-cercanska-94-porici-nad-sazavou.html;4.8;2;14.675538;49.837617;;
https://www.firmy.cz/detail/13047103-podbrdska-hospoda-tene.html;3.4;10;13.799058;49.751173;;
https://www.firmy.cz/detail/13738965-hospudka-na-statku-letkov.html;4.6;34;13.461332;49.730116;;
https://www.firmy.cz/detail/12743270-hospudka-na-kopci-havirov-bludovice.html;4.5;6;18.465533;49.762609;;
https://www.firmy.cz/detail/13891594-hospudka-u-richtru-horomerice.html;5;1;14.334272;50.137003;;
https://www.firmy.cz/detail/13488056-hospoda-na-podhaji-modrisice.html;5;1;15.125462;50.565147;;
https://www.firmy.cz/detail/13621205-hospudka-u-odry-bernartice-nad-odrou.html;4.9;26;17.941230;49.620860;;
https://www.firmy.cz/detail/13299494-kotelna-k4-trebic-nove-dvory.html;4.8;13;15.880825;49.222075;;
https://www.firmy.cz/detail/13858670-zahrada-cep-cep.html;4.5;17;14.813471;48.918851;;
https://www.firmy.cz/detail/13905598-hospudka-u-bazenku-tabor.html;4.8;42;14.680588;49.390757;;
https://www.firmy.cz/detail/13762727-saloon-brandys-brandys-nad-labem-stara-boleslav-brandys-nad-labem.html;4.7;2;14.663732;50.187221;;
https://www.firmy.cz/detail/13209326-ck-hostinec-zdanice.html;5;1;17.028929;49.064914;;
https://www.firmy.cz/detail/12713288-beertime-jihlava.html;4.9;8;15.588604;49.394716;;
https://www.firmy.cz/detail/13657829-hostinec-v-ofsajdu-lety.html;5;1;14.257079;49.920495;;
https://www.firmy.cz/detail/13119050-hospoda-u-simku-pricovy.html;4.8;3;14.390741;49.671883;;
https://www.firmy.cz/detail/13076504-dum-hasicu-mladkov.html;4.1;5;16.626337;50.096373;;
https://www.firmy.cz/detail/13336587-zapomneni-fantasy-krcma-liberec-i-stare-mesto.html;4.1;5;15.062279;50.770514;;
https://www.firmy.cz/detail/13124889-obcerstveni-koupaliste-kravare.html;4.8;123;14.388558;50.631039;;
https://www.firmy.cz/detail/12975144-country-golf-club-stritez-stritez.html;4.9;6;15.892717;49.191666;;
https://www.firmy.cz/detail/13340127-hospoda-nova-dedina-nova-dedina.html;4.8;3;17.454174;49.211140;;
https://www.firmy.cz/detail/13319329-vyhoukana-sova-olomouc.html;4.6;21;17.262338;49.596607;;
https://www.firmy.cz/detail/13512038-hospoda-u-rybnika-vezky.html;5;1;17.281510;49.283734;;
https://www.firmy.cz/detail/13139455-hospoda-na-hristi-krhanice-krhanice.html;5;7;14.557539;49.852142;;
https://www.firmy.cz/detail/12998778-hospoda-horomerice.html;4.8;150;14.336916;50.137121;;
https://www.firmy.cz/detail/13304971-novy-olymp-valasske-mezirici.html;5;2;17.981482;49.463931;;
https://www.firmy.cz/detail/13189543-obecni-senk-skola-lcovice-lcovice.html;5;10;13.851225;49.116144;;
https://www.firmy.cz/detail/13115780-sokolovna-drevohostice.html;4.9;5;17.591196;49.428265;;
https://www.firmy.cz/detail/336565-pavla-sedlackova-hospoda-velka-bystrice.html;5;2;17.366580;49.596599;;
https://www.firmy.cz/detail/13493672-obcerstveni-u-hasicu-semily-bitouchov.html;3.5;4;15.318882;50.615327;;
https://www.firmy.cz/detail/13112004-hostinec-pod-lipami-vrbicany.html;4.7;113;14.084631;50.463868;;
https://www.firmy.cz/detail/13141476-hospoda-na-konci-sveta-stalky.html;4.9;9;15.684873;48.870565;;
https://www.firmy.cz/detail/13125657-hospudka-u-pepy-rymarov.html;5;2;17.273110;49.931394;;
https://www.firmy.cz/detail/13279882-pivovarsky-senk-odry.html;5;1;17.831314;49.660102;;
https://www.firmy.cz/detail/12918410-hospoda-na-rynku-straznice.html;2.4;7;17.314077;48.901428;;
https://www.firmy.cz/detail/13373489-hostinec-u-havlicka-havlickova-borova.html;4.4;7;15.780989;49.635270;;
https://www.firmy.cz/detail/13501473-hospoda-u-hriste-bezmerov.html;5;3;17.338873;49.328705;;
https://www.firmy.cz/detail/13732965-hostinec-u-cernohlavku-kolin-sendrazice.html;4.2;12;15.218943;50.047940;;
https://www.firmy.cz/detail/13755811-hospoda-v-kopcanech-zelena-hora.html;5;1;17.013314;49.328782;;
https://www.firmy.cz/detail/13737879-pub-u-hrocha-citice.html;4.6;14;12.614763;50.162216;;
https://www.firmy.cz/detail/13121561-hospoda-ve-skole-mnichovice.html;4.5;1;15.039380;49.668543;;
https://www.firmy.cz/detail/13756528-hostinec-na-krizovatce-vejvanovice.html;5;3;15.879946;49.970954;;
https://www.firmy.cz/detail/13135578-u-koupadla-mnichovice.html;4;1;14.703827;49.941240;;
https://www.firmy.cz/detail/13112529-lfp-club-moravska-trebova-predmesti.html;4.8;320;16.659187;49.760016;;
https://www.firmy.cz/detail/13010207-hospoda-u-spartana-belusice.html;4.9;11;13.763277;50.450546;;
https://www.firmy.cz/detail/13125412-jitka-kotalova-as.html;4.9;12;12.207279;50.227506;;
https://www.firmy.cz/detail/13141763-hospudka-u-buta-horni-lhota.html;5;1;18.069022;49.853577;;
https://www.firmy.cz/detail/13178440-hostinec-pod-horici-sobesice.html;5;2;13.684020;49.208253;;
https://www.firmy.cz/detail/13551046-jana-s-bistro-tanvald-sumburk-nad-desnou.html;3.6;8;15.311770;50.742997;;
https://www.firmy.cz/detail/13116361-hostinec-u-vrbu-stasov.html;5;13;13.954007;49.887151;;
https://www.firmy.cz/detail/13108977-pohostinstvi-oudolen-oudolen.html;4;1;15.754809;49.660770;;
https://www.firmy.cz/detail/13673144-pohostinstvi-kamenec-u-policky-kamenec-u-policky.html;4.8;320;16.241964;49.710436;;
https://www.firmy.cz/detail/13120631-hostinec-revolucni-725-luby.html;4;1;12.404036;50.254130;;
https://www.firmy.cz/detail/13919374-restaurace-u-ruzicku-strazisko-maleny.html;4.5;12;16.926483;49.548894;;
https://www.firmy.cz/detail/13109110-salmanovicka-hospoda-jilovice-salmanovice.html;5;2;14.773674;48.884260;;
https://www.firmy.cz/detail/13887058-hospudka-patriot-olomouc.html;5;38;17.266830;49.597320;;
https://www.firmy.cz/detail/2255008-hospoda-u-kastanu-kovarov-predborice.html;5;2;14.272939;49.547353;;
https://www.firmy.cz/detail/13112529-lfp-club-moravska-trebova-predmesti.html;4.8;320;16.659187;49.760016;;
https://www.firmy.cz/detail/12903022-hostinec-u-huberta-subirov.html;4.7;2;16.811916;49.601726;;
https://www.firmy.cz/detail/13230783-holasovicka-hospoda-jankov-holasovice.html;3.8;89;14.272033;48.969974;;
https://www.firmy.cz/detail/13370168-svehluv-dum-karlin.html;4.7;97;16.977903;48.977177;;
https://www.firmy.cz/detail/13117852-hospoda-na-kopecku-jindrichuv-hradec-dolni-radoun.html;5;1;15.004027;49.200093;;
https://www.firmy.cz/detail/13117062-restaurace-sport-prerov-xii-zeravice.html;4.9;9;17.398751;49.491796;;
https://www.firmy.cz/detail/13003609-pihelska-pivnice-novy-bor-pihel.html;4.7;5;14.566025;50.725257;;
https://www.firmy.cz/detail/12741852-hospudka-u-plaze-baska.html;4.7;44;18.382547;49.648424;;
https://www.firmy.cz/detail/13108984-hospoda-v-podzamci-smolotely.html;4.2;5;14.137208;49.621371;;
https://www.firmy.cz/detail/2312620-hospoda-plandry-4-plandry.html;5;15;15.534535;49.421483;;
https://www.firmy.cz/detail/1461378-pivnice-u-kaplicky-kresice-treboutice.html;4.7;113;14.199206;50.526007;;
https://www.firmy.cz/detail/12896935-pohostinstvi-u-divocha-senomaty-nouzov.html;5;1;13.644862;50.108423;;
https://www.firmy.cz/detail/12716695-hospoda-hamburg-usti-nad-labem-centrum.html;4.8;3;14.032428;50.662614;;
https://www.firmy.cz/detail/13009975-restaurace-na-mustku-brno-cerna-pole.html;4.3;6;16.613638;49.201055;;
https://www.firmy.cz/detail/13138468-u-pinkiho-petrovice-u-karvine-zavada.html;4.7;58;18.490643;49.899232;;
https://www.firmy.cz/detail/13124156-hospudka-na-breskaci-jindrichuv-hradec-ii.html;5;1;15.008034;49.164073;;
https://www.firmy.cz/detail/13675583-obecni-hospoda-cicenice.html;5;1;14.230809;49.155142;;
https://www.firmy.cz/detail/13137836-obecni-hospoda-hlavnice.html;5;10;17.728554;49.924543;;
https://www.firmy.cz/detail/12985764-na-zapadaku-horovice.html;3.1;2;13.899493;49.832533;;
https://www.firmy.cz/detail/12979439-hospoda-u-magery-kanovice.html;3.1;3;18.374998;49.739686;;
https://www.firmy.cz/detail/13594309-hostinec-u-olinka-lhotka.html;4.8;8;17.410558;49.498868;;
https://www.firmy.cz/detail/13153350-pivnice-don-brno-stary-liskovec.html;3.6;5;16.555020;49.168317;;
https://www.firmy.cz/detail/13141143-hostinec-tupadly-tupadly.html;5;10;15.406082;49.870004;;
https://www.firmy.cz/detail/13720299-vopka-cesky-tesin.html;5;3;18.601193;49.741083;;
https://www.firmy.cz/detail/12979505-hospoda-na-sypce-kuks.html;4.3;145;15.891275;50.397924;;
https://www.firmy.cz/detail/328473-hospoda-u-brezinu-drevcice.html;4.4;9;14.629650;50.167112;;
https://www.firmy.cz/detail/13117005-hostinec-hlinka-hlinka.html;4.7;40;17.670201;50.279135;;
https://www.firmy.cz/detail/13660646-zubrovna-na-hristi-holesov.html;5;2;17.583882;49.337088;;
https://www.firmy.cz/detail/13151109-jf-group-21-sokolov.html;None;None;12.645194;50.171985;;
https://www.firmy.cz/detail/12909422-pivnice-letiste-usti-nad-labem-severni-terasa.html;4.4;4;14.027771;50.682395;;
https://www.firmy.cz/detail/13528675-hospudka-v-polouvsi-jesenik-nad-odrou-polouvsi.html;4.9;26;17.895216;49.585452;;
https://www.firmy.cz/detail/13542721-hospoda-u-kaplicky-terezin-nove-kopisty.html;3.5;1;14.115376;50.503247;;
https://www.firmy.cz/detail/13503240-hospudka-staj-zaksin-duba-zaksin.html;4.6;21;14.495075;50.521674;;
https://www.firmy.cz/detail/13873136-hostinec-na-veselicku-zdar-nad-sazavou-veselicko.html;5;1;16.003649;49.555793;;
https://www.firmy.cz/detail/13108724-hospoda-depoltovicka-225-otovice.html;4.3;4;12.871950;50.254943;;
https://www.firmy.cz/detail/13365388-olomoucka-citadela-olomouc.html;4.4;16;17.253223;49.592984;;
https://www.firmy.cz/detail/13547368-hostinec-hlavatce-hlavatce.html;4.8;42;14.621132;49.295528;;
https://www.firmy.cz/detail/13783751-u-kastanka-cerna-voda.html;2.7;2;17.155703;50.310346;;
https://www.firmy.cz/detail/13130312-ertepel-s-r-o-trojanovice.html;3.9;4;18.263685;49.488566;;
https://www.firmy.cz/detail/13326224-hospudka-meteor-vratimov.html;4.8;18;18.316106;49.772207;;
https://www.firmy.cz/detail/13849922-hospoda-na-bucku-trtice.html;4.9;6;13.845897;50.173047;;
https://www.firmy.cz/detail/13011052-hospoda-u-borovice-usobi.html;4.7;63;15.497291;49.507017;;
https://www.firmy.cz/detail/13177625-hostinec-milcice-mysliv-milcice.html;5;1;13.604862;49.411603;;
https://www.firmy.cz/detail/12755766-hospoda-na-hristi-doudleby-nad-orlici.html;3.8;6;16.265523;50.105099;;
https://www.firmy.cz/detail/2462777-hospoda-tj-viktorie-bohumin-bohumin-stary-bohumin.html;5;1;18.334449;49.917330;;
https://www.firmy.cz/detail/13328758-gunners-pub-praha-zizkov.html;3.4;3;14.471741;50.089845;;
https://www.firmy.cz/detail/13118160-restaurace-spalene-porici-93-spalene-porici-horehledy.html;4.9;15;13.647328;49.608847;;
https://www.firmy.cz/detail/13134070-restaurace-u-edity-libavske-udoli.html;5;1;12.550701;50.128649;;
https://www.firmy.cz/detail/13011127-hostinec-na-vrsku-sirakov.html;3;1;15.821695;49.503744;;
https://www.firmy.cz/detail/13052274-hospoda-na-koupalisti-jezborice.html;4.7;8;15.690669;49.976675;;
https://www.firmy.cz/detail/13257060-restaurace-barbara-krnov-pod-bezrucovym-vrchem.html;4.7;6;17.701781;50.092460;;
https://www.firmy.cz/detail/13065871-na-tajchu-sindelova.html;3.8;15;12.610086;50.315134;;
https://www.firmy.cz/detail/685265-hospudka-777-usti-nad-labem-severni-terasa.html;1.7;2;14.026378;50.682146;;
https://www.firmy.cz/detail/13747939-hostinec-na-rozcesti-volenice.html;5;1;13.747825;49.253737;;
https://www.firmy.cz/detail/13547320-pivnice-raj-horni-slavkov.html;5;1;12.793135;50.138766;;
https://www.firmy.cz/detail/13117150-hospudka-u-boba-suchohrdly.html;4;6;16.090114;48.867789;;
https://www.firmy.cz/detail/13327617-hospoda-kulecnik-pool-chomutov.html;4.9;20;13.406955;50.470805;;
https://www.firmy.cz/detail/12978738-hospoda-u-tupouna-kutna-hora-vnitrni-mesto.html;4.8;17;15.272779;49.948757;;
https://www.firmy.cz/detail/12896033-hospudka-na-hrade-jistebnice.html;4.4;6;14.528488;49.485774;;
https://www.firmy.cz/detail/12848272-hostinec-sedlacky-dvur-jirice.html;3.6;31;15.316110;49.553725;;
https://www.firmy.cz/detail/13273401-pivni-bar-simi-ceske-budejovice-2.html;4;22;14.453658;48.995099;;
https://www.firmy.cz/detail/13751758-hospoda-u-bancaku-javornik.html;4.7;97;17.527688;48.864238;;
https://www.firmy.cz/detail/13122800-hospoda-na-stare-poste-okrouhlice.html;4.1;27;15.490749;49.629786;;
https://www.firmy.cz/detail/13901545-hostinec-u-lipy-tvorihraz.html;None;None;16.138778;48.919045;;
https://www.firmy.cz/detail/13535215-hospoda-u-wernera-moravska-trebova-predmesti.html;4.8;320;16.660263;49.756623;;
https://www.firmy.cz/detail/13758352-jack-diesel-club-lysa-nad-labem.html;4.7;3;14.832977;50.201188;;
https://www.firmy.cz/detail/13500318-hospoda-hrad-kromeriz.html;4.7;8;17.414401;49.296021;;
https://www.firmy.cz/detail/13747939-hostinec-na-rozcesti-volenice.html;5;1;13.747825;49.253737;;
https://www.firmy.cz/detail/13114086-hospoda-palackeho-11-vimperk-ii.html;5;10;13.779950;49.059924;;
https://www.firmy.cz/detail/13112999-petr-medricky-mnichovice.html;5;2;14.709208;49.935782;;
https://www.firmy.cz/detail/2455236-snack-drahuse-mikolaskova-belcice.html;3;5;13.875800;49.502303;;
https://www.firmy.cz/detail/13136692-hospudka-na-sokolaku-olomouc-nemilany.html;4.6;17;17.250976;49.553515;;
https://www.firmy.cz/detail/13306064-hospudka-u-bartose-praha-karlin.html;4.8;7;14.449997;50.093621;;
https://www.firmy.cz/detail/13616063-hostinec-budislav-budislav.html;4.8;5;14.837802;49.294071;;
https://www.firmy.cz/detail/13861593-hostinec-podolanka-podolanka.html;4.8;2;14.599400;50.156594;;
https://www.firmy.cz/detail/13128728-hospoda-lhenice-lhenice.html;5;10;14.151202;48.993644;;
https://www.firmy.cz/detail/13114738-restaurace-sport-nachod.html;3.4;19;16.170706;50.416482;;
https://www.firmy.cz/detail/13106099-pivnice-u-hvezd-teplice-trnovany.html;4.9;9;13.853983;50.650200;;
https://www.firmy.cz/detail/13879063-hospudka-na-hristi-bela.html;5;10;18.148471;49.972651;;
https://www.firmy.cz/detail/13748001-drevnik-u-hornicku-kutna-hora-sipsi.html;5;1;15.274351;49.959462;;
https://www.firmy.cz/detail/13323501-hospoda-na-hristi-rozdalovice.html;3.9;4;15.162656;50.307442;;
https://www.firmy.cz/detail/13146342-klub-borussia-moutnice.html;4.3;3;16.742630;49.048767;;
https://www.firmy.cz/detail/13914763-hostinec-mash-veseli.html;5;1;15.619575;50.011104;;
https://www.firmy.cz/detail/13795832-hospoda-u-cabisa-holesov.html;4.5;2;17.580466;49.334822;;
https://www.firmy.cz/detail/13799178-hriste-ernest-hospoda-zvole-zvole.html;4.9;7;14.415987;49.936335;;
https://www.firmy.cz/detail/13838387-radimovicka-hospudka-radimovice-u-zelce.html;4.8;42;14.650427;49.377964;;
https://www.firmy.cz/detail/13136522-vyletni-hostinec-roznov-neznasov.html;4.8;55;15.851736;50.334461;;
https://www.firmy.cz/detail/13860461-obcerstveni-na-dvorecku-premyslovice.html;4.4;4;16.957783;49.552716;;
https://www.firmy.cz/detail/13163736-restaurace-sokolovna-mala-skala-vranove-1-dil.html;4.3;45;15.193608;50.637921;;
https://www.firmy.cz/detail/13147524-sluzby-mesta-jihlavy-jihlava.html;5;15;15.571348;49.402124;;
https://www.firmy.cz/detail/13118894-pivnice-na-smyku-ratiskovice.html;5;1;17.168447;48.923575;;
https://www.firmy.cz/detail/13112259-u-mikesku-ostrava-hrabuvka.html;4;1;18.266124;49.789751;;
https://www.firmy.cz/detail/13114231-hostinec-sk-hana-zarici-zarici.html;5;3;17.351010;49.377674;;
https://www.firmy.cz/detail/13490555-hospoda-u-kamenika-olomouc-neredin.html;4.6;3;17.225601;49.596571;;
https://www.firmy.cz/detail/13372242-pivnice-u-stadionu-praha-vrsovice.html;4.8;3;14.469771;50.069505;;
https://www.firmy.cz/detail/13109202-u-lipy-vyskov.html;5;1;13.671514;50.394480;;
https://www.firmy.cz/detail/13205346-obecni-hospoda-studlov.html;4.7;2;18.078391;49.164764;;
https://www.firmy.cz/detail/13741233-nadrazni-restaurace-navsi.html;4.2;5;18.754839;49.590045;;
https://www.firmy.cz/detail/13022009-hostinec-u-blanky-zelizy.html;4.3;124;14.463626;50.422559;;
https://www.firmy.cz/detail/13896034-hospudka-v-ceskem-stredohori-malecov-rydec.html;5;2;14.162125;50.606737;;
https://www.firmy.cz/detail/13815983-hospoda-u-horaku-ostrava-moravska-ostrava.html;4.5;1;18.282119;49.839624;;
https://www.firmy.cz/detail/13671050-hostinec-u-blanky-melnik.html;4.8;51;14.465676;50.393162;;
https://www.firmy.cz/detail/2345907-hostinec-pod-starou-horou-horni-marsov.html;4.5;26;15.820940;50.662550;;
https://www.firmy.cz/detail/679683-hostinec-u-suchy-dasne-praha-nove-mesto.html;4.4;14;14.416315;50.070811;;
https://www.firmy.cz/detail/13373719-hospudka-na-hristi-velka-jesenice.html;None;None;16.038770;50.360560;;
https://www.firmy.cz/detail/13769927-hospudka-onomysl-onomysl.html;5;10;15.124354;49.899353;;
https://www.firmy.cz/detail/13371571-hostinec-sajdluv-mlyn-trstenice.html;4.8;21;16.344716;49.806555;;
https://www.firmy.cz/detail/13229007-hostinec-u-marenky-rychnov-nad-kneznou.html;4.5;50;16.292206;50.172882;;
https://www.firmy.cz/detail/13885783-hospudka-na-statku-jindrichovice-pod-smrkem.html;4.8;3;15.249356;50.961718;;
https://www.firmy.cz/detail/13618010-hostinec-u-pavla-lesany.html;4.7;14;14.522566;49.845642;;
https://www.firmy.cz/detail/13348938-hospudka-obrubce-obrubce.html;5;2;15.064748;50.447882;;
https://www.firmy.cz/detail/13300013-ryzmberska-hospudka-kdyne-podzamci.html;4.2;27;13.030823;49.406771;;
https://www.firmy.cz/detail/13245679-u-palivce-havirov-podlesi.html;5;2;18.454581;49.775793;;
https://www.firmy.cz/detail/13010807-hospoda-tenis-semily.html;4.8;70;15.337260;50.598217;;
https://www.firmy.cz/detail/12908925-hostinec-u-koruny-usti-nad-labem.html;4.2;3;14.108366;50.660753;;
https://www.firmy.cz/detail/13010706-doudlebska-hospoda-doudleby-stranany.html;4.7;7;14.502656;48.891820;;
https://www.firmy.cz/detail/13354808-pivnice-na-hrazi-cesky-krumlov-horni-brana.html;4.9;25;14.325824;48.807810;;
https://www.firmy.cz/detail/13585101-hostinec-mnisek-stribrec-mnisek.html;5;3;14.913065;49.030077;;
https://www.firmy.cz/detail/13418924-kozel-na-moste-praha-cerny-most.html;5;4;14.575636;50.106100;;
https://www.firmy.cz/detail/13156135-hospoda-na-hristi-kladno-kladno-rozdelov.html;5;2;14.070102;50.137954;;
https://www.firmy.cz/detail/13135393-western-saloon-pecky-pecky.html;5;5;15.030778;50.084576;;
https://www.firmy.cz/detail/13247913-pivovar-sedivak-praha-bohnice.html;4;33;14.424422;50.131395;;
https://www.firmy.cz/detail/12707503-hospudka-na-hristi-brno-zidenice.html;4.4;5;16.657099;49.193292;;
https://www.firmy.cz/detail/13618010-hostinec-u-pavla-lesany.html;None;None;14.522566;49.845642;;
https://www.firmy.cz/detail/13348938-hospudka-obrubce-obrubce.html;5;2;15.064748;50.447882;;
https://www.firmy.cz/detail/2383805-hospoda-u-daliho-domanin.html;4;1;17.280014;49.003526;;
https://www.firmy.cz/detail/13119698-pohostinstvi-krizovatka-loveckovice-loveckovice.html;4.3;27;14.263152;50.621739;;
https://www.firmy.cz/detail/13134850-hostinec-konzum-blsany-libesovice.html;4.9;18;13.500232;50.245137;;
https://www.firmy.cz/detail/13350061-u-sherlocka-usti-nad-orlici-hylvaty.html;None;None;16.400001;49.961839;;
https://www.firmy.cz/detail/13416833-senk-u-bile-pani-usobi.html;5;1;15.502060;49.516471;;
https://www.firmy.cz/detail/13139685-kelta-krnov-pod-bezrucovym-vrchem.html;4.7;6;17.682155;50.096359;;
https://www.firmy.cz/detail/13101257-hostinec-nevid-16-nevid.html;3;1;13.608215;49.686033;;
https://www.firmy.cz/detail/13314209-hospoda-meduza-racice.html;4.5;3;14.338547;50.456404;;
https://www.firmy.cz/detail/13359769-hospoda-ve-skole-sebirov.html;5;2;14.825166;49.565808;;
https://www.firmy.cz/detail/13902850-lidovy-hostinec-dobris.html;4.9;28;14.177395;49.789892;;
https://www.firmy.cz/detail/13258623-hospoda-u-premka-zborovice.html;5;1;17.284053;49.250338;;
https://www.firmy.cz/detail/13138961-sedlistsky-hostinec-sedliste.html;3;2;13.630150;49.526720;;
https://www.firmy.cz/detail/13090209-kacovska-hospoda-kacov.html;None;None;15.026962;49.782292;;
https://www.firmy.cz/detail/13610165-hospoda-na-hristi-zahornice.html;4.5;1;15.296491;50.242466;;
https://www.firmy.cz/detail/2383805-hospoda-u-daliho-domanin.html;4;1;17.280014;49.003526;;
https://www.firmy.cz/detail/13182778-bufet-na-hristi-orechov.html;4.5;19;17.299585;49.027820;;
https://www.firmy.cz/detail/13102866-hospudka-na-lekarne-horni-benesov.html;4.7;40;17.601513;49.967348;;
https://www.firmy.cz/detail/13776548-hospudka-pod-kvetnici-tisnov.html;1.7;2;16.423193;49.355314;;
https://www.firmy.cz/detail/13015663-cyklo-hostinec-slavetin-nad-metuji.html;4.3;11;16.052687;50.328758;;
https://www.firmy.cz/detail/13109576-hospudka-domecek-odolena-voda.html;3.9;3;14.410667;50.226592;;
https://www.firmy.cz/detail/13137933-restaurace-u-svateho-vaclava-dretovice.html;4.3;7;14.208622;50.184039;;
https://www.firmy.cz/detail/13129203-hospudka-u-kamzika-straz-nad-ohri.html;5;34;13.046833;50.332846;;
https://www.firmy.cz/detail/13415171-bowling-club-holesov.html;3.3;5;17.575214;49.331653;;
https://www.firmy.cz/detail/13119199-kralovicka-hospoda-nebahovy-kralovice.html;5;10;14.090104;49.007690;;
https://www.firmy.cz/detail/2478326-hospoda-antoninuv-dul-jihlava-antoninuv-dul.html;4.7;2;15.599880;49.466870;;
https://www.firmy.cz/detail/183696-hospudka-u-kaplicky-semily.html;5;9;15.355123;50.618644;;
https://www.firmy.cz/detail/13571688-kovadlina-u-lazni-praha-holesovice.html;None;None;14.432346;50.097815;;
https://www.firmy.cz/detail/13538497-hospoda-u-lipy-sber.html;4.1;2;15.425987;50.318924;;
https://www.firmy.cz/detail/13185314-kufr-hospudka-mlada-boleslav-i.html;5;1;14.904673;50.411319;;
https://www.firmy.cz/detail/12974172-hospoda-u-pavla-kunratice.html;4.8;9;14.419837;50.818768;;
https://www.firmy.cz/detail/13109880-hostinec-u-stuchelu-kratusin.html;4.6;4;13.927896;49.019572;;
https://www.firmy.cz/detail/13539064-hospoda-u-komara-ludkovice.html;4.8;3;17.726291;49.113357;;
https://www.firmy.cz/detail/13123871-hostinec-stehelceves-stehelceves.html;3.3;3;14.191199;50.170337;;
https://www.firmy.cz/detail/12810597-pivnice-u-mejly-praha.html;4.9;5;14.405317;50.071684;;
https://www.firmy.cz/detail/13109520-pohostinstvi-nam-b-martinu-3021-hodonin.html;5;1;17.108666;48.858083;;
https://www.firmy.cz/detail/743756-zamecka-hospoda-lounovice-pod-blanikem.html;4.1;68;14.846811;49.636889;;
https://www.firmy.cz/detail/13114044-hospoda-horni-lhota-151-horni-lhota.html;3.1;2;17.803607;49.154236;;
https://www.firmy.cz/detail/13016071-hospudka-na-navsi-stremy.html;5;1;14.564741;50.383589;;
https://www.firmy.cz/detail/13128014-u-chladku-postoloprty.html;4.9;18;13.690002;50.356533;;
https://www.firmy.cz/detail/13833269-hakuv-hostinec-mlekojedy.html;4.6;5;14.118992;50.527319;;
https://www.firmy.cz/detail/13110062-hospudka-u-pepeho-neratovice.html;4.8;51;14.495468;50.254598;;
https://www.firmy.cz/detail/12961500-trejbalova-bouda-rudnik.html;5;9;15.740650;50.613700;;
https://www.firmy.cz/detail/13185314-kufr-hospudka-mlada-boleslav-i.html;5;1;14.904673;50.411319;;
https://www.firmy.cz/detail/13831130-hospoda-u-anicky-bilovec-vyskovice.html;4.9;26;17.988863;49.808033;;
https://www.firmy.cz/detail/13117104-hospudka-na-hristi-mnisek.html;3.4;2;15.052217;50.828786;;
https://www.firmy.cz/detail/12943833-hospudka-u-jezibaby-havirov-dolni-sucha.html;4.5;25;18.426059;49.810104;;
https://www.firmy.cz/detail/13315913-liberecky-vycep-liberec-iii-jerab.html;4.9;4;15.043902;50.758635;;
https://www.firmy.cz/detail/13500275-hostinec-na-radosti-vsenice.html;4.9;5;13.560892;49.818256;;
https://www.firmy.cz/detail/13137779-hostinec-u-franty-brno-husovice.html;4.6;4;16.634734;49.212835;;
https://www.firmy.cz/detail/13109363-pohostinstvi-u-hysku-techlovice.html;4.9;34;15.712564;50.208059;;
https://www.firmy.cz/detail/13132548-obecni-hospudka-veltruby.html;1;1;15.181497;50.067189;;
https://www.firmy.cz/detail/2210361-pohostinstvi-albrechticky-albrechticky.html;None;None;18.094762;49.700151;;
https://www.firmy.cz/detail/13083830-hostinec-u-svateho-huberta-zahradky.html;4.2;104;14.520706;50.634021;;
https://www.firmy.cz/detail/13501407-hostinec-vicemil-vicemil.html;4.5;1;14.893560;49.263759;;
https://www.firmy.cz/detail/13466585-marketa-prustomerska-klub-pratel-piva-branisovice.html;4.9;203;16.431927;48.961647;;
https://www.firmy.cz/detail/2469139-hospudka-na-rohu-jablonec-nad-nisou.html;5;2;15.154624;50.722778;;
https://www.firmy.cz/detail/13119097-hospoda-u-broka-teplice.html;4.9;10;13.841493;50.644087;;
https://www.firmy.cz/detail/12978881-obecni-hospudka-klentnice-klentnice.html;None;None;16.643844;48.843438;;
https://www.firmy.cz/detail/1954072-trebarovska-hospoda-trebarov.html;4.1;2;16.702274;49.829649;;
https://www.firmy.cz/detail/13595905-pipa-tremosna-tremosna.html;5;4;13.395083;49.815861;;
https://www.firmy.cz/detail/13808606-hospoda-bernatice-bernartice.html;5;1;15.965729;50.643910;;
https://www.firmy.cz/detail/13116465-hospudka-pod-morusu-uherske-hradiste.html;5;13;17.457396;49.067969;;
https://www.firmy.cz/detail/2471851-hospoda-u-ruzicku-konice-cunin.html;4.9;6;16.910970;49.562685;;
https://www.firmy.cz/detail/13119254-fotbalova-hospudka-blansko.html;4.6;4;16.656768;49.355868;;
https://www.firmy.cz/detail/13110968-hostinec-u-linhu-boretice.html;None;None;16.853299;48.914048;;
https://www.firmy.cz/detail/13525187-hospoda-u-smrku-dacice-bilkov.html;5;1;15.477996;49.084829;;
https://www.firmy.cz/detail/12771369-u-pivnich-znalcu-mohelnice.html;None;None;16.919997;49.777996;;
https://www.firmy.cz/detail/13113850-hospoda-na-rozcesti-moravany-turov.html;4.6;4;15.995731;49.988808;;
https://www.firmy.cz/detail/2097054-pohostinstvi-u-guralu-petrov-nad-desnou.html;4.3;9;17.066814;50.016729;;
https://www.firmy.cz/detail/2469139-hospudka-na-rohu-jablonec-nad-nisou.html;5;2;15.154624;50.722778;;
https://www.firmy.cz/detail/13119097-hospoda-u-broka-teplice.html;4.9;10;13.841493;50.644087;;
https://www.firmy.cz/detail/12978881-obecni-hospudka-klentnice-klentnice.html;3.9;32;16.643844;48.843438;;
https://www.firmy.cz/detail/1954072-trebarovska-hospoda-trebarov.html;4.1;2;16.702274;49.829649;;
https://www.firmy.cz/detail/13595905-pipa-tremosna-tremosna.html;5;4;13.395083;49.815861;;
https://www.firmy.cz/detail/13808606-hospoda-bernatice-bernartice.html;5;1;15.965729;50.643910;;
https://www.firmy.cz/detail/13116465-hospudka-pod-morusu-uherske-hradiste.html;5;13;17.457396;49.067969;;
https://www.firmy.cz/detail/2471851-hospoda-u-ruzicku-konice-cunin.html;4.9;6;16.910970;49.562685;;
https://www.firmy.cz/detail/13119254-fotbalova-hospudka-blansko.html;4.6;4;16.656768;49.355868;;
https://www.firmy.cz/detail/13110968-hostinec-u-linhu-boretice.html;4.1;5;16.853299;48.914048;;
https://www.firmy.cz/detail/13525187-hospoda-u-smrku-dacice-bilkov.html;5;1;15.477996;49.084829;;
https://www.firmy.cz/detail/12771369-u-pivnich-znalcu-mohelnice.html;4.8;74;16.919997;49.777996;;
https://www.firmy.cz/detail/13113850-hospoda-na-rozcesti-moravany-turov.html;None;None;15.995731;49.988808;;
https://www.firmy.cz/detail/13168682-u-jednorozce-prezletice.html;None;None;14.566662;50.152305;;
https://www.firmy.cz/detail/13111742-hospoda-hrachovec-55-valasske-mezirici-hrachovec.html;5;2;17.998957;49.460814;;
https://www.firmy.cz/detail/13364305-pivnice-orlovna-brno-turany.html;4.1;8;16.661038;49.147747;;
https://www.firmy.cz/detail/13114857-hospudka-u-rybnicku-karlovice.html;None;None;17.444337;50.106862;;
https://www.firmy.cz/detail/13296707-restaurace-na-hristi-nemanice-ceske-budejovice-3.html;3.2;2;14.488334;49.005827;;
https://www.firmy.cz/detail/13829705-blacksheep-bar-usti-nad-labem-centrum.html;4.5;1;14.039539;50.659900;;
https://www.firmy.cz/detail/13109436-obecni-hostinec-sec.html;4.9;15;13.504701;49.588826;;
https://www.firmy.cz/detail/13263736-hostinec-plzenka-bohutin.html;4.9;28;13.940651;49.656695;;
https://www.firmy.cz/detail/13372044-krcma-na-koupaku-sebetov.html;4.4;9;16.720016;49.540955;;
https://www.firmy.cz/detail/13113993-pohostinstvi-malonty-malonty.html;3.5;2;14.584018;48.687190;;
https://www.firmy.cz/detail/13839764-hospudka-a-apartmany-u-dzina-desna-iii.html;5;1;15.329014;50.762812;;
https://www.firmy.cz/detail/13116213-hostinec-zlaty-klas-libel.html;4.5;46;16.202524;50.153879;;
https://www.firmy.cz/detail/13141740-hospoda-nova-ves-nova-ves.html;4.6;55;14.244415;48.949680;;
https://www.firmy.cz/detail/13112397-hospoda-na-hristi-korycany.html;5;1;17.180797;49.114573;;
https://www.firmy.cz/detail/13168682-u-jednorozce-prezletice.html;None;None;14.566662;50.152305;;
https://www.firmy.cz/detail/13111742-hospoda-hrachovec-55-valasske-mezirici-hrachovec.html;None;None;17.998957;49.460814;;
https://www.firmy.cz/detail/13857794-pohostinstvi-kampelicka-letohrad-kuncice.html;5;1;16.519640;50.023140;;
https://www.firmy.cz/detail/13130455-dubnicka-hospoda-dubnice.html;None;None;14.809337;50.731374;;
https://www.firmy.cz/detail/13918723-hospudka-na-statku-luzice.html;5;1;13.755381;50.493925;;
https://www.firmy.cz/detail/13784465-kulturni-dum-chodov-chodov.html;4.7;46;12.835194;49.418194;;
https://www.firmy.cz/detail/12978100-popicka-hospoda-u-kloudu-znojmo-popice.html;4.5;69;16.016048;48.825354;;
https://www.firmy.cz/detail/13120526-hospudka-u-samce-domamil.html;4.2;2;15.693167;49.083461;;
https://www.firmy.cz/detail/13197462-hospudka-u-kozleru-mirosov.html;4.5;77;13.668322;49.687433;;
https://www.firmy.cz/detail/13872584-lucky-bar-klatovy-i.html;5;1;13.293591;49.396839;;
https://www.firmy.cz/detail/13169152-hospudka-kd-hvozdany-hvozdany.html;None;None;13.804499;49.527564;;
https://www.firmy.cz/detail/13108804-hostinec-ovcary-ovcary.html;4.2;48;15.239136;50.062787;;
https://www.firmy.cz/detail/2223709-hostinec-u-kopecku-sevetin.html;4.1;2;14.572364;49.100162;;
https://www.firmy.cz/detail/13011451-hospoda-horni-radechova-horni-radechova.html;5;3;16.148653;50.465310;;
https://www.firmy.cz/detail/2681369-hospoda-u-smrku-stare-buky-prostredni-stare-buky.html;4.8;17;15.858994;50.530443;;
https://www.firmy.cz/detail/13118791-hostinec-hvizdalka-sobeslav-iii.html;None;None;14.707273;49.259952;;
https://www.firmy.cz/detail/13857794-pohostinstvi-kampelicka-letohrad-kuncice.html;5;1;16.519640;50.023140;;
https://www.firmy.cz/detail/13109740-david-komarovsky-hulice.html;4.7;14;15.087612;49.709654;;
https://www.firmy.cz/detail/2471364-pivnice-na-ceplove-caslav-nove-mesto.html;5;10;15.386916;49.907286;;
https://www.firmy.cz/detail/13089239-hospudka-drevcice-duba-drevcice.html;4.7;56;14.496009;50.576673;;
https://www.firmy.cz/detail/13654469-hospoda-u-podjezdu-domasov-nad-bystrici.html;4.4;9;17.447533;49.742486;;
https://www.firmy.cz/detail/13489622-sudomerska-hospudka-sudomer.html;2.9;2;14.742061;50.444789;;
https://www.firmy.cz/detail/13687148-hospoda-na-krizovatce-rosice.html;5;1;15.946883;49.923052;;
https://www.firmy.cz/detail/13353918-penzion-u-pacosu-malenovice.html;4.8;78;18.414901;49.583363;;
https://www.firmy.cz/detail/13117372-hospoda-na-vinici-blatna.html;4.2;3;13.882379;49.434736;;
https://www.firmy.cz/detail/13368157-u-dedy-jehudy-z-loksan-breznice.html;3.9;2;13.950545;49.558160;;
https://www.firmy.cz/detail/13492572-bohunicka-rychta-brno-bohunice.html;5;1;16.577076;49.168638;;
https://www.firmy.cz/detail/13513238-psi-kusy-ostrava-moravska-ostrava.html;5;7;18.289954;49.837226;;
https://www.firmy.cz/detail/13140801-hospoda-liblice-liblice.html;1.9;2;14.590483;50.312367;;
https://www.firmy.cz/detail/2100793-hospudka-u-zdenka-uhrice.html;4.7;97;16.945404;49.051058;;
https://www.firmy.cz/detail/568074-hostinec-na-ruzku-roztoky.html;5;10;14.375249;50.165438;;
https://www.firmy.cz/detail/13138057-u-pepy-ostrava-koblov.html;4.6;10;18.313099;49.898861;;
https://www.firmy.cz/detail/13130999-hospudka-u-kance-most.html;2.4;4;13.653752;50.494324;;
https://www.firmy.cz/detail/13117818-hospoda-svatonovice-80-svatonovice.html;5;4;17.668727;49.799281;;
https://www.firmy.cz/detail/13142450-hospudka-bohumilec-59-rokytno-bohumilec.html;5;4;15.858332;50.101109;;
https://www.firmy.cz/detail/13118835-u-charvatu-dvory-nad-luznici.html;4.5;20;14.901597;48.852522;;
https://www.firmy.cz/detail/13117154-hospoda-u-hriste-dolni-domaslavice.html;4.8;78;18.482416;49.713565;;
https://www.firmy.cz/detail/13112774-hospoda-u-lenky-rybniky.html;5;5;16.280627;49.025710;;
https://www.firmy.cz/detail/13303926-hospoda-u-bozky-svobodne-hermanice.html;4.1;4;17.674001;49.945151;;
https://www.firmy.cz/detail/13860008-hospoda-na-hasicce-krasensko.html;5;1;16.827926;49.364545;;
https://www.firmy.cz/detail/13736298-hospudka-u-nas-litvinov-horni-litvinov.html;4;1;13.610058;50.603522;;
https://www.firmy.cz/detail/12801023-pivnice-u-mice-brno-ponava.html;4.4;8;16.604974;49.209245;;
https://www.firmy.cz/detail/13234857-hospudka-libis-libis.html;4.7;8;14.497307;50.276605;;
https://www.firmy.cz/detail/13189152-hospudka-na-schudkach-prostejov.html;4.7;2;17.117898;49.478637;;
https://www.firmy.cz/detail/13895065-hospoda-u-hasica-unicov-benkov.html;5;1;17.075748;49.765567;;
https://www.firmy.cz/detail/13138057-u-pepy-ostrava-koblov.html;None;None;18.313099;49.898861;;
https://www.firmy.cz/detail/13114887-pivnice-na-novine-benesov-nad-ploucnici.html;3.1;3;14.313702;50.736837;;
https://www.firmy.cz/detail/2470509-hostinec-u-nechvatalu-vanuvek.html;4.9;10;15.422037;49.222366;;
https://www.firmy.cz/detail/13530604-hospoda-kavarka-brno-bohunice.html;5;3;16.577983;49.168695;;
https://www.firmy.cz/detail/13412542-restaurace-spica-bohumin-novy-bohumin.html;4.9;6;18.359350;49.893955;;
https://www.firmy.cz/detail/13676462-u-machacku-svrkyne.html;4.8;150;14.296198;50.171382;;
https://www.firmy.cz/detail/12947441-zelena-kocka-pivarium-brno-mesto.html;4.1;10;16.610071;49.195936;;
https://www.firmy.cz/detail/13611161-hostinec-na-ruzku-horatev.html;4.9;4;15.041686;50.150051;;
https://www.firmy.cz/detail/13110381-hospoda-na-poustce-144-jinocany.html;4.3;5;14.265378;50.034348;;
https://www.firmy.cz/detail/13868564-hospudka-u-vavrince-ronov-nad-doubravou.html;3.7;4;15.530654;49.889084;;
https://www.firmy.cz/detail/12911433-restaurace-u-nadrazi-neratovice.html;4.8;8;14.517436;50.262117;;
https://www.firmy.cz/detail/13370375-hospoda-lemberk-knezmost-drhleny.html;3.7;15;15.079811;50.502226;;
https://www.firmy.cz/detail/13732734-hospudka-u-sacha-beroun-mesto.html;4.9;19;14.064662;49.967637;;
https://www.firmy.cz/detail/13111551-u-kobylaka-ujezdecek.html;4.5;1;13.790938;50.646541;;
https://www.firmy.cz/detail/12948757-hospudka-sokol-praha-smichov.html;4.5;1;14.407880;50.071310;;
https://www.firmy.cz/detail/13795847-pivnice-u-vavricku-zamberk.html;None;None;16.466244;50.079652;;
https://www.firmy.cz/detail/13872581-pod-vezi-vemyslice.html;5;18;16.256788;49.022054;;
https://www.firmy.cz/detail/13207113-malt-worm-brno-mesto.html;4.4;26;16.607047;49.192516;;
https://www.firmy.cz/detail/13116642-u-jarky-klokoci.html;5;3;17.684291;49.559034;;
https://www.firmy.cz/detail/1974538-hospudka-u-kovacka-kozlovice.html;4.8;3;18.271631;49.573941;;
https://www.firmy.cz/detail/13126828-hostinec-u-capose-melnik.html;3.8;3;14.497807;50.371609;;
https://www.firmy.cz/detail/13354805-kninicska-pivnice-brno-kninicky.html;4.2;3;16.527981;49.235380;;
https://www.firmy.cz/detail/262583-obecni-hospoda-kostenice.html;5;2;15.901965;50.005099;;
https://www.firmy.cz/detail/13366857-hospudka-labska-stran-labska-stran.html;4.1;4;14.231452;50.848610;;
https://www.firmy.cz/detail/12881030-hostinec-u-koblizka-misovice-pohori.html;4.8;5;14.013276;49.486098;;
https://www.firmy.cz/detail/13116897-hostinec-na-kopecku-olesnice.html;4.5;1;15.445220;50.142586;;
https://www.firmy.cz/detail/13732734-hospudka-u-sacha-beroun-mesto.html;None;None;14.064662;49.967637;;
https://www.firmy.cz/detail/13111551-u-kobylaka-ujezdecek.html;4.5;1;13.790938;50.646541;;
https://www.firmy.cz/detail/13233203-bar-u-foxu-plzen-jizni-predmesti.html;5;1;13.369794;49.733460;;
https://www.firmy.cz/detail/13370396-hospudka-maxwilliam-znojmo.html;4.4;17;16.048701;48.854439;;
https://www.firmy.cz/detail/13739187-starozdanicka-hospudka-stare-zdanice.html;4.8;23;15.718930;50.123509;;
https://www.firmy.cz/detail/13121705-hospudka-lucie-usti-nad-labem-sebuzin.html;4.2;42;14.063597;50.593944;;
https://www.firmy.cz/detail/13113681-pohostinstvi-u-chytilu-radkovy.html;4.9;9;17.614649;49.436004;;
https://www.firmy.cz/detail/13214628-hospudka-kopejtkuv-mlyn-horni-myslova.html;5;15;15.417562;49.169494;;
https://www.firmy.cz/detail/12988870-hostinec-u-cechmistra-mohelnice.html;1.5;1;16.917296;49.776161;;
https://www.firmy.cz/detail/337677-pohostinstvi-u-talafy-slavicin.html;4;10;17.878719;49.087635;;
https://www.firmy.cz/detail/13411870-hospoda-u-orechu-rusinov.html;4.7;63;15.682202;49.791995;;
https://www.firmy.cz/detail/13334018-hospoda-na-navsi-ohrazenice-ohrazenice.html;5;2;15.126203;50.597691;;
https://www.firmy.cz/detail/13137630-hostinec-cernoucek-23-cernoucek.html;5;1;14.307171;50.360594;;
https://www.firmy.cz/detail/13119124-u-me-a-u-tebe-sosuvka.html;5;2;16.751409;49.411691;;
https://www.firmy.cz/detail/13642499-krakonosova-hospoda-jestrabi-v-krkonosich.html;2.7;4;15.492569;50.681027;;
https://www.firmy.cz/detail/12976184-radegastovna-pod-padakem-trinec-lyzbice.html;3.5;16;18.674938;49.668035;;
https://www.firmy.cz/detail/13178333-hostinec-zivotice-zivotice.html;4.9;15;13.682394;49.465310;;
https://www.firmy.cz/detail/13123554-restaurace-u-bazenu-vresina.html;3.3;2;18.204430;49.949479;;
https://www.firmy.cz/detail/13119431-u-rybicky-babice.html;4.2;51;17.484509;49.116877;;
https://www.firmy.cz/detail/13166862-pivni-bar-marsal-frydek-mistek-mistek.html;4;2;18.337681;49.677139;;
https://www.firmy.cz/detail/13506615-lahvarna-ck-cesky-krumlov-latran.html;4.2;10;14.319457;48.813386;;
https://www.firmy.cz/detail/13178496-indoor-golf-marianske-lazne-usovice.html;3;1;12.716484;49.951972;;
https://www.firmy.cz/detail/13643420-hospudka-prima-praha-pisnice.html;None;None;14.467949;49.993525;;
https://www.firmy.cz/detail/13765001-zahajska-hospoda-zahaji.html;5;21;14.370997;49.088790;;
https://www.firmy.cz/detail/13630916-hostinec-fortuna-usti-nad-labem.html;3;1;14.039179;50.659313;;
https://www.firmy.cz/detail/13155295-geliatan-group-ostrava-moravska-ostrava.html;None;None;18.284777;49.835982;;
https://www.firmy.cz/detail/2129085-hospoda-na-baste-prerov-iii-lovesice.html;4.9;9;17.448944;49.427447;;
https://www.firmy.cz/detail/13852259-domecek-ostrava-pustkovec.html;None;None;18.166770;49.839986;;
https://www.firmy.cz/detail/13488458-hospoda-u-gajdosa-knezpole.html;5;1;17.515591;49.099951;;
https://www.firmy.cz/detail/12976184-radegastovna-pod-padakem-trinec-lyzbice.html;3.5;16;18.674938;49.668035;;
https://www.firmy.cz/detail/13178333-hostinec-zivotice-zivotice.html;4.9;15;13.682394;49.465310;;
https://www.firmy.cz/detail/13123554-restaurace-u-bazenu-vresina.html;3.3;2;18.204430;49.949479;;
https://www.firmy.cz/detail/13115635-hostinec-trakalka-bobrova.html;4.4;107;16.114745;49.480013;;
https://www.firmy.cz/detail/13312724-u-liscu-kmetineves.html;5;2;14.156434;50.309357;;
https://www.firmy.cz/detail/13108477-hospoda-u-huberta-topolna.html;4.5;19;17.543665;49.121558;;
https://www.firmy.cz/detail/12955675-pivovarsky-hostinec-herman-vladislav.html;None;None;15.989213;49.209898;;
https://www.firmy.cz/detail/12898494-ing-petr-dostal-male-hradisko.html;5;2;16.878753;49.493722;;
https://www.firmy.cz/detail/13261528-hostinec-na-kopecku-podhradi-nad-dyji.html;4.6;47;15.688410;48.900661;;
https://www.firmy.cz/detail/13120101-horac-klub-u-nudle-prerov-i-mesto.html;4.9;9;17.469560;49.453072;;
https://www.firmy.cz/detail/1347214-hospoda-u-fida-trebetice.html;5;109;15.521404;49.047835;;
https://www.firmy.cz/detail/13134066-hospudka-drevenice-drevenice.html;5;1;15.444321;50.452082;;
https://www.firmy.cz/detail/13119068-hostinec-na-sklepe-drevohostice.html;4.9;9;17.593814;49.424055;;
https://www.firmy.cz/detail/13119157-sk-marina-chyse-davle-sazava.html;4.4;6;14.397071;49.887202;;
https://www.firmy.cz/detail/13113633-obcerstveni-na-hristi-cirkvice-cirkvice-jakub.html;5;10;15.341322;49.948148;;
https://www.firmy.cz/detail/13145759-hospoda-sladkova-2382-zatec.html;4.9;18;13.534712;50.327464;;
https://www.firmy.cz/detail/13354632-u-vodicku-brno-cerna-pole.html;4.9;20;16.622216;49.205663;;
https://www.firmy.cz/detail/13343527-historicky-hostinec-petrovice-ii-stara-hut.html;3.6;2;15.087249;49.827951;;
https://www.firmy.cz/detail/13616366-kovarna-marica-ostrava-zabreh.html;4.3;3;18.231899;49.795127;;
https://www.firmy.cz/detail/13116990-hospoda-u-pundu-jindrichuv-hradec-horni-zdar.html;5;1;14.995263;49.112004;;
https://www.firmy.cz/detail/13138483-sh-cms-sbor-dobrovolnych-hasicu-brevnice-brevnice.html;5;3;15.612969;49.630639;;
https://www.firmy.cz/detail/13143941-hospoda-na-hristi-kozojedy.html;None;None;13.540694;49.933411;;
https://www.firmy.cz/detail/13147510-sportovni-centrum-hattrick-brno-zidenice.html;4.2;7;16.658133;49.208730;;
https://www.firmy.cz/detail/13297248-hostinec-u-votavu-lidman.html;4.8;13;15.042425;49.382603;;
https://www.firmy.cz/detail/13007972-hostinec-mezi-vraty-sedlec.html;4.5;47;16.695473;48.778553;;
https://www.firmy.cz/detail/13490705-hospudka-pod-vezi-ostrava-lhotka.html;4.5;7;18.228456;49.857831;;
https://www.firmy.cz/detail/13113729-vladimir-krivka-hospoda-steblova.html;5;1;15.749547;50.092810;;
https://www.firmy.cz/detail/13683230-hostinec-jindris-rodvinov-jindris.html;4.7;6;15.060929;49.148974;;
https://www.firmy.cz/detail/13150767-hospoda-na-hristi-urcice.html;4.8;74;17.080341;49.429753;;
https://www.firmy.cz/detail/13111696-hospudka-na-hristi-jilove-u-prahy-radlik.html;None;None;14.489052;49.909616;;
https://www.firmy.cz/detail/13007830-hospudka-na-kopecku-zisov.html;4.8;42;14.694572;49.198666;;
https://www.firmy.cz/detail/13145431-telocvicna-jednota-sokol-ostrava-plesna-ostrava-plesna.html;5;1;18.163500;49.859023;;
https://www.firmy.cz/detail/13109522-hostinec-u-lipy-brezany-i.html;5;1;15.078127;50.037021;;
https://www.firmy.cz/detail/1949500-restaurant-oaza-billiard-club-praha.html;3.8;18;14.384883;50.100674;;
https://www.firmy.cz/detail/13152581-sk-detmarovice-detmarovice.html;2;1;18.468963;49.893567;;
https://www.firmy.cz/detail/13103736-hospoda-u-kamena-mistrice-javorovec.html;None;None;17.530077;49.076768;;
https://www.firmy.cz/detail/13112485-hostinec-pod-lipou-tucapy.html;4.9;25;16.917641;49.232374;;
https://www.firmy.cz/detail/13272696-hospudka-na-vinici-vinare-vinice.html;5;2;15.491195;49.918449;;
https://www.firmy.cz/detail/13149491-bakalarska-hospudka-liberec-x-frantiskov.html;5;1;15.036683;50.762529;;
https://www.firmy.cz/detail/13133971-pohostinstvi-petrovice-petrovice-i.html;5;10;15.296810;49.808474;;
https://www.firmy.cz/detail/12715588-pivni-bar-hribek-zatec.html;5;5;13.543115;50.322560;;
https://www.firmy.cz/detail/13675067-hospoda-na-namesti-prezletice.html;5;3;14.575813;50.156449;;
https://www.firmy.cz/detail/13750660-hospudka-u-hriste-praha.html;4.6;117;14.414050;50.130366;;
https://www.firmy.cz/detail/13117192-restaurace-vyletiste-zdechov.html;4.7;112;18.079656;49.265589;;
https://www.firmy.cz/detail/13216588-hospoda-na-rozcesti-klamos.html;4.9;34;15.504482;50.124159;;
https://www.firmy.cz/detail/13145008-hostinec-cvrcovice-cvrcovice.html;4.9;203;16.514933;48.992442;;
https://www.firmy.cz/detail/13111352-hulicka-hospoda-hulice.html;4.7;14;15.088308;49.709981;;
https://www.firmy.cz/detail/13038238-hospoda-stara-skola-borotin.html;4;4;16.670977;49.581884;;
https://www.firmy.cz/detail/13113864-hospoda-u-hamouna-chrast-podlazice.html;None;None;15.952565;49.895862;;
https://www.firmy.cz/detail/13154767-pokraticky-hostinec-chaloupka-litomerice-pokratice.html;3.7;12;14.125950;50.547983;;
https://www.firmy.cz/detail/12937482-restaurace-nova-husaruvka-sobesovice.html;4.1;17;18.462601;49.728684;;
https://www.firmy.cz/detail/12964236-u-aji-a-paji-sobeslav-ii.html;5;3;14.720370;49.254982;;
https://www.firmy.cz/detail/13110423-hospoda-u-rybniku-brezi.html;None;None;14.702030;50.012468;;
https://www.firmy.cz/detail/12979600-hostinec-u-zaludu-velka-bystrice.html;None;None;17.352024;49.591901;;
https://www.firmy.cz/detail/12715588-pivni-bar-hribek-zatec.html;5;5;13.543115;50.322560;;
https://www.firmy.cz/detail/12992602-hospudka-u-rychly-zelvy-obyctov.html;5;1;16.001417;49.499904;;
https://www.firmy.cz/detail/13698407-hospoda-na-kurtech-senov-u-noveho-jicina.html;4.5;1;18.006534;49.606812;;
https://www.firmy.cz/detail/2469930-hostinec-lipenka-lipi.html;4.2;6;14.352392;48.948348;;
https://www.firmy.cz/detail/13276459-lidovy-dum-stary-plzenec-stary-plzenec.html;3.5;4;13.470552;49.702688;;
https://www.firmy.cz/detail/2462387-irska-hospoda-svatojanska-galerie-pardubice-zelene-predmesti.html;4;2;15.772190;50.033421;;
https://www.firmy.cz/detail/12833357-hospudka-pod-skalou-brtnice.html;5;1;15.676326;49.306210;;
https://www.firmy.cz/detail/12788249-hospoda-na-mustku-chabarovice-roudniky.html;None;None;13.917932;50.648439;;
https://www.firmy.cz/detail/13525349-hospudka-na-kovarne-veselicko.html;5;4;17.513241;49.533943;;
https://www.firmy.cz/detail/13193773-hospudka-na-hristi-brumov-bylnice-brumov.html;5;29;18.018880;49.083360;;
https://www.firmy.cz/detail/13349751-hospoda-u-vidlicek-cernilov.html;4;1;15.925429;50.263548;;
https://www.firmy.cz/detail/13354654-u-panelaku-vratimov.html;4.9;4;18.321848;49.768901;;
https://www.firmy.cz/detail/13118029-hospudka-u-bakalare-jablonec-nad-nisou-mseno-nad-nisou.html;4.5;7;15.166876;50.740603;;
https://www.firmy.cz/detail/13003616-hospudka-u-frantiska-napajedla.html;5;29;17.509076;49.167785;;
https://www.firmy.cz/detail/13016193-hostinec-na-krajzonte-polna.html;5;15;15.728737;49.486348;;
https://www.firmy.cz/detail/12992602-hospudka-u-rychly-zelvy-obyctov.html;5;1;16.001417;49.499904;;
https://www.firmy.cz/detail/13790111-hospudka-u-kaplicky-klopotovice.html;4.8;74;17.250315;49.445923;;
https://www.firmy.cz/detail/2614439-hostinec-u-pekaru-brumov-bylnice-sidonie.html;None;None;18.077194;49.044349;;
https://www.firmy.cz/detail/13112438-hospoda-u-svagra-teplice.html;4.4;8;13.819792;50.624042;;
https://www.firmy.cz/detail/12814379-senk-na-rajske-praha-cerny-most.html;4.6;7;14.561870;50.106445;;
https://www.firmy.cz/detail/13117499-sokolovna-line-line.html;3.5;1;13.262135;49.697303;;
https://www.firmy.cz/detail/13148986-hostinec-u-koryta-svata-mari.html;5;10;13.830814;49.064032;;
https://www.firmy.cz/detail/13112669-hospudka-kozli-predotice-kozli-u-cizove.html;5;1;14.018466;49.369253;;
https://www.firmy.cz/detail/13528705-hospoda-a-pivoteka-vrsava-zlin.html;4.6;6;17.688707;49.240921;;
https://www.firmy.cz/detail/13141162-hospoda-u-kona-hodonin.html;3;8;17.127996;48.855563;;
https://www.firmy.cz/detail/332447-hospudka-nad-viktorkou-praha-zizkov.html;3.7;5;14.448674;50.082905;;
https://www.firmy.cz/detail/1548586-hospudka-u-seraku-vranovice.html;None;None;16.605289;48.965227;;
https://www.firmy.cz/detail/13118915-hospoda-v-cerne-u-bohdance-cerna-u-bohdance.html;4.7;51;15.671780;50.056129;;
https://www.firmy.cz/detail/13138249-obecni-hospoda-radetice-radetice.html;4.8;42;14.443142;49.319777;;
https://www.firmy.cz/detail/13492373-hospudka-na-hristi-dobroviz.html;5;8;14.221686;50.114140;;
https://www.firmy.cz/detail/13426055-oborska-hospudka-obora.html;5;4;16.603663;49.452354;;
https://www.firmy.cz/detail/731273-pohostinstvi-u-koruny-prackovice-nad-labem.html;5;1;14.031454;50.568941;;
https://www.firmy.cz/detail/13138208-hospoda-na-hristi-blatnice.html;5;2;15.878030;49.066348;;
https://www.firmy.cz/detail/13136345-hospudka-u-stonisu-ostrava-zabreh.html;4.5;1;18.242037;49.810388;;
https://www.firmy.cz/detail/13109435-hostinec-malesovska-17-hostka.html;4.7;113;14.335878;50.489458;;
https://www.firmy.cz/detail/13110304-hospudka-na-hristi-halenkovice.html;5;2;17.472624;49.169607;;
https://www.firmy.cz/detail/13787540-hospoda-valy-valy.html;5;1;15.614901;50.030189;;
https://www.firmy.cz/detail/13690028-pivni-klub-modra-hvezda-plzen-jizni-predmesti.html;4;1;13.372314;49.742632;;
https://www.firmy.cz/detail/13117990-hostinec-u-rybnika-hvozdnice.html;4.3;16;14.370137;49.870999;;
https://www.firmy.cz/detail/301898-krcma-u-krokodyliho-ocasu-plzen-jizni-predmesti.html;3.8;3;13.369411;49.737512;;
https://www.firmy.cz/detail/13100522-hospudka-na-dvojce-rymarov.html;5;1;17.265699;49.932815;;
https://www.firmy.cz/detail/13561215-hostinec-u-strikacky-pecky.html;3.6;7;15.033307;50.090239;;
https://www.firmy.cz/detail/13011653-restaurace-u-mostu-nova-pec-dlouhy-bor.html;3.3;62;13.950398;48.792111;;
https://www.firmy.cz/detail/13698605-sauna-u-kusu-jince.html;5;5;13.975671;49.790968;;
https://www.firmy.cz/detail/2519144-hospoda-u-herciku-opocnice.html;4.9;41;15.258691;50.175177;;
https://www.firmy.cz/detail/13357321-mala-jamajka-havirov-mesto.html;4.4;16;18.416773;49.784126;;
https://www.firmy.cz/detail/13750333-bunkr-ostrava-poruba.html;4.8;39;18.168443;49.829043;;
https://www.firmy.cz/detail/13872935-pivnice-zerno-praha-prosek.html;5;1;14.493638;50.121318;;
https://www.firmy.cz/detail/13114627-hospudka-u-hriste-vladislav.html;None;None;15.989633;49.215763;;
https://www.firmy.cz/detail/2540467-hospudka-na-kopecku-kuncice-pod-ondrejnikem.html;4.6;75;18.288524;49.540637;;
https://www.firmy.cz/detail/13110456-hospoda-ponorka-loukov.html;4.8;3;17.720175;49.419986;;
https://www.firmy.cz/detail/13683491-obecni-hospudka-rudnik-rudnik.html;4;1;15.737722;50.577733;;
https://www.firmy.cz/detail/13368480-hospoda-u-menclu-bzova.html;5;4;13.860938;49.899007;;
https://www.firmy.cz/detail/13499894-hospudka-pod-sokolovnou-pomezi.html;4.8;320;16.326797;49.709428;;
https://www.firmy.cz/detail/12755485-hostinec-u-ondru-drnholec.html;4.6;29;16.481700;48.857012;;
https://www.firmy.cz/detail/13111304-hospoda-las-vegas-bitov.html;5;1;15.729995;48.933159;;
https://www.firmy.cz/detail/13129771-hospoda-u-kruhu-praha-nove-mesto.html;4.6;19;14.423279;50.080933;;
https://www.firmy.cz/detail/13559001-klara-hanakova-morkuvky.html;5;55;16.858378;48.966342;;
https://www.firmy.cz/detail/2543228-restaurace-male-namesti-hostka.html;4.7;113;14.334595;50.487766;;
https://www.firmy.cz/detail/13120886-hostinec-u-trnku-nezdice.html;4.5;1;13.315299;49.531110;;
https://www.firmy.cz/detail/13780784-hospudka-tynec-tynec-nad-sazavou.html;5;4;14.593952;49.832126;;
https://www.firmy.cz/detail/13594276-pub-jicin-jicin-stare-mesto.html;4.9;18;15.350546;50.436256;;
https://www.firmy.cz/detail/13139737-hospudka-u-kostela-sulislav.html;5;2;13.072286;49.748861;;
https://www.firmy.cz/detail/13108858-hospoda-na-pile-milikov.html;5;2;18.700918;49.591852;;
https://www.firmy.cz/detail/12904284-hostinec-horni-zlin.html;5;2;17.594870;49.206713;;
https://www.firmy.cz/detail/13177619-hostinec-tj-sokol-usilov-usilov.html;4.7;46;13.126127;49.395134;;
https://www.firmy.cz/detail/13111957-cheopsova-hospudka-chotebor.html;4.9;14;15.662940;49.720095;;
https://www.firmy.cz/detail/13118403-hospoda-u-hriste-zdounky.html;3.4;3;17.310270;49.228066;;
https://www.firmy.cz/detail/13108409-hostinec-kladruby-33-kladruby.html;5;13;13.827472;50.612803;;
https://www.firmy.cz/detail/13111466-hostinec-u-roubanky-ujezd-u-planice.html;4.9;59;13.459204;49.419713;;
https://www.firmy.cz/detail/13117588-hospudka-u-jarouse-hostivice.html;4.8;2;14.259912;50.076812;;
https://www.firmy.cz/detail/13569735-pivnice-u-ryby-bystrice-pod-hostynem.html;3;1;17.669853;49.402799;;
https://www.firmy.cz/detail/13863182-hospoda-u-slamu-vesely-zdar.html;5;1;15.524275;49.640759;;
https://www.firmy.cz/detail/13713963-hospoda-u-karla-kudlovice.html;4.5;19;17.456462;49.132448;;
https://www.firmy.cz/detail/13137267-hostinec-stylovka-prostejov.html;5;1;17.114302;49.468895;;
https://www.firmy.cz/detail/12967245-rock-hospoda-v-prdeli-nymburk-drahelice.html;4.3;12;15.007388;50.174202;;
https://www.firmy.cz/detail/313386-hostinec-u-mysaka-plzen-bolevec.html;2.5;6;13.377651;49.775571;;
https://www.firmy.cz/detail/13111114-hospoda-lomnice-nad-popelkou-lomnice-nad-popelkou.html;4.8;70;15.372504;50.537631;;
https://www.firmy.cz/detail/13283491-hospudka-drevenice-otrokovice-kvitkovice.html;None;None;17.542866;49.205004;;
https://www.firmy.cz/detail/13111261-u-sv-floriana-sendraz.html;None;None;16.203446;50.368272;;
https://www.firmy.cz/detail/12999666-hospoda-cvilinka-krnov-pod-cvilinem.html;None;None;17.718853;50.081989;;
https://www.firmy.cz/detail/12958636-hostinec-u-andela-prostejov.html;None;None;17.112517;49.465390;;
https://www.firmy.cz/detail/2459609-bunkr-02-ostrava-poruba.html;4.1;3;18.180726;49.827489;;
https://www.firmy.cz/detail/13513610-hostinec-u-zastavky-kvetna.html;4.5;2;16.350980;49.733699;;
https://www.firmy.cz/detail/13854371-restaurant-tri-rybi-vysoka-nad-labem.html;4.7;23;15.817663;50.155503;;
https://www.firmy.cz/detail/13120253-hospudka-pod-chocholikem-drnovice.html;4.6;15;16.939774;49.275717;;
https://www.firmy.cz/detail/2370885-hospoda-u-samohylu-brezolupy.html;5;4;17.580009;49.121124;;
https://www.firmy.cz/detail/13713963-hospoda-u-karla-kudlovice.html;None;None;17.456462;49.132448;;
https://www.firmy.cz/detail/13137267-hostinec-stylovka-prostejov.html;5;1;17.114302;49.468895;;
https://www.firmy.cz/detail/12967245-rock-hospoda-v-prdeli-nymburk-drahelice.html;4.3;12;15.007388;50.174202;;
https://www.firmy.cz/detail/13120945-hospoda-libensky-ostrov-1555-praha-liben.html;4.1;4;14.464273;50.104217;;
https://www.firmy.cz/detail/13850315-restaurace-stara-posta-stara-paka.html;4.9;18;15.494868;50.509878;;
https://www.firmy.cz/detail/13015849-slezska-petka-ostrava-michalkovice.html;4.8;6;18.350423;49.837982;;
https://www.firmy.cz/detail/13066192-porajt-pub-horni-bela.html;4.7;135;13.247258;49.898148;;
https://www.firmy.cz/detail/13123574-hostinec-u-kunstu-jedlova.html;4.8;320;16.309410;49.659624;;
https://www.firmy.cz/detail/12888232-restaurace-na-zamysli-praha-kosire.html;4.7;3;14.374017;50.069385;;
https://www.firmy.cz/detail/13124201-hospoda-brozovina-busanovice-dolni-nakvasovice.html;5;10;13.927492;49.099429;;
https://www.firmy.cz/detail/1347943-hospoda-mastal-losany.html;4.2;48;15.124999;49.997969;;
https://www.firmy.cz/detail/13128262-hospudka-u-nadrazi-dolni-bousov.html;5;1;15.132667;50.441254;;
https://www.firmy.cz/detail/13148778-hostinec-u-lopaty-havirov-mesto.html;3.5;2;18.428981;49.784369;;
https://www.firmy.cz/detail/13254243-pivnice-sokolovna-kostomlaty-nad-labem.html;3;2;14.958337;50.184362;;
https://www.firmy.cz/detail/13153121-hospoda-u-kozla-liberec-x-frantiskov.html;5;1;15.039139;50.763742;;
https://www.firmy.cz/detail/2692279-hospoda-u-orla-brno-ivanovice.html;1;2;16.565395;49.265551;;
https://www.firmy.cz/detail/13823669-hostinec-na-besede-unanov.html;4.7;195;16.056914;48.902483;;
https://www.firmy.cz/detail/13417763-hospoda-lidovy-dum-praha-uhrineves.html;4.6;11;14.600482;50.030203;;
https://www.firmy.cz/detail/13790225-hostinec-u-janatu-cestin.html;4.3;50;15.104255;49.807234;;
https://www.firmy.cz/detail/13187194-u-brachy-praha-nove-mesto.html;3.2;5;14.416665;50.068383;;
https://www.firmy.cz/detail/13270467-hospudka-vresnik-vresnik.html;4.8;3;15.626653;50.436662;;
https://www.firmy.cz/detail/13113825-hospoda-nachodska-133-cerveny-kostelec.html;5;3;16.096864;50.475708;;
https://www.firmy.cz/detail/13919299-hostinec-u-vlku-zakupy.html;4.8;123;14.647849;50.684917;;
https://www.firmy.cz/detail/13112077-hospoda-vlci-habrina-vlci-habrina.html;4.7;51;15.592478;50.084812;;
https://www.firmy.cz/detail/13827815-hospoda-na-hristi-kunzak.html;5;109;15.192005;49.118855;;
https://www.firmy.cz/detail/13116591-u-jezka-stary-poddvorov.html;4;1;16.988974;48.873643;;
https://www.firmy.cz/detail/13110589-klubovna-hasicu-cibovna-nevolice.html;4.5;2;12.933191;49.420613;;
https://www.firmy.cz/detail/13114554-miluse-petrova-radosovice.html;4.8;19;13.898353;49.233472;;
https://www.firmy.cz/detail/13255961-kuzelna-janoslavice-rohle-janoslavice.html;4.9;42;16.993145;49.850450;;
https://www.firmy.cz/detail/13111491-hostinec-u-zatloukalu-doloplazy.html;1;1;17.412301;49.566726;;
https://www.firmy.cz/detail/13536082-podskalak-studene.html;5;1;16.589644;50.063918;;
https://www.firmy.cz/detail/13601308-hospoda-hrdly-bohusovice-nad-ohri-hrdly.html;1;1;14.169989;50.484399;;
https://www.firmy.cz/detail/13683353-u-josefa-ii-jaromer-josefov.html;4.6;8;15.929485;50.337840;;
https://www.firmy.cz/detail/13137679-bar-u-synagogy-uhlirske-janovice.html;3.2;2;15.064006;49.880379;;
https://www.firmy.cz/detail/13134787-rostislav-krzyzanek-havirov-prostredni-sucha.html;4.7;58;18.452449;49.796970;;
https://www.firmy.cz/detail/13685564-obecni-hospoda-plch-plch.html;4.7;51;15.704731;50.130726;;
https://www.firmy.cz/detail/12750530-hospudka-u-pepana-jindrichov.html;4.7;40;17.498554;50.253777;;
https://www.firmy.cz/detail/13146439-hostinec-u-vaju-zlin-kudlov.html;5;3;17.683799;49.203072;;
https://www.firmy.cz/detail/12839185-hospoda-pod-sedmickou-hodonin.html;5;1;17.129475;48.855940;;
https://www.firmy.cz/detail/12971762-hospudka-u-kocoura-ostrava-kuncice.html;4;2;18.287696;49.792131;;
https://www.firmy.cz/detail/13120691-hospoda-u-me-litovel-rozvadovice.html;2.6;2;17.090304;49.675918;;
https://www.firmy.cz/detail/1356108-pivnice-cerna-plzen-karlovy-vary.html;4.1;11;12.861881;50.227983;;
https://www.firmy.cz/detail/13515620-honzova-hospoda-uhersky-brod-ujezdec.html;3.9;2;17.684482;49.036542;;
https://www.firmy.cz/detail/13513928-hospudka-u-zastavky-opava-podvihov.html;4.1;50;17.976234;49.877070;;
https://www.firmy.cz/detail/13339415-hospudka-na-marvanku-ricany.html;4;51;14.658966;49.984178;;
https://www.firmy.cz/detail/13114467-hostinec-pod-dzbanem-hredle.html;3.5;1;13.748089;50.188195;;
https://www.firmy.cz/detail/13108645-hospudka-u-pepicka-sedlec.html;4.7;148;14.287102;49.072736;;
https://www.firmy.cz/detail/13033633-rapidbar65-praha-karlin.html;4.7;5;14.444111;50.091097;;
https://www.firmy.cz/detail/13116824-hostinec-u-pacu-ondrejov-tremblat.html;5;2;14.761668;49.930988;;
https://www.firmy.cz/detail/13144004-bumbalka-chlebicov.html;5;1;17.971865;49.956979;;
https://www.firmy.cz/detail/13109406-hostinec-virtova-23-strakonice-virt.html;5;2;13.865078;49.266260;;
https://www.firmy.cz/detail/13371908-hospoda-sokolovna-zvoleneves.html;4.8;4;14.181121;50.230308;;
https://www.firmy.cz/detail/13139863-hospoda-na-posedu-mladotice-chrastovice.html;4.7;135;13.351320;50.007182;;
https://www.firmy.cz/detail/13117622-hospudka-u-zastavky-silherovice.html;5;10;18.260520;49.923909;;
https://www.firmy.cz/detail/13730214-hospoda-u-hasu-susice.html;5;1;17.452249;49.121957;;
https://www.firmy.cz/detail/13636028-hospudka-u-toma-drazovice.html;5;1;16.942833;49.194021;;
https://www.firmy.cz/detail/13110115-hostinec-u-brazdilu-karolin.html;4.9;11;17.431193;49.231318;;
https://www.firmy.cz/detail/13208338-zahradni-restaurace-bajk-valasska-polanka.html;4.8;3;17.995052;49.269296;;
https://www.firmy.cz/detail/13120146-hospoda-na-hatich-horni-bezdekov.html;4.7;5;14.068735;50.081867;;
https://www.firmy.cz/detail/13118182-hostinec-oubenice-bystrice-oubenice.html;5;2;14.687664;49.694242;;
https://www.firmy.cz/detail/13112462-hospoda-okounov-okounov-kotvina.html;4.8;3;13.158110;50.363046;;
https://www.firmy.cz/detail/13142899-hostinec-u-nadrazi-tipsport-haj-ve-slezsku-chabicov.html;5;2;18.093820;49.900740;;
https://www.firmy.cz/detail/13134116-hospudka-na-navsi-sobenov.html;4.6;55;14.546045;48.762731;;
https://www.firmy.cz/detail/13007928-hostinec-pod-kastany-krelovice.html;5;3;13.077629;49.874630;;
https://www.firmy.cz/detail/13116173-hospudka-u-cernych-manetin-zhorec.html;5;1;13.139814;50.007930;;
https://www.firmy.cz/detail/13136281-hospoda-trstenice-trstenice.html;5;18;16.194263;48.982515;;
https://www.firmy.cz/detail/13134282-hostinec-u-burianu-luzany.html;4.5;2;13.315665;49.546300;;
https://www.firmy.cz/detail/13736061-ranc-sidlovak-plzen.html;3.4;23;13.374645;49.784215;;
https://www.firmy.cz/detail/12761309-pivni-bar-napalme-praha-liben.html;4.5;14;14.473084;50.104103;;
https://www.firmy.cz/detail/13688924-hospoda-u-karla-hradec-kralove-svinary.html;5;3;15.906819;50.216363;;
https://www.firmy.cz/detail/13110987-hostinec-u-gajdosiku-hrobice.html;5;29;17.790263;49.277361;;
https://www.firmy.cz/detail/13114233-klub-u-kopacky-kacakova-lhota.html;4.5;57;15.419262;50.410184;;
https://www.firmy.cz/detail/13197488-tipsport-bar-zdirec-nad-doubravou.html;4.8;2;15.814403;49.691440;;
https://www.firmy.cz/detail/13372820-obecni-hospoda-milotice.html;4.5;9;17.135438;48.952753;;
https://www.firmy.cz/detail/13123568-ipa-club-znojmo.html;5;2;16.040539;48.862919;;
https://www.firmy.cz/detail/2555295-pivnice-havrlant-frenstat-pod-radhostem.html;5;1;18.212806;49.547179;;
https://www.firmy.cz/detail/13230673-restaurace-pod-brizami-kunzak.html;4;6;15.192021;49.134754;;
https://www.firmy.cz/detail/13111739-jaroslava-latislavova-hospoda-stachy-ubislav.html;4.7;9;13.666073;49.120745;;
https://www.firmy.cz/detail/13115102-hospudka-na-hristi-lubenice.html;5;38;17.119948;49.575118;;
https://www.firmy.cz/detail/13136281-hospoda-trstenice-trstenice.html;5;18;16.194263;48.982515;;
https://www.firmy.cz/detail/13183549-hospoda-u-lipy-anenska-studanka.html;4.7;2;16.540160;49.849831;;
https://www.firmy.cz/detail/13320376-restaurace-sokolovna-smidary.html;4.9;34;15.479962;50.292299;;
https://www.firmy.cz/detail/13111421-hospoda-bristany-bristany.html;5;2;15.617252;50.316136;;
https://www.firmy.cz/detail/13920156-daniela-simkova-ostrava-poruba.html;5;1;18.187900;49.823781;;
https://www.firmy.cz/detail/13737723-hospoda-vyskytna-vyskytna.html;4.6;195;15.363087;49.430766;;
https://www.firmy.cz/detail/13070490-hospoda-jary-cimrmana-rpety.html;4.8;8;13.938601;49.828252;;
https://www.firmy.cz/detail/13109081-hostinec-sportovni-857-mnichovice.html;5;2;14.709492;49.932892;;
https://www.firmy.cz/detail/13273899-hospudka-krmelec-pod-vlcim-hrbetem-jachymov-marianska.html;4.6;27;12.893808;50.355566;;
https://www.firmy.cz/detail/13098474-hospoda-u-divocaka-stremy-jenichov.html;3.5;1;14.587691;50.375327;;
https://www.firmy.cz/detail/13136165-hostinec-slavie-kolec.html;2.7;2;14.225409;50.197851;;
https://www.firmy.cz/detail/2203122-klub-u-dedy-prestice.html;4.8;2;13.329882;49.571224;;
https://www.firmy.cz/detail/13115328-hospoda-u-kastanu-decin-xv-prostredni-zleb.html;None;None;14.230634;50.802471;;
https://www.firmy.cz/detail/13111012-hostinec-u-cihaku-vystrkov.html;4.1;7;15.350220;49.520179;;
https://www.firmy.cz/detail/13112477-hospudka-u-mateje-frydlant-nad-ostravici-frydlant.html;3.4;6;18.358134;49.599953;;
https://www.firmy.cz/detail/13143292-rybarska-hospoda-tipsport-stepanov.html;None;None;17.227021;49.674736;;
https://www.firmy.cz/detail/2499340-bowling-pretin-krenice-pretin.html;None;None;13.189183;49.497970;;
https://www.firmy.cz/detail/12892450-pohostinstvi-sport-vitcice.html;None;None;17.239689;49.311109;;
https://www.firmy.cz/detail/13647929-klub-u-veseleho-kuchare-chyne.html;4.8;150;14.226907;50.060827;;
https://www.firmy.cz/detail/13110799-obcerstveni-u-hriste-dobric.html;None;None;14.260355;50.023214;;
https://www.firmy.cz/detail/13115747-hostinec-u-kaple-radvanice.html;None;None;17.476555;49.510001;;
https://www.firmy.cz/detail/192212-stara-pekarna-brno-ponava.html;None;None;16.604173;49.208340;;
https://www.firmy.cz/detail/13137338-hospoda-okrinek-63-okrinek.html;4.9;41;15.193098;50.165345;;
https://www.firmy.cz/detail/13872683-hospoda-na-hristi-bochor.html;None;None;17.425032;49.417690;;
https://www.firmy.cz/detail/13693277-pivnice-kristynka-kojetin-i-mesto.html;4.7;2;17.307680;49.347659;;
https://www.firmy.cz/detail/1951524-hostinec-u-dluhosu-ostrava-polanka-nad-odrou.html;None;None;18.160050;49.786319;;
https://www.firmy.cz/detail/13115328-hospoda-u-kastanu-decin-xv-prostredni-zleb.html;4.2;3;14.230634;50.802471;;
https://www.firmy.cz/detail/13313183-u-risu-vrbatky-dubany.html;4.1;7;17.191794;49.515230;;
https://www.firmy.cz/detail/13128667-hospoda-u-vitousu-branov.html;None;None;13.841534;50.013807;;
https://www.firmy.cz/detail/13119987-hospoda-u-grosaka-jablonec-nad-nisou-kokonin.html;4.5;1;15.184546;50.706211;;
https://www.firmy.cz/detail/13133973-hospoda-kluky-kluky.html;5;10;15.325210;49.907471;;
https://www.firmy.cz/detail/13119396-hospoda-u-kubinu-lipa.html;5;29;17.768795;49.215161;;
https://www.firmy.cz/detail/13322528-hospudka-na-hristi-lovosice.html;4.1;6;14.059201;50.516065;;
https://www.firmy.cz/detail/13111413-hostinec-u-lipy-babice.html;5;1;17.258353;49.736746;;
https://www.firmy.cz/detail/13540969-hospoda-a-ubytovani-u-rybnika-bartousov.html;4.7;63;15.645786;49.579362;;
https://www.firmy.cz/detail/13136781-hostinec-u-dvou-lip-strezetice.html;5;3;15.716655;50.258696;;
https://www.firmy.cz/detail/304281-hostinec-u-paseku-ujezd-u-brna.html;2.7;29;16.764401;49.103285;;
https://www.firmy.cz/detail/13123187-hospudka-na-kovarne-driten.html;4.7;148;14.345264;49.142163;;
https://www.firmy.cz/detail/12980691-hospoda-na-hristi-maly-bor.html;4.5;1;13.649395;49.329615;;
https://www.firmy.cz/detail/13404160-hospudka-u-studny-orechov.html;4.9;203;16.520611;49.114750;;
https://www.firmy.cz/detail/2203645-hostinec-u-svateho-mikulase-hat.html;4.6;33;18.267959;49.942426;;
https://www.firmy.cz/detail/13123894-pivnice-u-kocourka-brno-trnita.html;5;2;16.615592;49.190811;;
https://www.firmy.cz/detail/13148051-hospudka-na-hristi-hrdliv.html;3;2;14.071700;50.200087;;
https://www.firmy.cz/detail/12887783-obcerstveni-veslak-nymburk.html;4.7;19;15.054411;50.184172;;
https://www.firmy.cz/detail/13601179-restaurace-na-hristi-dolany-nad-vltavou.html;5;2;14.349547;50.224642;;
https://www.firmy.cz/detail/13117402-batalion-u-draku-hradec-kralove.html;4.2;9;15.831506;50.209874;;
https://www.firmy.cz/detail/13584384-hospoda-na-navsi-slustice.html;4.8;3;14.684867;50.039248;;
https://www.firmy.cz/detail/13166807-na-zelene-louce-plzen-valcha.html;4.8;24;13.328770;49.710930;;
https://www.firmy.cz/detail/13223171-hospoda-v-prihrazich-zdar-prihrazy.html;3.9;56;15.075821;50.526646;;
https://www.firmy.cz/detail/13866518-salanda-assen-ostrava-poruba.html;4.8;39;18.190410;49.827418;;
https://www.firmy.cz/detail/13156225-na-hristi-psary.html;4.3;6;14.511928;49.936209;;
https://www.firmy.cz/detail/13115600-hostinec-na-hristi-ricky.html;4.9;203;16.355782;49.232720;;
https://www.firmy.cz/detail/13139675-hospoda-u-puskina-klimkovice-josefovice.html;4.8;33;18.110383;49.771444;;
https://www.firmy.cz/detail/13118003-hospoda-stribrska-260-cernosin.html;5;1;12.891780;49.814464;;
https://www.firmy.cz/detail/13886905-hospoda-pod-kostelem-korouhev.html;4.8;320;16.246981;49.670561;;
https://www.firmy.cz/detail/12934468-hospudka-zichov-kolovec-zichov.html;None;None;13.139549;49.486710;;
https://www.firmy.cz/detail/13149043-vidoninska-hospudka-vidonin.html;None;None;16.221605;49.377244;;
https://www.firmy.cz/detail/13823891-hospoda-na-brance-ptyrov.html;5;1;14.941421;50.511243;;
https://www.firmy.cz/detail/13264920-masnak-jivova.html;4.4;25;17.393758;49.708291;;
https://www.firmy.cz/detail/13097428-vyhlidka-klasterec-nad-ohri-rasovice.html;4.8;19;13.205470;50.373794;;
https://www.firmy.cz/detail/13363968-hospoda-na-horanku-lhenice-tresnovy-ujezdec.html;5;2;14.170249;48.970365;;
https://www.firmy.cz/detail/13119899-hospoda-u-koupaliste-1362-zamberk.html;5;14;16.475386;50.085589;;
https://www.firmy.cz/detail/13146614-hostinec-u-ceske-koruny-melnik.html;4.2;4;14.501203;50.373959;;
https://www.firmy.cz/detail/13113933-jana-vrbova-hradesin.html;4.2;48;14.755124;50.037865;;
https://www.firmy.cz/detail/12885671-bar-oaza-plumlov.html;4.7;33;17.011798;49.466693;;
https://www.firmy.cz/detail/13030583-pohostinstvi-na-sokolovne-lomnice.html;1;1;16.410309;49.403695;;
https://www.firmy.cz/detail/13321208-hospoda-pod-lipou-nydek.html;4.9;10;18.763368;49.659037;;
https://www.firmy.cz/detail/2566486-hostinec-u-dolezalu-zabori-nad-labem.html;4.1;15;15.352029;50.024544;;
https://www.firmy.cz/detail/13450802-hospudka-u-vodnika-tachov.html;5;2;12.627123;49.796697;;
https://www.firmy.cz/detail/12934468-hospudka-zichov-kolovec-zichov.html;5;3;13.139549;49.486710;;
https://www.firmy.cz/detail/13149043-vidoninska-hospudka-vidonin.html;4.4;107;16.221605;49.377244;;
https://www.firmy.cz/detail/13823891-hospoda-na-brance-ptyrov.html;5;1;14.941421;50.511243;;
https://www.firmy.cz/detail/13264920-masnak-jivova.html;4.4;25;17.393758;49.708291;;
https://www.firmy.cz/detail/13097428-vyhlidka-klasterec-nad-ohri-rasovice.html;None;None;13.205470;50.373794;;
https://www.firmy.cz/detail/13363968-hospoda-na-horanku-lhenice-tresnovy-ujezdec.html;5;2;14.170249;48.970365;;
https://www.firmy.cz/detail/13354812-pivnice-pivni-hotovost-frydek-mistek-mistek.html;None;None;18.347756;49.671127;;
https://www.firmy.cz/detail/2143412-hospudka-na-ruzku-holysov.html;None;None;13.105762;49.590974;;
https://www.firmy.cz/detail/13554912-hostinec-horenec-nezabylice-horenec.html;None;None;13.482945;50.422719;;
https://www.firmy.cz/detail/12901816-hospoda-platenice-moravany-platenice.html;None;None;15.954522;50.011423;;
https://www.firmy.cz/detail/12985741-hostinec-pod-borem-pnetluky-konetopy.html;5;2;13.729684;50.267062;;
https://www.firmy.cz/detail/13125311-hospudka-na-vejmenku-vysocina-vesely-kopec.html;4.9;33;15.837426;49.761616;;
https://www.firmy.cz/detail/2598683-hospudka-na-hvezdnym-sternberk.html;None;None;17.298058;49.735983;;
https://www.firmy.cz/detail/13586450-pavlovska-hospudka-pavlov.html;1.5;1;16.878962;49.742752;;
https://www.firmy.cz/detail/13333382-hospoda-na-hristi-rybi.html;None;None;18.078736;49.596722;;
https://www.firmy.cz/detail/13838387-radimovicka-hospudka-radimovice-u-zelce.html;4.8;42;14.650427;49.377964;;
https://www.firmy.cz/detail/13127305-club-montana-praha-vysocany.html;4.5;3;14.487923;50.099950;;
https://www.firmy.cz/detail/13114314-hospudka-u-certa-hrabisin.html;5;1;17.034772;49.913869;;
https://www.firmy.cz/detail/13755811-hospoda-v-kopcanech-zelena-hora.html;None;None;17.013314;49.328782;;
https://www.firmy.cz/detail/13136789-hostinec-nepomuk-nepomuk.html;4.3;4;13.837628;49.644132;;
https://www.firmy.cz/detail/13105432-liberty-bar-na-poste-pardubice-bile-predmesti.html;None;None;15.785815;50.038747;;
https://www.firmy.cz/detail/13189311-hospoda-u-nas-marenice-dolni-svetla.html;4.6;110;14.666792;50.837813;;
https://www.firmy.cz/detail/2369972-hospudka-pod-jirim-olsi.html;4.7;6;16.291100;49.420641;;
https://www.firmy.cz/detail/13741464-hostinec-selsky-dvur-cizkrajov.html;4.5;1;15.390411;49.030642;;
https://www.firmy.cz/detail/573832-hospoda-u-zubra-breclav.html;3.7;3;16.893369;48.771995;;
https://www.firmy.cz/detail/13119498-hospoda-nad-hristem-pivin.html;5;3;17.176181;49.386532;;
https://www.firmy.cz/detail/13569735-pivnice-u-ryby-bystrice-pod-hostynem.html;3;1;17.669853;49.402799;;
https://www.firmy.cz/detail/13504539-senk-roubenka-helenka-turnov-masov.html;None;None;15.146428;50.566154;;
https://www.firmy.cz/detail/13265616-bar-elephant-studenka-butovice.html;None;None;18.051873;49.715378;;
https://www.firmy.cz/detail/13372820-obecni-hospoda-milotice.html;4.5;9;17.135438;48.952753;;
https://www.firmy.cz/detail/13049611-hostinec-safarka-brno-kralovo-pole.html;3.7;12;16.596396;49.221528;;
https://www.firmy.cz/detail/13566519-hostinec-lobkovicky-sklipek-neratovice-lobkovice.html;5;1;14.538152;50.251453;;
https://www.firmy.cz/detail/13115427-pohostinstvi-u-koubu-zalezly.html;None;None;13.894266;49.107536;;
https://www.firmy.cz/detail/12881030-hostinec-u-koblizka-misovice-pohori.html;4.8;5;14.013276;49.486098;;
https://www.firmy.cz/detail/12966960-restaurace-u-posty-revnice.html;5;2;14.232808;49.913449;;
https://www.firmy.cz/detail/13189311-hospoda-u-nas-marenice-dolni-svetla.html;None;None;14.666792;50.837813;;
https://www.firmy.cz/detail/13741464-hostinec-selsky-dvur-cizkrajov.html;4.5;1;15.390411;49.030642;;
https://www.firmy.cz/detail/573832-hospoda-u-zubra-breclav.html;3.7;3;16.893369;48.771995;;
https://www.firmy.cz/detail/13119498-hospoda-nad-hristem-pivin.html;5;3;17.176181;49.386532;;
https://www.firmy.cz/detail/13569735-pivnice-u-ryby-bystrice-pod-hostynem.html;3;1;17.669853;49.402799;;
https://www.firmy.cz/detail/13504539-senk-roubenka-helenka-turnov-masov.html;4.9;11;15.146428;50.566154;;
https://www.firmy.cz/detail/13265616-bar-elephant-studenka-butovice.html;5;1;18.051873;49.715378;;
https://www.firmy.cz/detail/13372820-obecni-hospoda-milotice.html;4.5;9;17.135438;48.952753;;
https://www.firmy.cz/detail/13049611-hostinec-safarka-brno-kralovo-pole.html;3.7;12;16.596396;49.221528;;
https://www.firmy.cz/detail/13566519-hostinec-lobkovicky-sklipek-neratovice-lobkovice.html;5;1;14.538152;50.251453;;
https://www.firmy.cz/detail/13115427-pohostinstvi-u-koubu-zalezly.html;4.5;3;13.894266;49.107536;;
https://www.firmy.cz/detail/12881030-hostinec-u-koblizka-misovice-pohori.html;4.8;5;14.013276;49.486098;;
https://www.firmy.cz/detail/12966960-restaurace-u-posty-revnice.html;None;None;14.232808;49.913449;;
https://www.firmy.cz/detail/13189311-hospoda-u-nas-marenice-dolni-svetla.html;4.6;110;14.666792;50.837813;;
https://www.firmy.cz/detail/2369972-hospudka-pod-jirim-olsi.html;4.7;None;16.291100;49.420641;;
https://www.firmy.cz/detail/13741464-hostinec-selsky-dvur-cizkrajov.html;4.5;1;15.390411;49.030642;;
https://www.firmy.cz/detail/573832-hospoda-u-zubra-breclav.html;3.7;3;16.893369;48.771995;;
https://www.firmy.cz/detail/13119498-hospoda-nad-hristem-pivin.html;5;3;17.176181;49.386532;;
https://www.firmy.cz/detail/13569735-pivnice-u-ryby-bystrice-pod-hostynem.html;3;1;17.669853;49.402799;;
https://www.firmy.cz/detail/13504539-senk-roubenka-helenka-turnov-masov.html;4.9;11;15.146428;50.566154;;
https://www.firmy.cz/detail/13265616-bar-elephant-studenka-butovice.html;5;1;18.051873;49.715378;;
https://www.firmy.cz/detail/13372820-obecni-hospoda-milotice.html;4.5;9;17.135438;48.952753;;
https://www.firmy.cz/detail/13566519-hostinec-lobkovicky-sklipek-neratovice-lobkovice.html;5;1;14.538152;50.251453;;
https://www.firmy.cz/detail/13115427-pohostinstvi-u-koubu-zalezly.html;4.5;3;13.894266;49.107536;;
https://www.firmy.cz/detail/13108858-hospoda-na-pile-milikov.html;5;2;18.700918;49.591852;;
https://www.firmy.cz/detail/13185464-na-rychte-straz.html;4.7;46;12.918652;49.416594;;
https://www.firmy.cz/detail/13123056-restaurace-dobrkovice-231-velim.html;4.5;1;15.102537;50.059988;;
https://www.firmy.cz/detail/12721966-penzion-jaroslav-krasny-plzen-doudlevce.html;5;1;13.387899;49.727344;;
https://www.firmy.cz/detail/13153350-pivnice-don-brno-stary-liskovec.html;3.6;5;16.555020;49.168317;;
https://www.firmy.cz/detail/1951992-hospoda-na-ruzku-rovecne.html;5;5;16.363015;49.578023;;
https://www.firmy.cz/detail/13641851-hostinec-u-plhu-kojcice.html;4.6;40;15.256611;49.476246;;
https://www.firmy.cz/detail/13444881-restaurace-u-marku-otnice.html;4.7;5;16.813008;49.087296;;
https://www.firmy.cz/detail/13142709-hospoda-lysovice-lysovice.html;5;1;16.974329;49.219016;;
https://www.firmy.cz/detail/13023884-hospudka-pod-hrazi-kovarov.html;4.3;None;14.304639;49.509274;;
https://www.firmy.cz/detail/2463347-hospoda-u-cesty-dolni-benesov-zabreh.html;1;1;18.083079;49.920422;;
https://www.firmy.cz/detail/13142899-hostinec-u-nadrazi-tipsport-haj-ve-slezsku-chabicov.html;5;2;18.093820;49.900740;;
https://www.firmy.cz/detail/13770860-obecni-hostinec-lhota-pod-libcany-lhota-pod-libcany.html;4.9;34;15.704251;50.171997;;
https://www.firmy.cz/detail/13108858-hospoda-na-pile-milikov.html;5;2;18.700918;49.591852;;
https://www.firmy.cz/detail/13185464-na-rychte-straz.html;4.5;2;12.918652;49.416594;;
https://www.firmy.cz/detail/13123056-restaurace-dobrkovice-231-velim.html;4.5;1;15.102537;50.059988;;
https://www.firmy.cz/detail/12721966-penzion-jaroslav-krasny-plzen-doudlevce.html;5;1;13.387899;49.727344;;
https://www.firmy.cz/detail/13153350-pivnice-don-brno-stary-liskovec.html;3.6;5;16.555020;49.168317;;
https://www.firmy.cz/detail/1951992-hospoda-na-ruzku-rovecne.html;5;5;16.363015;49.578023;;
https://www.firmy.cz/detail/13641851-hostinec-u-plhu-kojcice.html;4.6;40;15.256611;49.476246;;
https://www.firmy.cz/detail/13142709-hospoda-lysovice-lysovice.html;4.9;25;16.974329;49.219016;;
https://www.firmy.cz/detail/13023884-hospudka-pod-hrazi-kovarov.html;4.3;12;14.304639;49.509274;;
https://www.firmy.cz/detail/2463347-hospoda-u-cesty-dolni-benesov-zabreh.html;1;1;18.083079;49.920422;;
https://www.firmy.cz/detail/13118915-hospoda-v-cerne-u-bohdance-cerna-u-bohdance.html;4.7;51;15.671780;50.056129;;
https://www.firmy.cz/detail/13119157-sk-marina-chyse-davle-sazava.html;4.4;6;14.397071;49.887202;;
https://www.firmy.cz/detail/13329930-restaurace-pivovarka-choltice.html;4.7;51;15.630454;49.988336;;
https://www.firmy.cz/detail/13122204-narodni-hostinec-podoli-podoli.html;3.8;2;17.530781;49.445524;;
https://www.firmy.cz/detail/13063875-hospoda-na-bacce-pribyslav.html;4.5;1;16.168766;50.374371;;
https://www.firmy.cz/detail/13117008-pivni-bar-u-vola-prerov-i-mesto.html;None;None;17.444057;49.456896;;
https://www.firmy.cz/detail/13119182-hospoda-doubravice-82-doubravice.html;5;1;13.857928;49.351203;;
https://www.firmy.cz/detail/13780784-hospudka-tynec-tynec-nad-sazavou.html;5;4;14.593952;49.832126;;
https://www.firmy.cz/detail/13516904-obecni-hospoda-sudislav-nad-orlici.html;5;3;16.312926;49.989301;;
https://www.firmy.cz/detail/2456163-hemingway-pub-plzen-vychodni-predmesti.html;5;5;13.389674;49.738343;;
https://www.firmy.cz/detail/13829450-restaurace-sokolka-frycovice.html;4.8;2;18.226809;49.673972;;
https://www.firmy.cz/detail/13070441-hostinec-na-stare-liber.html;4.7;15;14.478603;49.921430;;
https://www.firmy.cz/detail/13134601-hostinec-u-venci-teplice-trnovany.html;4.8;2;13.838256;50.654795;;
https://www.firmy.cz/detail/13226438-hospudka-na-tocne-buchlovice.html;4.7;23;17.320231;49.076312;;
https://www.firmy.cz/detail/13271173-hospudka-za-humny-boskovice.html;None;None;16.659596;49.486289;;
https://www.firmy.cz/detail/13128981-unleaded-coffee-brno-stare-brno.html;None;None;16.599507;49.189710;;
https://www.firmy.cz/detail/13299489-bistro-start-brno-lesna.html;4;4;16.622380;49.230581;;
https://www.firmy.cz/detail/2214388-roman-vaclavik-ostrava-moravska-ostrava.html;4.8;3;18.260475;49.839737;;
https://www.firmy.cz/detail/13281830-hospudka-u-anny-nove-sedlo.html;4.8;6;12.736845;50.205400;;
https://www.firmy.cz/detail/13301686-pivnice-u-spartana-podebrady-iii.html;3.6;3;15.126624;50.147393;;
https://www.firmy.cz/detail/13111031-hospoda-rataje-rataje.html;4.6;3;14.445260;49.349781;;
https://www.firmy.cz/detail/13641683-hospoda-u-dvou-kaceru-liberec-vi-rochlice.html;1.5;1;15.063097;50.753522;;
https://www.firmy.cz/detail/13101033-pohostinstvi-jilem-jilem.html;4.5;1;15.584212;49.711736;;
https://www.firmy.cz/detail/13116909-hospudka-bukovec-bukovec.html;4.9;15;12.994930;49.586206;;
https://www.firmy.cz/detail/13392382-hospudka-u-zlateho-potoka-kamenna.html;None;None;15.654361;49.508678;;
https://www.firmy.cz/detail/13129771-hospoda-u-kruhu-praha-nove-mesto.html;4.6;19;14.423279;50.080933;;
https://www.firmy.cz/detail/13011129-hospudka-na-hristi-vitin.html;None;None;14.542401;49.090152;;
https://www.firmy.cz/detail/13115356-hostinec-na-myte-korouhev.html;1;1;16.260830;49.665644;;
https://www.firmy.cz/detail/13119097-hospoda-u-broka-teplice.html;4.9;10;13.841493;50.644087;;
https://www.firmy.cz/detail/13110277-hospoda-na-radnici-krivsoudov.html;5;1;15.087090;49.631103;;
https://www.firmy.cz/detail/13110825-u-marus-bystrocice.html;3.8;4;17.189969;49.535720;;
https://www.firmy.cz/detail/13166862-pivni-bar-marsal-frydek-mistek-mistek.html;4;2;18.337681;49.677139;;
https://www.firmy.cz/detail/13134353-hospudka-u-sokola-ostrava-moravska-ostrava.html;None;None;18.287032;49.845681;;
https://www.firmy.cz/detail/13301686-pivnice-u-spartana-podebrady-iii.html;3.6;3;15.126624;50.147393;;
https://www.firmy.cz/detail/13111031-hospoda-rataje-rataje.html;4.6;3;14.445260;49.349781;;
https://www.firmy.cz/detail/13641683-hospoda-u-dvou-kaceru-liberec-vi-rochlice.html;1.5;1;15.063097;50.753522;;
https://www.firmy.cz/detail/13101033-pohostinstvi-jilem-jilem.html;4.5;1;15.584212;49.711736;;
https://www.firmy.cz/detail/13116909-hospudka-bukovec-bukovec.html;4.9;15;12.994930;49.586206;;
https://www.firmy.cz/detail/13392382-hospudka-u-zlateho-potoka-kamenna.html;4.4;7;15.654361;49.508678;;
https://www.firmy.cz/detail/13109236-hostinec-male-brezno-male-brezno.html;None;None;13.560372;50.461968;;
https://www.firmy.cz/detail/13115682-hostinec-u-goje-stare-mesto.html;5;4;18.365788;49.667374;;
https://www.firmy.cz/detail/13287297-obecni-hospoda-vitice.html;4.7;3;14.915011;50.031098;;
https://www.firmy.cz/detail/13110304-hospudka-na-hristi-halenkovice.html;5;2;17.472624;49.169607;;
https://www.firmy.cz/detail/13138246-zdenek-halamka-rohozec.html;4.5;1;16.486043;49.387811;;
https://www.firmy.cz/detail/13116916-hostinec-pod-kastanem-hrivice.html;5;2;13.731348;50.290290;;
https://www.firmy.cz/detail/13302932-hospudka-u-vojty-krhova.html;None;None;17.995660;49.493845;;
https://www.firmy.cz/detail/12908063-hospoda-u-kozelku-bilovice-vcelary.html;5;3;17.534822;49.097964;;
https://www.firmy.cz/detail/13108354-u-marku-vsetin.html;4.5;2;17.997629;49.337180;;
https://www.firmy.cz/detail/13144723-vladimir-lesak-vacov.html;4;1;13.724824;49.137969;;
https://www.firmy.cz/detail/12924046-cheopsova-hospudka-chotebor.html;5;1;15.662376;49.719790;;
https://www.firmy.cz/detail/13119191-hospoda-u-kvety-opatov.html;5;1;16.506350;49.831582;;
https://www.firmy.cz/detail/13841237-obecni-hospoda-rozstani.html;5;1;16.845125;49.397331;;
https://www.firmy.cz/detail/13829045-hospudka-na-vrsicku-litohlavy.html;4.7;3;13.569395;49.760069;;
https://www.firmy.cz/detail/13124201-hospoda-brozovina-busanovice-dolni-nakvasovice.html;4.5;3;13.927492;49.099429;;
https://www.firmy.cz/detail/13177625-hostinec-milcice-mysliv-milcice.html;5;1;13.604862;49.411603;;
https://www.firmy.cz/detail/13582830-cejlecka-senkyrka-cejle.html;5;15;15.470307;49.369294;;
https://www.firmy.cz/detail/13510823-pohostinstvi-chvalesovice-driten-chvalesovice.html;5;1;14.305046;49.163403;;
https://www.firmy.cz/detail/13011924-irish-pub-down-the-street-pribram-vii.html;4.5;4;13.990735;49.679146;;
https://www.firmy.cz/detail/13679855-na-sokolce-zvole.html;5;1;16.914940;49.843269;;
https://www.firmy.cz/detail/13109990-ceska-hospoda-litomysl-pohodli.html;4.8;320;16.297839;49.822295;;
https://www.firmy.cz/detail/12967662-pivni-lokal-u-bomby-brno-kralovo-pole.html;4.4;10;16.593181;49.223508;;
https://www.firmy.cz/detail/13358828-hostinec-u-soucku-cisovice-bojov.html;4.8;43;14.349087;49.880275;;
https://www.firmy.cz/detail/337828-restaurace-u-vedru-brno-slatina.html;4.7;None;16.682926;49.178117;;
https://www.firmy.cz/detail/13310839-hospudka-u-styblu-brno-kralovo-pole.html;3.5;2;16.587102;49.219186;;
https://www.firmy.cz/detail/13121083-hostinec-na-kopecku-horni-marsov.html;4.8;277;15.819314;50.653614;;
https://www.firmy.cz/detail/13276459-lidovy-dum-stary-plzenec-stary-plzenec.html;3.5;4;13.470552;49.702688;;
https://www.firmy.cz/detail/13142654-hospudka-u-dubu-albrechtice.html;4.7;26;18.528539;49.790353;;
https://www.firmy.cz/detail/13145008-hostinec-cvrcovice-cvrcovice.html;4.5;2;16.514933;48.992442;;
https://www.firmy.cz/detail/13121537-hostinec-na-sachte-slavkov-pod-hostynem.html;5;3;17.670137;49.376709;;
https://www.firmy.cz/detail/13116515-hostinec-klondajk-kostelec-nad-labem.html;3.9;6;14.584866;50.224997;;
https://www.firmy.cz/detail/13872584-lucky-bar-klatovy-i.html;5;1;13.293591;49.396839;;
https://www.firmy.cz/detail/1985183-hostinec-u-farmare-pardubice-drazkovice.html;4.7;19;15.771716;50.001439;;
https://www.firmy.cz/detail/13118558-sport-bar-fanatic-kutna-hora-hlouska.html;5;3;15.276898;49.953056;;
https://www.firmy.cz/detail/13064724-pohostinstvi-u-dubu-laz.html;4.1;6;13.912708;49.652648;;
https://www.firmy.cz/detail/12967662-pivni-lokal-u-bomby-brno-kralovo-pole.html;4.4;10;16.593181;49.223508;;
https://www.firmy.cz/detail/13358828-hostinec-u-soucku-cisovice-bojov.html;4.8;43;14.349087;49.880275;;
https://www.firmy.cz/detail/337828-restaurace-u-vedru-brno-slatina.html;4.7;15;16.682926;49.178117;;
https://www.firmy.cz/detail/13310839-hospudka-u-styblu-brno-kralovo-pole.html;3.5;2;16.587102;49.219186;;
https://www.firmy.cz/detail/13121083-hostinec-na-kopecku-horni-marsov.html;4.8;277;15.819314;50.653614;;
https://www.firmy.cz/detail/13276459-lidovy-dum-stary-plzenec-stary-plzenec.html;3.5;4;13.470552;49.702688;;
https://www.firmy.cz/detail/13133724-hospudka-na-kovarne-lasovice.html;5;9;13.782749;50.055195;;
https://www.firmy.cz/detail/13126473-hospoda-zamecka-703-odry.html;4.9;26;17.831333;49.664010;;
https://www.firmy.cz/detail/13111650-hospoda-zdetin-zdetin.html;None;None;16.991321;49.505676;;
https://www.firmy.cz/detail/13166807-na-zelene-louce-plzen-valcha.html;4.8;24;13.328770;49.710930;;
https://www.firmy.cz/detail/13056538-hospudka-u-paulusu-vrbatuv-kostelec.html;5;3;15.940501;49.856545;;
https://www.firmy.cz/detail/13118461-hospoda-na-tocne-praha-tocna.html;4.6;10;14.431152;49.972816;;
https://www.firmy.cz/detail/13139687-restaurace-luka-14-luka.html;4;2;16.946495;49.649414;;
https://www.firmy.cz/detail/13636454-hospudka-na-navsi-makotrasy.html;5;3;14.215889;50.144446;;
https://www.firmy.cz/detail/13614998-obecni-hospudka-hostin-hostin.html;4.6;20;14.588057;50.340790;;
https://www.firmy.cz/detail/13110607-hospoda-u-hriste-vesela.html;4.6;33;13.601888;49.696941;;
https://www.firmy.cz/detail/13542688-u-rejze-rybniste.html;5;1;14.512071;50.879707;;
https://www.firmy.cz/detail/13914172-hospoda-pod-lesem-losina.html;4.7;128;13.456497;49.665836;;
https://www.firmy.cz/detail/13137779-hostinec-u-franty-brno-husovice.html;4.6;4;16.634734;49.212835;;
https://www.firmy.cz/detail/13209725-hospudka-u-kocoura-tisice-kozly.html;3.8;5;14.560687;50.254027;;
https://www.firmy.cz/detail/13136676-billiard-svet-praha-ujezd-nad-lesy.html;5;1;14.664500;50.075333;;
https://www.firmy.cz/detail/13226728-u-kaplicky-dobrochov.html;4.3;4;17.105922;49.385183;;
https://www.firmy.cz/detail/13117060-hospoda-u-rybnika-chrast-chacholice.html;3.5;1;15.949106;49.881622;;
https://www.firmy.cz/detail/13797863-game-club-krusovicka-pivnice-usti-nad-labem-centrum.html;2.9;2;14.043854;50.660260;;
https://www.firmy.cz/detail/13552065-hostinec-u-ambrozu-myslejovice.html;5;4;17.030163;49.407053;;
https://www.firmy.cz/detail/13840073-melcanska-hospudka-melcany.html;4.9;203;16.492404;49.076009;;
https://www.firmy.cz/detail/13820468-hospoda-pod-kastanem-libnic.html;4.7;148;14.543479;49.020149;;
https://www.firmy.cz/detail/13636454-hospudka-na-navsi-makotrasy.html;5;3;14.215889;50.144446;;
https://www.firmy.cz/detail/13862282-penzion-na-stare-ceste-hospoda-destne-v-orlickych-horach.html;5;4;16.356108;50.303187;;
https://www.firmy.cz/detail/13167183-hospoda-na-chlumu-zlin-chlum.html;4.5;83;17.602795;49.229995;;
https://www.firmy.cz/detail/13140268-pivnice-terasa-varnsdorf.html;5;13;14.618684;50.909954;;
https://www.firmy.cz/detail/13272842-lounska-pivnice-teplice-trnovany.html;4.8;2;13.850952;50.646618;;
https://www.firmy.cz/detail/13119255-sportklub-sokolovna-zliv.html;5;3;14.370028;49.066508;;
https://www.firmy.cz/detail/13118132-pohostinstvi-u-anezky-dobrinsko.html;5;18;16.261453;49.051776;;
https://www.firmy.cz/detail/13109406-hostinec-virtova-23-strakonice-virt.html;5;2;13.865078;49.266260;;
https://www.firmy.cz/detail/2540467-hospudka-na-kopecku-kuncice-pod-ondrejnikem.html;4.6;75;18.288524;49.540637;;
https://www.firmy.cz/detail/13759105-hospudka-na-navsi-cetyne.html;4.2;5;14.121006;49.599727;;
https://www.firmy.cz/detail/12840796-pivnice-centrum-orlova-lutyne.html;None;None;18.424942;49.869322;;
https://www.firmy.cz/detail/13815062-lukovska-hospoda-lukova.html;4.7;2;16.596475;49.872700;;
https://www.firmy.cz/detail/13156135-hospoda-na-hristi-kladno-kladno-rozdelov.html;5;2;14.070102;50.137954;;
https://www.firmy.cz/detail/2670736-na-ruzku-nemojany.html;5;2;16.914321;49.247031;;
https://www.firmy.cz/detail/13072601-restaurace-na-vrchu-trsice-prestavlky.html;4.9;10;17.378395;49.538210;;
https://www.firmy.cz/detail/13862282-penzion-na-stare-ceste-hospoda-destne-v-orlickych-horach.html;5;4;16.356108;50.303187;;
https://www.firmy.cz/detail/13167183-hospoda-na-chlumu-zlin-chlum.html;4.5;83;17.602795;49.229995;;
https://www.firmy.cz/detail/13428086-hospoda-u-hvezdy-chomutov.html;1.7;2;13.422922;50.462788;;
https://www.firmy.cz/detail/13122711-restaurace-chuderice-52-chuderice.html;4.9;34;15.549846;50.148345;;
https://www.firmy.cz/detail/13898563-pivnice-na-minske-brno-zabovresky.html;4.7;15;16.586693;49.210244;;
https://www.firmy.cz/detail/13451903-sokolka-radobycice-plzen.html;4.9;21;13.396371;49.695466;;
https://www.firmy.cz/detail/13001386-hostinec-u-ceskeho-lva-mnichovo-hradiste-vesela.html;1;1;14.969107;50.497287;;
https://www.firmy.cz/detail/13824017-hostinec-u-svestku-hyskov.html;3;3;14.052302;49.990630;;
https://www.firmy.cz/detail/13437048-busovicka-hospoda-busovice.html;None;None;13.533401;49.795951;;
https://www.firmy.cz/detail/13855802-na-hristu-visky.html;5;1;16.623982;49.534943;;
https://www.firmy.cz/detail/12981828-kvitkovska-konirna-kvitkov.html;4.5;25;14.488545;50.654681;;
https://www.firmy.cz/detail/13110502-hostinec-na-bayerce-vstis.html;4.6;4;13.247300;49.637423;;
https://www.firmy.cz/detail/13143832-mukade-ostrava-poruba.html;4.2;8;18.164995;49.831456;;
https://www.firmy.cz/detail/13115254-hospudka-na-rozcesti-osoblaha.html;5;2;17.718871;50.278328;;
https://www.firmy.cz/detail/2539235-hostinec-u-dolezalu-police-nad-metuji-hlavnov.html;3.7;25;16.254764;50.556579;;
https://www.firmy.cz/detail/13428086-hospoda-u-hvezdy-chomutov.html;1.7;2;13.422922;50.462788;;
https://www.firmy.cz/detail/13122711-restaurace-chuderice-52-chuderice.html;None;None;15.549846;50.148345;;
https://www.firmy.cz/detail/13898563-pivnice-na-minske-brno-zabovresky.html;4.7;15;16.586693;49.210244;;
https://www.firmy.cz/detail/13451903-sokolka-radobycice-plzen.html;None;None;13.396371;49.695466;;
https://www.firmy.cz/detail/13001386-hostinec-u-ceskeho-lva-mnichovo-hradiste-vesela.html;1;1;14.969107;50.497287;;
https://www.firmy.cz/detail/185694-motopub-route-66-trebic-nove-dvory.html;4.8;13;15.880825;49.222075;;
https://www.firmy.cz/detail/13109830-hostinec-u-marinky-bykos.html;5;1;14.063785;49.883014;;
https://www.firmy.cz/detail/13118992-pohostinstvi-u-klementu-horni-stepanov-pohora.html;4.9;17;16.753050;49.561104;;
https://www.firmy.cz/detail/2587042-hostinec-u-stamgastu-hukvaldy-dolni-sklenov.html;4.8;14;18.216412;49.634236;;
https://www.firmy.cz/detail/13116907-hospoda-u-juranku-pisecna.html;5;3;17.250723;50.271986;;
https://www.firmy.cz/detail/13109403-hostinec-kravsko-kravsko.html;5;18;15.985276;48.920558;;
https://www.firmy.cz/detail/13215989-hospudka-na-ruzku-hovorcovice.html;5;1;14.517883;50.178857;;
https://www.firmy.cz/detail/13134282-hostinec-u-burianu-luzany.html;4.5;2;13.315665;49.546300;;
https://www.firmy.cz/detail/1298656-semosicka-hospoda-horsovsky-tyn-semosice.html;4.9;7;12.982252;49.538953;;
https://www.firmy.cz/detail/13109466-hostinec-volenice-volenice.html;4.5;1;13.748674;49.251838;;
https://www.firmy.cz/detail/13371823-hospoda-u-krizu-mlady-smolivec-budislavice.html;4.9;15;13.713509;49.505774;;
https://www.firmy.cz/detail/2681369-hospoda-u-smrku-stare-buky-prostredni-stare-buky.html;4.8;17;15.858994;50.530443;;
https://www.firmy.cz/detail/2141867-hostinec-u-nemcu-stare-mesto-petrusov.html;None;None;16.726480;49.804576;;
https://www.firmy.cz/detail/13204957-pivnice-u-zelene-zaby-podebrady-i.html;4.1;14;15.117276;50.143225;;
https://www.firmy.cz/detail/185694-motopub-route-66-trebic-nove-dvory.html;4.8;9;15.880825;49.222075;;
https://www.firmy.cz/detail/13109830-hostinec-u-marinky-bykos.html;5;1;14.063785;49.883014;;
https://www.firmy.cz/detail/13118992-pohostinstvi-u-klementu-horni-stepanov-pohora.html;4.9;17;16.753050;49.561104;;
https://www.firmy.cz/detail/2587042-hostinec-u-stamgastu-hukvaldy-dolni-sklenov.html;4.8;None;18.216412;49.634236;;
https://www.firmy.cz/detail/13116907-hospoda-u-juranku-pisecna.html;5;3;17.250723;50.271986;;
https://www.firmy.cz/detail/13109403-hostinec-kravsko-kravsko.html;4.3;59;15.985276;48.920558;;
https://www.firmy.cz/detail/13134282-hostinec-u-burianu-luzany.html;4.5;2;13.315665;49.546300;;
https://www.firmy.cz/detail/1298656-semosicka-hospoda-horsovsky-tyn-semosice.html;4.9;7;12.982252;49.538953;;
https://www.firmy.cz/detail/13109466-hostinec-volenice-volenice.html;4.5;1;13.748674;49.251838;;
https://www.firmy.cz/detail/13371823-hospoda-u-krizu-mlady-smolivec-budislavice.html;4.9;15;13.713509;49.505774;;
https://www.firmy.cz/detail/2681369-hospoda-u-smrku-stare-buky-prostredni-stare-buky.html;None;None;15.858994;50.530443;;
https://www.firmy.cz/detail/2141867-hostinec-u-nemcu-stare-mesto-petrusov.html;5;25;16.726480;49.804576;;
https://www.firmy.cz/detail/13204957-pivnice-u-zelene-zaby-podebrady-i.html;4.1;14;15.117276;50.143225;;
https://www.firmy.cz/detail/185694-motopub-route-66-trebic-nove-dvory.html;4.8;13;15.880825;49.222075;;
https://www.firmy.cz/detail/13109830-hostinec-u-marinky-bykos.html;5;1;14.063785;49.883014;;
https://www.firmy.cz/detail/13118992-pohostinstvi-u-klementu-horni-stepanov-pohora.html;4.9;17;16.753050;49.561104;;
https://www.firmy.cz/detail/2587042-hostinec-u-stamgastu-hukvaldy-dolni-sklenov.html;4.8;None;18.216412;49.634236;;
https://www.firmy.cz/detail/13116907-hospoda-u-juranku-pisecna.html;5;3;17.250723;50.271986;;
https://www.firmy.cz/detail/13109403-hostinec-kravsko-kravsko.html;5;18;15.985276;48.920558;;
https://www.firmy.cz/detail/13215989-hospudka-na-ruzku-hovorcovice.html;5;1;14.517883;50.178857;;
https://www.firmy.cz/detail/13134282-hostinec-u-burianu-luzany.html;4.5;2;13.315665;49.546300;;
https://www.firmy.cz/detail/1298656-semosicka-hospoda-horsovsky-tyn-semosice.html;4.9;7;12.982252;49.538953;;
https://www.firmy.cz/detail/13109466-hostinec-volenice-volenice.html;4.5;1;13.748674;49.251838;;
https://www.firmy.cz/detail/13371823-hospoda-u-krizu-mlady-smolivec-budislavice.html;4.9;15;13.713509;49.505774;;
https://www.firmy.cz/detail/2681369-hospoda-u-smrku-stare-buky-prostredni-stare-buky.html;4.8;17;15.858994;50.530443;;
https://www.firmy.cz/detail/13153987-pivnice-plzenka-velesin.html;5;2;14.458281;48.830408;;
https://www.firmy.cz/detail/13079723-hostinec-ve-mlyne-praha-krc.html;4.8;None;14.457158;50.015967;;
https://www.firmy.cz/detail/13080764-pohostinstvi-na-hristi-mlada-boleslav.html;5;3;14.886576;50.412172;;
https://www.firmy.cz/detail/13120513-pacu-pub-tucapy-tucapy.html;4.5;19;17.333665;49.047988;;
https://www.firmy.cz/detail/13259251-krusovicka-restaurace-konecna-most.html;4.9;11;13.634930;50.492885;;
https://www.firmy.cz/detail/13139801-hospoda-trebohostice-49-trebohostice-zadni-zborovice.html;4.8;19;13.845245;49.330877;;
https://www.firmy.cz/detail/13627094-hostinec-u-kamenneho-stolu-tis-u-blatna.html;4.7;5;13.345092;50.084653;;
https://www.firmy.cz/detail/12898249-hostinec-dasny-dasny.html;4;4;14.410089;49.018831;;
https://www.firmy.cz/detail/13353221-hostinec-moravan-oldrisov.html;4.1;2;17.969408;49.989358;;
https://www.firmy.cz/detail/2030447-hospoda-obecni-dum-liskovice.html;4.6;19;15.554845;50.336734;;
https://www.firmy.cz/detail/13515143-hostinec-mnisi-koprivnice-mnisi.html;5;1;18.200873;49.600100;;
https://www.firmy.cz/detail/13133868-restaurace-myslivna-huntirov-stara-oleska.html;4.1;13;14.333049;50.801855;;
https://www.firmy.cz/detail/13207734-hospoda-u-sklenariku-halenkovice.html;4.2;3;17.466919;49.160836;;
https://www.firmy.cz/detail/13919332-golova-hospoda-ceska-skalice.html;4.7;54;16.045242;50.389553;;
https://www.firmy.cz/detail/12901479-horni-hospoda-dolni-bojanovice.html;4.4;11;17.028299;48.859275;;
https://www.firmy.cz/detail/13461923-u-vocka-plzen-bolevec.html;3.1;2;13.370582;49.772508;;
https://www.firmy.cz/detail/13131256-putyka-brno-zebetin.html;4.9;9;16.496018;49.219592;;
https://www.firmy.cz/detail/13119446-hospudka-u-jelinku-kolin-iii.html;5;1;15.201996;50.026077;;
https://www.firmy.cz/detail/13261299-hospudka-u-pavla-police-nad-metuji.html;4.6;8;16.225400;50.534190;;
https://www.firmy.cz/detail/13335204-belovsky-klub-u-kominika-belov.html;4;1;17.482542;49.216420;;
https://www.firmy.cz/detail/13627094-hostinec-u-kamenneho-stolu-tis-u-blatna.html;4.7;5;13.345092;50.084653;;
https://www.firmy.cz/detail/12898249-hostinec-dasny-dasny.html;4;4;14.410089;49.018831;;
https://www.firmy.cz/detail/13353221-hostinec-moravan-oldrisov.html;5;10;17.969408;49.989358;;
https://www.firmy.cz/detail/2030447-hospoda-obecni-dum-liskovice.html;4.6;19;15.554845;50.336734;;
https://www.firmy.cz/detail/13515143-hostinec-mnisi-koprivnice-mnisi.html;5;1;18.200873;49.600100;;
https://www.firmy.cz/detail/13133868-restaurace-myslivna-huntirov-stara-oleska.html;4.1;None;14.333049;50.801855;;
https://www.firmy.cz/detail/13207734-hospoda-u-sklenariku-halenkovice.html;4.2;3;17.466919;49.160836;;
https://www.firmy.cz/detail/13919332-golova-hospoda-ceska-skalice.html;4.7;54;16.045242;50.389553;;
https://www.firmy.cz/detail/2072338-pivni-senk-ctyri-ruze-brno-veveri.html;4;8;16.600758;49.200634;;
https://www.firmy.cz/detail/13416833-senk-u-bile-pani-usobi.html;5;1;15.502060;49.516471;;
https://www.firmy.cz/detail/12717662-hospoda-u-slehy-mochtin-hosticky.html;4.8;3;13.372818;49.378254;;
https://www.firmy.cz/detail/12701073-hospudka-u-skolky-jihlava.html;4.8;3;15.596692;49.391151;;
https://www.firmy.cz/detail/13490825-hostinec-na-rozcesti-petrovice.html;1;1;17.448508;50.238951;;
https://www.firmy.cz/detail/13503225-vajtfis-bar-praha-nove-mesto.html;5;1;14.416382;50.079791;;
https://www.firmy.cz/detail/12903047-hospudka-na-hasicarne-skripov.html;4.5;2;16.816776;49.582961;;
https://www.firmy.cz/detail/13123576-restaurace-nachod-96-nachod-lipi.html;2.8;2;16.170094;50.398853;;
https://www.firmy.cz/detail/13337629-u-olmeru-rest-pub-praha-nusle.html;4.6;20;14.425236;50.063776;;
https://www.firmy.cz/detail/13263376-hostinec-u-hvezdy-bucina.html;4.7;9;16.193113;49.896921;;
https://www.firmy.cz/detail/13116290-u-brejniku-doksy.html;5;1;14.046366;50.118073;;
https://www.firmy.cz/detail/13204439-hostinec-na-stare-poste-zahradky.html;3.7;98;14.536277;50.628537;;
https://www.firmy.cz/detail/155165-hospoda-u-pavliku-lidecko.html;4.3;8;18.051279;49.201534;;
https://www.firmy.cz/detail/12796175-hospudka-u-kone-znojmo.html;3.7;3;16.050361;48.860832;;
https://www.firmy.cz/detail/13503222-hostinec-olesenka-u-aleny-cerveny-kostelec-olesnice.html;5;2;16.087488;50.453154;;
https://www.firmy.cz/detail/13407913-nadrazni-bar-cihelna-kurim.html;4.5;2;16.533927;49.300679;;
https://www.firmy.cz/detail/13118932-pivnice-na-hristi-nedachlebice.html;5;2;17.590765;49.102232;;
https://www.firmy.cz/detail/13849211-kd-zliv-zliv.html;3.5;2;14.367818;49.064448;;
https://www.firmy.cz/detail/13112259-u-mikesku-ostrava-hrabuvka.html;4;1;18.266124;49.789751;;
https://www.firmy.cz/detail/13114755-pivnice-u-obecniho-uradu-zabonosy.html;None;None;15.026915;50.035277;;
https://www.firmy.cz/detail/13528456-kk-u-zavor-karlstejn.html;5;3;14.180353;49.931596;;
https://www.firmy.cz/detail/12896935-pohostinstvi-u-divocha-senomaty-nouzov.html;5;1;13.644862;50.108423;;
https://www.firmy.cz/detail/13569591-hospoda-na-hristi-velke-svatonovice.html;4.6;6;16.037544;50.532941;;
https://www.firmy.cz/detail/13233203-bar-u-foxu-plzen-jizni-predmesti.html;5;1;13.369794;49.733460;;
https://www.firmy.cz/detail/13815749-obecni-hostinec-pravlov-pravlov.html;4.9;203;16.482648;49.054450;;
https://www.firmy.cz/detail/13532392-hospoda-delnicky-dum-pchery-humny.html;4.6;3;14.110623;50.188830;;
https://www.firmy.cz/detail/13121722-obecni-hospudka-lesni-hluboke.html;1;1;16.305851;49.268723;;
https://www.firmy.cz/detail/13117590-hostinec-u-agaty-opava-puste-jakartice.html;4.1;2;17.948701;49.966763;;
https://www.firmy.cz/detail/13300193-hybralecka-hospoda-hybralec.html;4.6;5;15.559264;49.428507;;
https://www.firmy.cz/detail/13301310-hospudka-u-mikese-olomouc-losov.html;3.1;5;17.364149;49.619816;;
https://www.firmy.cz/detail/13257807-hospoda-kaclehy-kaclehy.html;5;109;15.077045;49.107460;;
https://www.firmy.cz/detail/13500152-pivnice-sokol-petrvald.html;4;2;18.392542;49.832074;;
https://www.firmy.cz/detail/13112259-u-mikesku-ostrava-hrabuvka.html;4;1;18.266124;49.789751;;
https://www.firmy.cz/detail/13114755-pivnice-u-obecniho-uradu-zabonosy.html;5;1;15.026915;50.035277;;
https://www.firmy.cz/detail/13528456-kk-u-zavor-karlstejn.html;5;3;14.180353;49.931596;;
https://www.firmy.cz/detail/12896935-pohostinstvi-u-divocha-senomaty-nouzov.html;5;1;13.644862;50.108423;;
https://www.firmy.cz/detail/13356564-hostinec-nadrazi-chlumec.html;4.7;7;13.926614;50.703543;;
https://www.firmy.cz/detail/13119066-plavecka-hospudka-plavsko.html;5;1;14.904272;49.084636;;
https://www.firmy.cz/detail/13109015-hospoda-zabreh-zabreh.html;None;None;16.874892;49.884635;;
https://www.firmy.cz/detail/13244527-hospudka-v-arealu-svojsice.html;4.6;4;15.602524;49.970395;;
https://www.firmy.cz/detail/13010371-hostinec-kass-vrdy-dolni-bucice.html;5;1;15.461575;49.925307;;
https://www.firmy.cz/detail/13191609-hospudka-u-drevasu-vrbno-pod-pradedem.html;4.7;4;17.373481;50.122698;;
https://www.firmy.cz/detail/13119758-hospudka-tago-otice.html;3.8;64;17.866065;49.917740;;
https://www.firmy.cz/detail/13860167-hajanska-hospoda-hajany.html;4;1;13.834495;49.446934;;
https://www.firmy.cz/detail/13666211-pilska-hospoda-pila.html;4.7;3;12.928671;50.183834;;
https://www.firmy.cz/detail/13614653-ww-klub-ostrava-ostrava-moravska-ostrava.html;4.7;3;18.285986;49.846565;;
https://www.firmy.cz/detail/13111184-hostinec-u-karla-radslavice.html;5;1;16.997863;49.325983;;
https://www.firmy.cz/detail/13463855-hospudka-pod-vezi-krasne.html;5;20;15.744988;49.821231;;
https://www.firmy.cz/detail/13111406-hostinec-u-praotce-cecha-ctineves.html;4.1;10;14.307410;50.374650;;
https://www.firmy.cz/detail/13254296-hospoda-privetice-privetice.html;5;2;13.612587;49.835689;;
https://www.firmy.cz/detail/13117046-restaurace-vrtule-ostrava-vyskovice.html;4.9;7;18.220079;49.777014;;
https://www.firmy.cz/detail/12712806-hospoda-stadak-blatna.html;3.1;2;13.878553;49.426476;;
https://www.firmy.cz/detail/12746063-hospudka-do-vetru-praha-brevnov.html;4.8;14;14.352723;50.088093;;
https://www.firmy.cz/detail/13119057-zubcicka-lavina-zubcice.html;4.5;2;14.405905;48.796333;;
https://www.firmy.cz/detail/13114879-hospoda-na-myte-vitonice.html;5;1;17.693940;49.448630;;
https://www.firmy.cz/detail/13797893-jehnicka-hospudka-u-condru-brno-jehnice.html;None;None;16.596712;49.271399;;
https://www.firmy.cz/detail/13139621-hostinec-podomi-15-podomi.html;None;None;16.832796;49.344989;;
https://www.firmy.cz/detail/13666211-pilska-hospoda-pila.html;4.7;3;12.928671;50.183834;;
https://www.firmy.cz/detail/13614653-ww-klub-ostrava-ostrava-moravska-ostrava.html;4.7;3;18.285986;49.846565;;
https://www.firmy.cz/detail/13111184-hostinec-u-karla-radslavice.html;4.9;25;16.997863;49.325983;;
https://www.firmy.cz/detail/13463855-hospudka-pod-vezi-krasne.html;5;None;15.744988;49.821231;;
https://www.firmy.cz/detail/13111406-hostinec-u-praotce-cecha-ctineves.html;4.1;10;14.307410;50.374650;;
https://www.firmy.cz/detail/13254296-hospoda-privetice-privetice.html;5;2;13.612587;49.835689;;
https://www.firmy.cz/detail/13117046-restaurace-vrtule-ostrava-vyskovice.html;4.9;7;18.220079;49.777014;;
https://www.firmy.cz/detail/12712806-hospoda-stadak-blatna.html;3.1;2;13.878553;49.426476;;
https://www.firmy.cz/detail/12746063-hospudka-do-vetru-praha-brevnov.html;4.8;14;14.352723;50.088093;;
https://www.firmy.cz/detail/13460882-hospoda-na-hristi-tremosna.html;4;2;13.386835;49.814789;;
https://www.firmy.cz/detail/13608338-hospoda-u-bocana-praha-hloubetin.html;4;3;14.530427;50.104917;;
https://www.firmy.cz/detail/13116061-pivnice-u-zoji-karlovy-vary-stara-role.html;5;2;12.830489;50.246930;;
https://www.firmy.cz/detail/13031268-hospudka-pod-lipou-sedlec-prcice-kvasejovice.html;4.6;3;14.495040;49.572295;;
https://www.firmy.cz/detail/13872953-parlament-rock-club-plzen-jizni-predmesti.html;4.9;8;13.371160;49.747776;;
https://www.firmy.cz/detail/13116535-skalka-gorolia-mosty-u-jablunkova.html;4.4;31;18.715969;49.516702;;
https://www.firmy.cz/detail/13123188-restaurace-olymp-dubi-pozorka.html;5;13;13.793921;50.660452;;
https://www.firmy.cz/detail/13417763-hospoda-lidovy-dum-praha-uhrineves.html;4.6;11;14.600482;50.030203;;
https://www.firmy.cz/detail/12983246-obcerstveni-v-kempu-tj-spartak-sobeslav-sobeslav.html;4.3;7;14.713253;49.252588;;
https://www.firmy.cz/detail/13131727-hostinec-na-zavadilce-sveti.html;5;2;15.784535;50.255291;;
https://www.firmy.cz/detail/13865282-stara-hospoda-brasy-krise.html;5;1;13.552890;49.830696;;
https://www.firmy.cz/detail/13167063-restaurace-u-johnu-petrovice.html;4.3;33;13.976851;50.745550;;
https://www.firmy.cz/detail/12838232-u-horvatu-benatky-nad-jizerou-i.html;4.3;40;14.826358;50.291958;;
https://www.firmy.cz/detail/13391995-hospudka-mlyny-kytlice-mlyny.html;4.6;27;14.497434;50.811006;;
https://www.firmy.cz/detail/13109998-hostinec-krhov-krhov.html;5;4;16.582342;49.461725;;
https://www.firmy.cz/detail/13850468-pivnice-cerveny-hradek-havlickuv-brod.html;4.5;1;15.579154;49.612822;;
https://www.firmy.cz/detail/13530376-hospoda-u-spejcharu-zakava.html;5;4;13.530103;49.629751;;
https://www.firmy.cz/detail/13693313-hospudka-u-sumce-kromeriz.html;4.1;3;17.377787;49.312189;;
https://www.firmy.cz/detail/13126886-domecek-praha.html;4;8;14.412802;50.127289;;
https://www.firmy.cz/detail/13116535-skalka-gorolia-mosty-u-jablunkova.html;None;None;18.715969;49.516702;;
https://www.firmy.cz/detail/13123188-restaurace-olymp-dubi-pozorka.html;5;1;13.793921;50.660452;;
https://www.firmy.cz/detail/13417763-hospoda-lidovy-dum-praha-uhrineves.html;4.6;11;14.600482;50.030203;;
https://www.firmy.cz/detail/12983246-obcerstveni-v-kempu-tj-spartak-sobeslav-sobeslav.html;4.3;7;14.713253;49.252588;;
https://www.firmy.cz/detail/13131727-hostinec-na-zavadilce-sveti.html;4.9;34;15.784535;50.255291;;
https://www.firmy.cz/detail/13865282-stara-hospoda-brasy-krise.html;5;1;13.552890;49.830696;;
https://www.firmy.cz/detail/13167063-restaurace-u-johnu-petrovice.html;4.3;33;13.976851;50.745550;;
https://www.firmy.cz/detail/12838232-u-horvatu-benatky-nad-jizerou-i.html;4.3;40;14.826358;50.291958;;
https://www.firmy.cz/detail/13391995-hospudka-mlyny-kytlice-mlyny.html;4.6;None;14.497434;50.811006;;
https://www.firmy.cz/detail/13109998-hostinec-krhov-krhov.html;5;4;16.582342;49.461725;;
https://www.firmy.cz/detail/13850468-pivnice-cerveny-hradek-havlickuv-brod.html;4.5;1;15.579154;49.612822;;
https://www.firmy.cz/detail/13530376-hospoda-u-spejcharu-zakava.html;5;4;13.530103;49.629751;;
https://www.firmy.cz/detail/13693313-hospudka-u-sumce-kromeriz.html;4.1;3;17.377787;49.312189;;
https://www.firmy.cz/detail/13126886-domecek-praha.html;4;8;14.412802;50.127289;;
https://www.firmy.cz/detail/13116535-skalka-gorolia-mosty-u-jablunkova.html;4.4;31;18.715969;49.516702;;
https://www.firmy.cz/detail/13123188-restaurace-olymp-dubi-pozorka.html;5;13;13.793921;50.660452;;
https://www.firmy.cz/detail/13417763-hospoda-lidovy-dum-praha-uhrineves.html;4.6;11;14.600482;50.030203;;
https://www.firmy.cz/detail/12983246-obcerstveni-v-kempu-tj-spartak-sobeslav-sobeslav.html;4.3;7;14.713253;49.252588;;
https://www.firmy.cz/detail/13131727-hostinec-na-zavadilce-sveti.html;5;2;15.784535;50.255291;;
https://www.firmy.cz/detail/13865282-stara-hospoda-brasy-krise.html;5;1;13.552890;49.830696;;
https://www.firmy.cz/detail/13167063-restaurace-u-johnu-petrovice.html;4.3;33;13.976851;50.745550;;
https://www.firmy.cz/detail/13391995-hospudka-mlyny-kytlice-mlyny.html;4.6;27;14.497434;50.811006;;
https://www.firmy.cz/detail/13109998-hostinec-krhov-krhov.html;4.9;31;16.582342;49.461725;;
https://www.firmy.cz/detail/13850468-pivnice-cerveny-hradek-havlickuv-brod.html;4.5;1;15.579154;49.612822;;
https://www.firmy.cz/detail/13530376-hospoda-u-spejcharu-zakava.html;5;4;13.530103;49.629751;;
https://www.firmy.cz/detail/13011066-beer-bar-brothers-uherske-hradiste.html;4.3;9;17.458809;49.069561;;
https://www.firmy.cz/detail/13119052-hostinec-u-kusu-hradek-cejkovy.html;4.8;4;13.515852;49.291763;;
https://www.firmy.cz/detail/13120260-u-kalicha-rychnov-u-jablonce-nad-nisou.html;4.9;9;15.151367;50.682995;;
https://www.firmy.cz/detail/634205-hospoda-u-cimpla-hejnice-ferdinandov.html;4.6;56;15.170969;50.869904;;
https://www.firmy.cz/detail/13125237-obecni-hospoda-hosty.html;5;4;14.393512;49.258403;;
https://www.firmy.cz/detail/13122176-obecni-hospoda-lanov-horni-lanov.html;4.5;2;15.660068;50.632490;;
https://www.firmy.cz/detail/2227629-hostinec-kulturni-dum-sumna.html;3.5;4;15.871649;48.920767;;
https://www.firmy.cz/detail/13270668-sokolovna-chroustovice-chroustovice.html;5;1;15.990034;49.956122;;
https://www.firmy.cz/detail/13110203-hostinec-na-lapaci-svabenice.html;5;1;17.120410;49.279268;;
https://www.firmy.cz/detail/13290921-velkej-cajk-mnichovo-hradiste.html;4.3;2;14.971232;50.526619;;
https://www.firmy.cz/detail/13113669-hospudka-rusalka-zlata-olesnice-navarov.html;4;23;15.316171;50.678525;;
https://www.firmy.cz/detail/13229002-vycep-fialka-praha-liben.html;1;1;14.487772;50.106288;;
https://www.firmy.cz/detail/13120602-hospoda-na-hristi-tasovice-tasovice.html;4;3;16.149897;48.837101;;
https://www.firmy.cz/detail/13011148-stara-kotelna-uherske-hradiste-jarosov.html;5;1;17.502538;49.087212;;
https://www.firmy.cz/detail/13011066-beer-bar-brothers-uherske-hradiste.html;4.3;9;17.458809;49.069561;;
https://www.firmy.cz/detail/13119052-hostinec-u-kusu-hradek-cejkovy.html;4.8;4;13.515852;49.291763;;
https://www.firmy.cz/detail/13120260-u-kalicha-rychnov-u-jablonce-nad-nisou.html;4.9;9;15.151367;50.682995;;
https://www.firmy.cz/detail/634205-hospoda-u-cimpla-hejnice-ferdinandov.html;4.6;56;15.170969;50.869904;;
https://www.firmy.cz/detail/13125237-obecni-hospoda-hosty.html;5;4;14.393512;49.258403;;
https://www.firmy.cz/detail/13122176-obecni-hospoda-lanov-horni-lanov.html;4.5;2;15.660068;50.632490;;
https://www.firmy.cz/detail/2227629-hostinec-kulturni-dum-sumna.html;3.5;4;15.871649;48.920767;;
https://www.firmy.cz/detail/13270668-sokolovna-chroustovice-chroustovice.html;5;1;15.990034;49.956122;;
https://www.firmy.cz/detail/13110203-hostinec-na-lapaci-svabenice.html;5;1;17.120410;49.279268;;
https://www.firmy.cz/detail/13290921-velkej-cajk-mnichovo-hradiste.html;4.3;2;14.971232;50.526619;;
https://www.firmy.cz/detail/13113669-hospudka-rusalka-zlata-olesnice-navarov.html;4;23;15.316171;50.678525;;
https://www.firmy.cz/detail/13229002-vycep-fialka-praha-liben.html;1;1;14.487772;50.106288;;
https://www.firmy.cz/detail/13120602-hospoda-na-hristi-tasovice-tasovice.html;4;3;16.149897;48.837101;;
https://www.firmy.cz/detail/13011148-stara-kotelna-uherske-hradiste-jarosov.html;5;1;17.502538;49.087212;;
https://www.firmy.cz/detail/13774520-hospudka-u-kocura-zeranovice.html;4.9;11;17.610933;49.287422;;
https://www.firmy.cz/detail/13118285-dago-bezpecnostni-agentura-branany.html;3.5;1;13.702557;50.541884;;
https://www.firmy.cz/detail/13154887-pivnice-severka-karlovy-vary-rybare.html;2.6;2;12.852328;50.237535;;
https://www.firmy.cz/detail/12969993-pivni-laborator-u-rumlika-praha-nusle.html;5;48;14.443794;50.056438;;
https://www.firmy.cz/detail/13639916-hostinec-nad-certoryji-hruba-skala-krckovice.html;4.8;2;15.186143;50.524916;;
https://www.firmy.cz/detail/250268-pohostinstvi-u-malatu-tynec.html;1;1;13.261796;49.345963;;
https://www.firmy.cz/detail/13525265-hospudka-na-koupalisti-chabarovice.html;4;1;13.933629;50.681857;;
https://www.firmy.cz/detail/13118520-hospoda-vedrovice-6-vedrovice.html;4.5;2;16.375943;49.019525;;
https://www.firmy.cz/detail/2362574-hostinec-u-hrdlicku-modra-hurka.html;5;1;14.526919;49.179486;;
https://www.firmy.cz/detail/706283-hospudka-pod-kastanem-zitenice-skalice.html;5;4;14.136589;50.564281;;
https://www.firmy.cz/detail/13115780-sokolovna-drevohostice.html;4.9;9;17.591196;49.428265;;
https://www.firmy.cz/detail/13081541-hospudka-u-soudku-frydek-mistek-frydek.html;4.5;3;18.368193;49.686374;;
https://www.firmy.cz/detail/13134581-hospoda-u-franty-svatava.html;5;1;12.617134;50.194713;;
https://www.firmy.cz/detail/12756596-cesnovicka-hospoda-pistin-cesnovice.html;4.6;116;14.361428;49.033718;;
https://www.firmy.cz/detail/13774520-hospudka-u-kocura-zeranovice.html;4.9;11;17.610933;49.287422;;
https://www.firmy.cz/detail/13118285-dago-bezpecnostni-agentura-branany.html;3.5;1;13.702557;50.541884;;
https://www.firmy.cz/detail/13154887-pivnice-severka-karlovy-vary-rybare.html;2.6;2;12.852328;50.237535;;
https://www.firmy.cz/detail/12969993-pivni-laborator-u-rumlika-praha-nusle.html;5;48;14.443794;50.056438;;
https://www.firmy.cz/detail/13639916-hostinec-nad-certoryji-hruba-skala-krckovice.html;4.8;2;15.186143;50.524916;;
https://www.firmy.cz/detail/250268-pohostinstvi-u-malatu-tynec.html;1;1;13.261796;49.345963;;
https://www.firmy.cz/detail/13525265-hospudka-na-koupalisti-chabarovice.html;4;1;13.933629;50.681857;;
https://www.firmy.cz/detail/13118520-hospoda-vedrovice-6-vedrovice.html;4.5;2;16.375943;49.019525;;
https://www.firmy.cz/detail/2362574-hostinec-u-hrdlicku-modra-hurka.html;5;1;14.526919;49.179486;;
https://www.firmy.cz/detail/13203833-hostinec-modra-hvezda-litovel.html;4.6;9;17.073431;49.706639;;
https://www.firmy.cz/detail/2593315-pivnice-lesni-zatisi-usti-nad-labem-nestemice.html;5;26;14.095273;50.680382;;
https://www.firmy.cz/detail/13210196-hostinec-monika-flosmanova-meclov.html;4;1;12.877900;49.508036;;
https://www.firmy.cz/detail/612332-hostinec-pod-homoli-lhoty-u-potstejna.html;4.8;10;16.267581;50.055011;;
https://www.firmy.cz/detail/13114233-klub-u-kopacky-kacakova-lhota.html;4.9;18;15.419262;50.410184;;
https://www.firmy.cz/detail/2471364-pivnice-na-ceplove-caslav-nove-mesto.html;5;10;15.386916;49.907286;;
https://www.firmy.cz/detail/13110954-hospudka-josef-zalcik-velke-heraltice-tabor.html;4.8;6;17.747872;49.997139;;
https://www.firmy.cz/detail/13904449-ozdravovna-u-sirotku-vresovice.html;4.5;1;17.215552;49.058937;;
https://www.firmy.cz/detail/13832852-hostinec-marta-mestecko-trnavka.html;4.8;320;16.724455;49.708635;;
https://www.firmy.cz/detail/13128262-hospudka-u-nadrazi-dolni-bousov.html;5;1;15.132667;50.441254;;
https://www.firmy.cz/detail/13116741-hostinec-hubert-nova-role-meziroli.html;4.8;41;12.815153;50.277117;;
https://www.firmy.cz/detail/13475834-pivnice-u-korinku-brno-zabovresky.html;4.6;4;16.587869;49.211718;;
https://www.firmy.cz/detail/13147699-hospoda-u-hriste-travcice.html;4.7;113;14.196082;50.503225;;
https://www.firmy.cz/detail/13313689-hospudka-u-ramba-zatec.html;4.4;8;13.551408;50.324783;;
https://www.firmy.cz/detail/13136742-ceska-hospudka-renata-kravare.html;5;10;18.017823;49.933925;;
https://www.firmy.cz/detail/13659509-rybarka-sadska-sadska.html;4.4;6;14.980629;50.158630;;
https://www.firmy.cz/detail/13136204-hospoda-pod-lipou-tyn-nad-becvou.html;3.6;4;17.618455;49.518062;;
https://www.firmy.cz/detail/13485482-kozlovska-hospoda-strelske-hostice-kozlov.html;2.9;19;13.748720;49.298309;;
https://www.firmy.cz/detail/13759493-hospudka-hajov-pribor-hajov.html;4.9;26;18.190372;49.636064;;
https://www.firmy.cz/detail/2471364-pivnice-na-ceplove-caslav-nove-mesto.html;5;10;15.386916;49.907286;;
https://www.firmy.cz/detail/13110954-hospudka-josef-zalcik-velke-heraltice-tabor.html;4.8;6;17.747872;49.997139;;
https://www.firmy.cz/detail/13904449-ozdravovna-u-sirotku-vresovice.html;4.5;1;17.215552;49.058937;;
https://www.firmy.cz/detail/13832852-hostinec-marta-mestecko-trnavka.html;4.8;320;16.724455;49.708635;;
https://www.firmy.cz/detail/13128262-hospudka-u-nadrazi-dolni-bousov.html;5;1;15.132667;50.441254;;
https://www.firmy.cz/detail/13116741-hostinec-hubert-nova-role-meziroli.html;None;None;12.815153;50.277117;;
https://www.firmy.cz/detail/13475834-pivnice-u-korinku-brno-zabovresky.html;4.6;4;16.587869;49.211718;;
https://www.firmy.cz/detail/13147699-hospoda-u-hriste-travcice.html;4.7;113;14.196082;50.503225;;
https://www.firmy.cz/detail/13313689-hospudka-u-ramba-zatec.html;4.4;8;13.551408;50.324783;;
https://www.firmy.cz/detail/13136742-ceska-hospudka-renata-kravare.html;None;None;18.017823;49.933925;;
https://www.firmy.cz/detail/13659509-rybarka-sadska-sadska.html;4.4;6;14.980629;50.158630;;
https://www.firmy.cz/detail/13136204-hospoda-pod-lipou-tyn-nad-becvou.html;3.6;4;17.618455;49.518062;;
https://www.firmy.cz/detail/13485482-kozlovska-hospoda-strelske-hostice-kozlov.html;2.9;19;13.748720;49.298309;;
https://www.firmy.cz/detail/13759493-hospudka-hajov-pribor-hajov.html;4.8;14;18.190372;49.636064;;
https://www.firmy.cz/detail/2471364-pivnice-na-ceplove-caslav-nove-mesto.html;5;10;15.386916;49.907286;;
https://www.firmy.cz/detail/13110954-hospudka-josef-zalcik-velke-heraltice-tabor.html;4.8;6;17.747872;49.997139;;
https://www.firmy.cz/detail/13904449-ozdravovna-u-sirotku-vresovice.html;None;None;17.215552;49.058937;;
https://www.firmy.cz/detail/13832852-hostinec-marta-mestecko-trnavka.html;4.8;320;16.724455;49.708635;;
https://www.firmy.cz/detail/13128262-hospudka-u-nadrazi-dolni-bousov.html;5;1;15.132667;50.441254;;
https://www.firmy.cz/detail/13116741-hostinec-hubert-nova-role-meziroli.html;4.2;2;12.815153;50.277117;;
https://www.firmy.cz/detail/13147699-hospoda-u-hriste-travcice.html;4.7;113;14.196082;50.503225;;
https://www.firmy.cz/detail/13136742-ceska-hospudka-renata-kravare.html;5;10;18.017823;49.933925;;
https://www.firmy.cz/detail/13659509-rybarka-sadska-sadska.html;4.4;6;14.980629;50.158630;;
https://www.firmy.cz/detail/13136204-hospoda-pod-lipou-tyn-nad-becvou.html;3.6;4;17.618455;49.518062;;
https://www.firmy.cz/detail/13485482-kozlovska-hospoda-strelske-hostice-kozlov.html;2.9;19;13.748720;49.298309;;
https://www.firmy.cz/detail/13759493-hospudka-hajov-pribor-hajov.html;4.9;26;18.190372;49.636064;;
https://www.firmy.cz/detail/2471364-pivnice-na-ceplove-caslav-nove-mesto.html;5;10;15.386916;49.907286;;
https://www.firmy.cz/detail/13110954-hospudka-josef-zalcik-velke-heraltice-tabor.html;4.8;6;17.747872;49.997139;;
https://www.firmy.cz/detail/13904449-ozdravovna-u-sirotku-vresovice.html;None;None;17.215552;49.058937;;
https://www.firmy.cz/detail/13832852-hostinec-marta-mestecko-trnavka.html;4.6;41;16.724455;49.708635;;
https://www.firmy.cz/detail/13128262-hospudka-u-nadrazi-dolni-bousov.html;None;None;15.132667;50.441254;;
https://www.firmy.cz/detail/12960737-nase-hospoda-na-ruzku-praha-smichov.html;3.9;21;14.409609;50.060311;;
https://www.firmy.cz/detail/12909885-obecni-hospoda-osvetimany.html;5;1;17.250276;49.055930;;
https://www.firmy.cz/detail/12985425-hospoda-u-mlejna-radvanec.html;4;30;14.592764;50.754167;;
https://www.firmy.cz/detail/13496516-hospoda-na-hristi-cejc.html;4.7;97;16.967828;48.944010;;
https://www.firmy.cz/detail/13107540-pivovarska-hospoda-chrudim-medlesice.html;4;19;15.769730;49.977619;;
https://www.firmy.cz/detail/13123962-tryo-bar-otrokovice-kvitkovice.html;1;3;17.538182;49.202864;;
https://www.firmy.cz/detail/13136411-hospoda-kraslice-kraslice.html;5;1;12.506563;50.331238;;
https://www.firmy.cz/detail/13115421-hostinec-u-anicky-osiky.html;4;1;16.421192;49.456796;;
https://www.firmy.cz/detail/13000983-hospudka-u-splavu-putim.html;4;20;14.117002;49.264793;;
https://www.firmy.cz/detail/13109371-hostinec-stavesice-stavesice.html;5;2;17.030842;49.000516;;
https://www.firmy.cz/detail/13334172-hospudka-u-sudy-plzen-ujezd.html;4.7;2;13.437223;49.759939;;
https://www.firmy.cz/detail/13011304-senk-na-hrazi-jicin-holinske-predmesti.html;4.5;9;15.349568;50.439590;;
https://www.firmy.cz/detail/13327605-kovarna-lutova-chlum-u-trebone-lutova.html;4.3;54;14.908839;48.989567;;
https://www.firmy.cz/detail/13805223-pivnice-u-lasa-brno-cerna-pole.html;4.9;32;16.623964;49.209344;;
https://www.firmy.cz/detail/12960737-nase-hospoda-na-ruzku-praha-smichov.html;3.9;21;14.409609;50.060311;;
https://www.firmy.cz/detail/12909885-obecni-hospoda-osvetimany.html;5;1;17.250276;49.055930;;
https://www.firmy.cz/detail/12985425-hospoda-u-mlejna-radvanec.html;4;30;14.592764;50.754167;;
https://www.firmy.cz/detail/13107540-pivovarska-hospoda-chrudim-medlesice.html;4;19;15.769730;49.977619;;
https://www.firmy.cz/detail/13136411-hospoda-kraslice-kraslice.html;5;1;12.506563;50.331238;;
https://www.firmy.cz/detail/13115421-hostinec-u-anicky-osiky.html;4.9;203;16.421192;49.456796;;
https://www.firmy.cz/detail/13000983-hospudka-u-splavu-putim.html;4;20;14.117002;49.264793;;
https://www.firmy.cz/detail/13109371-hostinec-stavesice-stavesice.html;None;None;17.030842;49.000516;;
https://www.firmy.cz/detail/13334172-hospudka-u-sudy-plzen-ujezd.html;4.7;2;13.437223;49.759939;;
https://www.firmy.cz/detail/13011304-senk-na-hrazi-jicin-holinske-predmesti.html;4.5;9;15.349568;50.439590;;
https://www.firmy.cz/detail/13327605-kovarna-lutova-chlum-u-trebone-lutova.html;4.3;54;14.908839;48.989567;;
https://www.firmy.cz/detail/13805223-pivnice-u-lasa-brno-cerna-pole.html;4.9;32;16.623964;49.209344;;
https://www.firmy.cz/detail/12960737-nase-hospoda-na-ruzku-praha-smichov.html;3.9;21;14.409609;50.060311;;
https://www.firmy.cz/detail/12909885-obecni-hospoda-osvetimany.html;5;1;17.250276;49.055930;;
https://www.firmy.cz/detail/12985425-hospoda-u-mlejna-radvanec.html;4;30;14.592764;50.754167;;
https://www.firmy.cz/detail/13119104-hostinec-u-tuku-starnov.html;5;38;17.273247;49.686213;;
https://www.firmy.cz/detail/13371571-hostinec-sajdluv-mlyn-trstenice.html;4.8;21;16.344716;49.806555;;
https://www.firmy.cz/detail/13110112-u-ceskeho-lva-cizkov.html;4.9;15;13.679078;49.540879;;
https://www.firmy.cz/detail/13112845-pohostinstvi-u-cola-bohutice.html;2.7;2;16.360319;48.990895;;
https://www.firmy.cz/detail/13114539-ta-nase-hospudka-ceska-ceradice.html;4.9;18;13.493167;50.309104;;
https://www.firmy.cz/detail/13010992-hospudka-u-blondyny-jihlava.html;5;5;15.588836;49.398708;;
https://www.firmy.cz/detail/13121145-bistro-u-sumce-vedomice.html;4.1;None;14.254591;50.432080;;
https://www.firmy.cz/detail/2698044-klub-triana-cheznovice.html;4.6;33;13.786103;49.778419;;
https://www.firmy.cz/detail/12969462-restaurace-lucky-bastard-beerhouse-brno-veveri.html;4.3;19;16.591174;49.198895;;
https://www.firmy.cz/detail/13117671-restaurace-otov-14-otov.html;4.7;46;12.842330;49.486278;;
https://www.firmy.cz/detail/13152366-kurnik-horicky-mecov.html;4.5;4;16.015681;50.464299;;
https://www.firmy.cz/detail/13116591-u-jezka-stary-poddvorov.html;4;1;16.988974;48.873643;;
https://www.firmy.cz/detail/12984924-hospoda-pod-obrazem-krnov-pod-bezrucovym-vrchem.html;4.1;7;17.700685;50.089137;;
https://www.firmy.cz/detail/13869812-lahvacek-praha-letnany.html;5;12;14.514699;50.136576;;
https://www.firmy.cz/detail/13119104-hostinec-u-tuku-starnov.html;5;38;17.273247;49.686213;;
https://www.firmy.cz/detail/13371571-hostinec-sajdluv-mlyn-trstenice.html;4.8;21;16.344716;49.806555;;
https://www.firmy.cz/detail/13110112-u-ceskeho-lva-cizkov.html;4.9;15;13.679078;49.540879;;
https://www.firmy.cz/detail/13112845-pohostinstvi-u-cola-bohutice.html;None;None;16.360319;48.990895;;
https://www.firmy.cz/detail/13114539-ta-nase-hospudka-ceska-ceradice.html;4.9;18;13.493167;50.309104;;
https://www.firmy.cz/detail/13010992-hospudka-u-blondyny-jihlava.html;None;None;15.588836;49.398708;;
https://www.firmy.cz/detail/13121145-bistro-u-sumce-vedomice.html;4.1;9;14.254591;50.432080;;
https://www.firmy.cz/detail/2698044-klub-triana-cheznovice.html;4.6;33;13.786103;49.778419;;
https://www.firmy.cz/detail/12969462-restaurace-lucky-bastard-beerhouse-brno-veveri.html;4.3;19;16.591174;49.198895;;
https://www.firmy.cz/detail/13117671-restaurace-otov-14-otov.html;4.7;46;12.842330;49.486278;;
https://www.firmy.cz/detail/13152366-kurnik-horicky-mecov.html;4.5;4;16.015681;50.464299;;
https://www.firmy.cz/detail/13116591-u-jezka-stary-poddvorov.html;4;1;16.988974;48.873643;;
https://www.firmy.cz/detail/12984924-hospoda-pod-obrazem-krnov-pod-bezrucovym-vrchem.html;4.1;7;17.700685;50.089137;;
https://www.firmy.cz/detail/13869812-lahvacek-praha-letnany.html;5;12;14.514699;50.136576;;
https://www.firmy.cz/detail/13119104-hostinec-u-tuku-starnov.html;5;38;17.273247;49.686213;;
https://www.firmy.cz/detail/13371571-hostinec-sajdluv-mlyn-trstenice.html;4.8;21;16.344716;49.806555;;
https://www.firmy.cz/detail/13110112-u-ceskeho-lva-cizkov.html;4.9;15;13.679078;49.540879;;
https://www.firmy.cz/detail/13112845-pohostinstvi-u-cola-bohutice.html;2.7;2;16.360319;48.990895;;
https://www.firmy.cz/detail/13114539-ta-nase-hospudka-ceska-ceradice.html;4.9;18;13.493167;50.309104;;
https://www.firmy.cz/detail/13010992-hospudka-u-blondyny-jihlava.html;5;5;15.588836;49.398708;;
https://www.firmy.cz/detail/13121145-bistro-u-sumce-vedomice.html;4.1;9;14.254591;50.432080;;
https://www.firmy.cz/detail/2698044-klub-triana-cheznovice.html;4.6;33;13.786103;49.778419;;
https://www.firmy.cz/detail/12969462-restaurace-lucky-bastard-beerhouse-brno-veveri.html;4.3;19;16.591174;49.198895;;
https://www.firmy.cz/detail/13117671-restaurace-otov-14-otov.html;4.7;46;12.842330;49.486278;;
https://www.firmy.cz/detail/13152366-kurnik-horicky-mecov.html;4.5;4;16.015681;50.464299;;
https://www.firmy.cz/detail/13116591-u-jezka-stary-poddvorov.html;4;1;16.988974;48.873643;;
https://www.firmy.cz/detail/12984924-hospoda-pod-obrazem-krnov-pod-bezrucovym-vrchem.html;4.1;7;17.700685;50.089137;;
https://www.firmy.cz/detail/13869812-lahvacek-praha-letnany.html;5;12;14.514699;50.136576;;
https://www.firmy.cz/detail/13119104-hostinec-u-tuku-starnov.html;5;38;17.273247;49.686213;;
https://www.firmy.cz/detail/13371571-hostinec-sajdluv-mlyn-trstenice.html;4.8;21;16.344716;49.806555;;
https://www.firmy.cz/detail/13110112-u-ceskeho-lva-cizkov.html;4.9;15;13.679078;49.540879;;
https://www.firmy.cz/detail/13164160-sedelska-hospoda-cimer-sedlo.html;4.7;26;15.036617;49.046233;;
https://www.firmy.cz/detail/13370024-sport-club-victoria-pist.html;3.5;3;18.204946;49.979870;;
https://www.firmy.cz/detail/420682-hostinec-na-poste-tynec-nad-sazavou-chrast-nad-sazavou.html;3;2;14.554292;49.846665;;
https://www.firmy.cz/detail/13214628-hospudka-kopejtkuv-mlyn-horni-myslova.html;5;15;15.417562;49.169494;;
https://www.firmy.cz/detail/13427759-cankovicka-hospoda-cankovice.html;4;1;15.937260;49.963763;;
https://www.firmy.cz/detail/13185454-pohostinstvi-klimkovice-klimkovice.html;4.8;9;18.122217;49.806915;;
https://www.firmy.cz/detail/13303926-hospoda-u-bozky-svobodne-hermanice.html;4.1;4;17.674001;49.945151;;
https://www.firmy.cz/detail/13030577-hospudka-frymburk-frymburk.html;4;95;14.168433;48.663026;;
https://www.firmy.cz/detail/13025688-hospudka-rozkos-rozkos.html;4.1;2;15.977920;49.028572;;
https://www.firmy.cz/detail/12859482-rybarska-chata-u-sumce-stribro-butov.html;4.4;12;13.058521;49.768359;;
https://www.firmy.cz/detail/13113813-adela-splichalova-martinkov.html;3.8;3;15.710356;49.097009;;
https://www.firmy.cz/detail/13178905-hostinec-dobroslavice-dobroslavice.html;4.3;4;18.140554;49.878567;;
https://www.firmy.cz/detail/13116990-hospoda-u-pundu-jindrichuv-hradec-horni-zdar.html;5;1;14.995263;49.112004;;
https://www.firmy.cz/detail/13146587-restaurant-club-pecka-chomutov.html;2;1;13.439565;50.487991;;
https://www.firmy.cz/detail/13359769-hospoda-ve-skole-sebirov.html;5;2;14.825166;49.565808;;
https://www.firmy.cz/detail/13108359-hostinec-dalov-sternberk-dalov.html;4.1;5;17.338536;49.784132;;
https://www.firmy.cz/detail/13412542-restaurace-spica-bohumin-novy-bohumin.html;4.9;6;18.359350;49.893955;;
https://www.firmy.cz/detail/13065863-krcma-u-jana-zizky-borovany-trocnov.html;5;6;14.595949;48.906873;;
https://www.firmy.cz/detail/13427759-cankovicka-hospoda-cankovice.html;4.9;33;15.937260;49.963763;;
https://www.firmy.cz/detail/13185454-pohostinstvi-klimkovice-klimkovice.html;4.8;9;18.122217;49.806915;;
https://www.firmy.cz/detail/13030577-hospudka-frymburk-frymburk.html;4;95;14.168433;48.663026;;
https://www.firmy.cz/detail/13025688-hospudka-rozkos-rozkos.html;4.1;2;15.977920;49.028572;;
https://www.firmy.cz/detail/12859482-rybarska-chata-u-sumce-stribro-butov.html;4.4;12;13.058521;49.768359;;
https://www.firmy.cz/detail/13113813-adela-splichalova-martinkov.html;3.8;3;15.710356;49.097009;;
https://www.firmy.cz/detail/13178905-hostinec-dobroslavice-dobroslavice.html;4.3;4;18.140554;49.878567;;
https://www.firmy.cz/detail/13116990-hospoda-u-pundu-jindrichuv-hradec-horni-zdar.html;5;1;14.995263;49.112004;;
https://www.firmy.cz/detail/13146587-restaurant-club-pecka-chomutov.html;2;1;13.439565;50.487991;;
https://www.firmy.cz/detail/13359769-hospoda-ve-skole-sebirov.html;5;2;14.825166;49.565808;;
https://www.firmy.cz/detail/13108359-hostinec-dalov-sternberk-dalov.html;4.1;5;17.338536;49.784132;;
https://www.firmy.cz/detail/13412542-restaurace-spica-bohumin-novy-bohumin.html;4.9;6;18.359350;49.893955;;
https://www.firmy.cz/detail/13065863-krcma-u-jana-zizky-borovany-trocnov.html;5;6;14.595949;48.906873;;
https://www.firmy.cz/detail/13427759-cankovicka-hospoda-cankovice.html;4.9;33;15.937260;49.963763;;
https://www.firmy.cz/detail/13185454-pohostinstvi-klimkovice-klimkovice.html;4.8;9;18.122217;49.806915;;
https://www.firmy.cz/detail/13303926-hospoda-u-bozky-svobodne-hermanice.html;4.1;4;17.674001;49.945151;;
https://www.firmy.cz/detail/13030577-hospudka-frymburk-frymburk.html;None;None;14.168433;48.663026;;
https://www.firmy.cz/detail/13025688-hospudka-rozkos-rozkos.html;4.1;2;15.977920;49.028572;;
https://www.firmy.cz/detail/12859482-rybarska-chata-u-sumce-stribro-butov.html;4.4;12;13.058521;49.768359;;
https://www.firmy.cz/detail/13113813-adela-splichalova-martinkov.html;3.8;3;15.710356;49.097009;;
https://www.firmy.cz/detail/13178905-hostinec-dobroslavice-dobroslavice.html;4.3;4;18.140554;49.878567;;
https://www.firmy.cz/detail/13116990-hospoda-u-pundu-jindrichuv-hradec-horni-zdar.html;5;1;14.995263;49.112004;;
https://www.firmy.cz/detail/13146587-restaurant-club-pecka-chomutov.html;2;1;13.439565;50.487991;;
https://www.firmy.cz/detail/13359769-hospoda-ve-skole-sebirov.html;5;2;14.825166;49.565808;;
https://www.firmy.cz/detail/13108359-hostinec-dalov-sternberk-dalov.html;4.1;5;17.338536;49.784132;;
https://www.firmy.cz/detail/13412542-restaurace-spica-bohumin-novy-bohumin.html;4.9;6;18.359350;49.893955;;
https://www.firmy.cz/detail/13065863-krcma-u-jana-zizky-borovany-trocnov.html;5;6;14.595949;48.906873;;
https://www.firmy.cz/detail/13427759-cankovicka-hospoda-cankovice.html;4.9;33;15.937260;49.963763;;
https://www.firmy.cz/detail/13185454-pohostinstvi-klimkovice-klimkovice.html;4.8;9;18.122217;49.806915;;
https://www.firmy.cz/detail/13303926-hospoda-u-bozky-svobodne-hermanice.html;4.1;4;17.674001;49.945151;;
https://www.firmy.cz/detail/13030577-hospudka-frymburk-frymburk.html;4;95;14.168433;48.663026;;
https://www.firmy.cz/detail/13025688-hospudka-rozkos-rozkos.html;4.1;2;15.977920;49.028572;;
https://www.firmy.cz/detail/12859482-rybarska-chata-u-sumce-stribro-butov.html;4.4;12;13.058521;49.768359;;
https://www.firmy.cz/detail/13113813-adela-splichalova-martinkov.html;3.8;3;15.710356;49.097009;;
https://www.firmy.cz/detail/13178905-hostinec-dobroslavice-dobroslavice.html;4.3;4;18.140554;49.878567;;
https://www.firmy.cz/detail/13116990-hospoda-u-pundu-jindrichuv-hradec-horni-zdar.html;5;1;14.995263;49.112004;;
https://www.firmy.cz/detail/13146587-restaurant-club-pecka-chomutov.html;2;1;13.439565;50.487991;;
https://www.firmy.cz/detail/13359769-hospoda-ve-skole-sebirov.html;5;2;14.825166;49.565808;;
https://www.firmy.cz/detail/13108359-hostinec-dalov-sternberk-dalov.html;4.1;5;17.338536;49.784132;;
https://www.firmy.cz/detail/13412542-restaurace-spica-bohumin-novy-bohumin.html;4.9;6;18.359350;49.893955;;
https://www.firmy.cz/detail/13065863-krcma-u-jana-zizky-borovany-trocnov.html;5;6;14.595949;48.906873;;
https://www.firmy.cz/detail/13427759-cankovicka-hospoda-cankovice.html;4.9;33;15.937260;49.963763;;
https://www.firmy.cz/detail/13185454-pohostinstvi-klimkovice-klimkovice.html;4.8;None;18.122217;49.806915;;
https://www.firmy.cz/detail/13303926-hospoda-u-bozky-svobodne-hermanice.html;4.1;4;17.674001;49.945151;;
https://www.firmy.cz/detail/13770872-hospudka-sokolovna-boritov.html;4.9;31;16.589547;49.419323;;
https://www.firmy.cz/detail/12925618-hostinec-na-rozhledne-bradlec.html;4.1;2;14.906633;50.453247;;
https://www.firmy.cz/detail/13322989-hospoda-ajax-vnorovy-liderovice.html;4;3;17.342413;48.924879;;
https://www.firmy.cz/detail/13108952-hostinec-dolni-novosedly-dolni-novosedly.html;4.8;51;14.196942;49.328981;;
https://www.firmy.cz/detail/13136408-hospoda-u-knihovny-chomutov.html;4.9;20;13.417627;50.458809;;
https://www.firmy.cz/detail/13759231-hospoda-u-soptika-plzen-bukovec.html;5;1;13.443264;49.768766;;
https://www.firmy.cz/detail/13598152-fotbalova-hospudka-sk-breziny-decin-xxvii-breziny.html;4.5;1;14.240227;50.764612;;
https://www.firmy.cz/detail/13297619-hospudka-na-pancave-trokavec.html;4.1;11;13.696752;49.652966;;
https://www.firmy.cz/detail/13135700-hospudka-na-kolejich-mosty-u-jablunkova.html;4.7;24;18.751570;49.524281;;
https://www.firmy.cz/detail/13109537-hospudka-u-muzikanta-lipova.html;None;None;16.863139;49.523627;;
https://www.firmy.cz/detail/13829705-blacksheep-bar-usti-nad-labem-centrum.html;4.5;1;14.039539;50.659900;;
https://www.firmy.cz/detail/13089766-hospoda-u-ingra-breclav.html;None;None;16.887929;48.751604;;
https://www.firmy.cz/detail/13018017-hostinec-samiec-kosariska.html;None;None;18.695410;49.589193;;
https://www.firmy.cz/detail/13474730-hostinec-u-bajeru-predmerice-nad-labem.html;5;2;15.814427;50.259806;;
https://www.firmy.cz/detail/13866941-hospudka-na-hristi-ostrozska-lhota.html;4.5;19;17.478047;48.979367;;
https://www.firmy.cz/detail/13118876-hospoda-u-hriste-ledce.html;4.7;34;14.007529;50.196184;;
https://www.firmy.cz/detail/13111380-hospoda-kocelovice-kocelovice.html;4.8;19;13.825707;49.464365;;
https://www.firmy.cz/detail/13118952-hospoda-na-hristi-zlin-kostelec.html;4.7;2;17.698609;49.260561;;
https://www.firmy.cz/detail/13787096-pivnice-pradelna-plzen-doubravka.html;4.9;21;13.422844;49.757039;;
https://www.firmy.cz/detail/13077136-hostinec-stampach-stachy.html;4.4;22;13.665849;49.102039;;
https://www.firmy.cz/detail/12894410-cyklobar-moravka-moravka.html;4.9;7;18.512609;49.603121;;
https://www.firmy.cz/detail/13142704-hospoda-hrotovice-hrotovice.html;4.8;46;16.071887;49.103634;;
https://www.firmy.cz/detail/412888-pivnice-tipka-usti-nad-labem-klise.html;3;1;14.014632;50.665372;;
https://www.firmy.cz/detail/12975037-tennislinden-brno-kohoutovice.html;5;1;16.537497;49.199105;;
https://www.firmy.cz/detail/13829705-blacksheep-bar-usti-nad-labem-centrum.html;4.5;1;14.039539;50.659900;;
https://www.firmy.cz/detail/13089766-hospoda-u-ingra-breclav.html;4.7;8;16.887929;48.751604;;
https://www.firmy.cz/detail/13018017-hostinec-samiec-kosariska.html;5;5;18.695410;49.589193;;
https://www.firmy.cz/detail/13474730-hostinec-u-bajeru-predmerice-nad-labem.html;5;2;15.814427;50.259806;;
https://www.firmy.cz/detail/13866941-hospudka-na-hristi-ostrozska-lhota.html;4.5;19;17.478047;48.979367;;
https://www.firmy.cz/detail/13118876-hospoda-u-hriste-ledce.html;4.7;34;14.007529;50.196184;;
https://www.firmy.cz/detail/13111380-hospoda-kocelovice-kocelovice.html;None;None;13.825707;49.464365;;
https://www.firmy.cz/detail/13118952-hospoda-na-hristi-zlin-kostelec.html;None;None;17.698609;49.260561;;
https://www.firmy.cz/detail/13787096-pivnice-pradelna-plzen-doubravka.html;4.9;21;13.422844;49.757039;;
https://www.firmy.cz/detail/13077136-hostinec-stampach-stachy.html;4.4;22;13.665849;49.102039;;
https://www.firmy.cz/detail/12894410-cyklobar-moravka-moravka.html;4.9;7;18.512609;49.603121;;
https://www.firmy.cz/detail/13142704-hospoda-hrotovice-hrotovice.html;4.5;88;16.071887;49.103634;;
https://www.firmy.cz/detail/412888-pivnice-tipka-usti-nad-labem-klise.html;3;1;14.014632;50.665372;;
https://www.firmy.cz/detail/12975037-tennislinden-brno-kohoutovice.html;5;1;16.537497;49.199105;;
https://www.firmy.cz/detail/2471851-hospoda-u-ruzicku-konice-cunin.html;4.9;6;16.910970;49.562685;;
https://www.firmy.cz/detail/2227596-hospudka-na-nadrazni-slavkov-u-brna.html;3.4;4;16.876494;49.144352;;
https://www.firmy.cz/detail/643952-pohadka-praha-liben.html;3.9;4;14.485084;50.104181;;
https://www.firmy.cz/detail/13113945-hospudka-na-kopci-cesky-tesin-horni-zukov.html;4.5;11;18.565190;49.722319;;
https://www.firmy.cz/detail/12964236-u-aji-a-paji-sobeslav-ii.html;5;3;14.720370;49.254982;;
https://www.firmy.cz/detail/13299381-nechvalicka-hospoda-u-vlasticky-nechvalice.html;4.9;28;14.395408;49.575279;;
https://www.firmy.cz/detail/13356447-klastersky-hostinec-u-karlovych-varu-mnichovo-hradiste.html;4.1;57;14.974452;50.522137;;
https://www.firmy.cz/detail/13116213-hostinec-zlaty-klas-libel.html;4.5;46;16.202524;50.153879;;
https://www.firmy.cz/detail/13140801-hospoda-liblice-liblice.html;None;None;14.590483;50.312367;;
https://www.firmy.cz/detail/13017739-u-zabaka-jankovice-senik.html;4.7;51;15.524924;49.996330;;
https://www.firmy.cz/detail/13142094-hostinec-u-sv-floriana-plasy-horni-hradiste.html;4.7;135;13.372023;49.957659;;
https://www.firmy.cz/detail/13554252-pivnice-u-kostecku-plzen-vychodni-predmesti.html;4.6;3;13.393295;49.730319;;
https://www.firmy.cz/detail/13457669-hospoda-vesnice-velky-tynec.html;4.7;6;17.335667;49.546309;;
https://www.firmy.cz/detail/13297997-hospudka-na-marine-tynec-nad-labem.html;4.4;18;15.348174;50.035755;;
https://www.firmy.cz/detail/13699988-hospoda-u-pareza-tisnov.html;3.2;2;16.419191;49.347845;;
https://www.firmy.cz/detail/13115532-hospoda-u-kacera-praha-vinor.html;None;None;14.578755;50.143543;;
https://www.firmy.cz/detail/13128667-hospoda-u-vitousu-branov.html;None;None;13.841534;50.013807;;
https://www.firmy.cz/detail/13867490-taverna-rymarov-rymarov.html;None;None;17.269594;49.931944;;
https://www.firmy.cz/detail/12958264-hospudka-na-stadionu-susice-ii.html;None;None;13.516227;49.227717;;
https://www.firmy.cz/detail/13114865-hospoda-u-svate-anny-kolsov.html;4.5;1;16.946343;49.903540;;
https://www.firmy.cz/detail/13730274-hostinec-u-burone-mexiko-klimkovice.html;4.8;33;18.119430;49.806918;;
https://www.firmy.cz/detail/13601179-restaurace-na-hristi-dolany-nad-vltavou.html;5;2;14.349547;50.224642;;
https://www.firmy.cz/detail/13367237-zamecky-hostinec-uhercice.html;4.2;34;15.630362;48.913548;;
https://www.firmy.cz/detail/13134734-hospoda-u-mostku-holesov-tucapy.html;5;1;17.575817;49.353632;;
https://www.firmy.cz/detail/13152565-restaurace-na-rejde-spytihnev.html;4.4;77;17.501587;49.135902;;
https://www.firmy.cz/detail/13109265-hospoda-na-hristi-zidlochovice.html;4.5;1;16.618379;49.030577;;
https://www.firmy.cz/detail/292585-hospoda-u-kazdu-budisov.html;4.3;7;16.005842;49.272886;;
https://www.firmy.cz/detail/13116482-hospoda-nyrsko-155-nyrsko.html;4.9;5;13.175089;49.296117;;
https://www.firmy.cz/detail/13115532-hospoda-u-kacera-praha-vinor.html;5;3;14.578755;50.143543;;
https://www.firmy.cz/detail/13517870-hospudka-kocabka-plzen-bolevec.html;None;None;13.376452;49.777313;;
https://www.firmy.cz/detail/13128667-hospoda-u-vitousu-branov.html;None;None;13.841534;50.013807;;
https://www.firmy.cz/detail/13867490-taverna-rymarov-rymarov.html;None;None;17.269594;49.931944;;
https://www.firmy.cz/detail/12958264-hospudka-na-stadionu-susice-ii.html;None;None;13.516227;49.227717;;
https://www.firmy.cz/detail/13114865-hospoda-u-svate-anny-kolsov.html;None;None;16.946343;49.903540;;
https://www.firmy.cz/detail/13730274-hostinec-u-burone-mexiko-klimkovice.html;None;None;18.119430;49.806918;;
https://www.firmy.cz/detail/13601179-restaurace-na-hristi-dolany-nad-vltavou.html;None;None;14.349547;50.224642;;
https://www.firmy.cz/detail/13367237-zamecky-hostinec-uhercice.html;None;None;15.630362;48.913548;;
https://www.firmy.cz/detail/13134734-hospoda-u-mostku-holesov-tucapy.html;None;None;17.575817;49.353632;;
https://www.firmy.cz/detail/13152565-restaurace-na-rejde-spytihnev.html;None;None;17.501587;49.135902;;
https://www.firmy.cz/detail/13109265-hospoda-na-hristi-zidlochovice.html;None;None;16.618379;49.030577;;
https://www.firmy.cz/detail/292585-hospoda-u-kazdu-budisov.html;None;None;16.005842;49.272886;;
https://www.firmy.cz/detail/13116482-hospoda-nyrsko-155-nyrsko.html;4.9;5;13.175089;49.296117;;
https://www.firmy.cz/detail/13115532-hospoda-u-kacera-praha-vinor.html;5;3;14.578755;50.143543;;
https://www.firmy.cz/detail/13517870-hospudka-kocabka-plzen-bolevec.html;4.9;21;13.376452;49.777313;;
https://www.firmy.cz/detail/13128667-hospoda-u-vitousu-branov.html;4.4;None;13.841534;50.013807;;
https://www.firmy.cz/detail/13867490-taverna-rymarov-rymarov.html;5;1;17.269594;49.931944;;
https://www.firmy.cz/detail/12958264-hospudka-na-stadionu-susice-ii.html;5;2;13.516227;49.227717;;
https://www.firmy.cz/detail/13114865-hospoda-u-svate-anny-kolsov.html;4.5;1;16.946343;49.903540;;
https://www.firmy.cz/detail/13730274-hostinec-u-burone-mexiko-klimkovice.html;4.8;33;18.119430;49.806918;;
https://www.firmy.cz/detail/13601179-restaurace-na-hristi-dolany-nad-vltavou.html;None;None;14.349547;50.224642;;
https://www.firmy.cz/detail/13367237-zamecky-hostinec-uhercice.html;4.2;34;15.630362;48.913548;;
https://www.firmy.cz/detail/13134734-hospoda-u-mostku-holesov-tucapy.html;5;1;17.575817;49.353632;;
https://www.firmy.cz/detail/13152565-restaurace-na-rejde-spytihnev.html;4.4;77;17.501587;49.135902;;
https://www.firmy.cz/detail/13109265-hospoda-na-hristi-zidlochovice.html;4.5;1;16.618379;49.030577;;
https://www.firmy.cz/detail/292585-hospoda-u-kazdu-budisov.html;4.3;7;16.005842;49.272886;;
https://www.firmy.cz/detail/13116482-hospoda-nyrsko-155-nyrsko.html;4.9;59;13.175089;49.296117;;
https://www.firmy.cz/detail/13115532-hospoda-u-kacera-praha-vinor.html;5;3;14.578755;50.143543;;
https://www.firmy.cz/detail/13517870-hospudka-kocabka-plzen-bolevec.html;4.9;21;13.376452;49.777313;;
https://www.firmy.cz/detail/13128667-hospoda-u-vitousu-branov.html;4.4;20;13.841534;50.013807;;
https://www.firmy.cz/detail/13867490-taverna-rymarov-rymarov.html;5;1;17.269594;49.931944;;
https://www.firmy.cz/detail/12958264-hospudka-na-stadionu-susice-ii.html;5;2;13.516227;49.227717;;
https://www.firmy.cz/detail/13114865-hospoda-u-svate-anny-kolsov.html;4.5;1;16.946343;49.903540;;
https://www.firmy.cz/detail/13730274-hostinec-u-burone-mexiko-klimkovice.html;4.8;33;18.119430;49.806918;;
https://www.firmy.cz/detail/13601179-restaurace-na-hristi-dolany-nad-vltavou.html;5;2;14.349547;50.224642;;
https://www.firmy.cz/detail/13367237-zamecky-hostinec-uhercice.html;4.2;34;15.630362;48.913548;;
https://www.firmy.cz/detail/13134734-hospoda-u-mostku-holesov-tucapy.html;5;1;17.575817;49.353632;;
https://www.firmy.cz/detail/13152565-restaurace-na-rejde-spytihnev.html;4.4;77;17.501587;49.135902;;
https://www.firmy.cz/detail/13109265-hospoda-na-hristi-zidlochovice.html;4.5;1;16.618379;49.030577;;
https://www.firmy.cz/detail/292585-hospoda-u-kazdu-budisov.html;4.3;7;16.005842;49.272886;;
https://www.firmy.cz/detail/13116482-hospoda-nyrsko-155-nyrsko.html;4.9;5;13.175089;49.296117;;
https://www.firmy.cz/detail/13115532-hospoda-u-kacera-praha-vinor.html;5;3;14.578755;50.143543;;
https://www.firmy.cz/detail/13517870-hospudka-kocabka-plzen-bolevec.html;4.9;21;13.376452;49.777313;;
https://www.firmy.cz/detail/13128667-hospoda-u-vitousu-branov.html;4.4;None;13.841534;50.013807;;
https://www.firmy.cz/detail/13867490-taverna-rymarov-rymarov.html;5;1;17.269594;49.931944;;
https://www.firmy.cz/detail/12958264-hospudka-na-stadionu-susice-ii.html;5;1;13.516227;49.227717;;
https://www.firmy.cz/detail/13114865-hospoda-u-svate-anny-kolsov.html;4.5;1;16.946343;49.903540;;
https://www.firmy.cz/detail/13730274-hostinec-u-burone-mexiko-klimkovice.html;4.8;33;18.119430;49.806918;;
https://www.firmy.cz/detail/13601179-restaurace-na-hristi-dolany-nad-vltavou.html;5;2;14.349547;50.224642;;
https://www.firmy.cz/detail/13367237-zamecky-hostinec-uhercice.html;4.2;34;15.630362;48.913548;;
https://www.firmy.cz/detail/13134734-hospoda-u-mostku-holesov-tucapy.html;5;1;17.575817;49.353632;;
https://www.firmy.cz/detail/13152565-restaurace-na-rejde-spytihnev.html;None;None;17.501587;49.135902;;
https://www.firmy.cz/detail/292585-hospoda-u-kazdu-budisov.html;4.3;7;16.005842;49.272886;;
https://www.firmy.cz/detail/13116482-hospoda-nyrsko-155-nyrsko.html;None;None;13.175089;49.296117;;
https://www.firmy.cz/detail/13115532-hospoda-u-kacera-praha-vinor.html;5;3;14.578755;50.143543;;
https://www.firmy.cz/detail/13517870-hospudka-kocabka-plzen-bolevec.html;4.9;21;13.376452;49.777313;;
https://www.firmy.cz/detail/13128667-hospoda-u-vitousu-branov.html;4.4;20;13.841534;50.013807;;
https://www.firmy.cz/detail/13867490-taverna-rymarov-rymarov.html;5;1;17.269594;49.931944;;
https://www.firmy.cz/detail/12958264-hospudka-na-stadionu-susice-ii.html;5;2;13.516227;49.227717;;
https://www.firmy.cz/detail/13114865-hospoda-u-svate-anny-kolsov.html;4.5;1;16.946343;49.903540;;
https://www.firmy.cz/detail/13730274-hostinec-u-burone-mexiko-klimkovice.html;4.8;33;18.119430;49.806918;;
https://www.firmy.cz/detail/13367237-zamecky-hostinec-uhercice.html;4.2;34;15.630362;48.913548;;
https://www.firmy.cz/detail/13134734-hospoda-u-mostku-holesov-tucapy.html;None;None;17.575817;49.353632;;
https://www.firmy.cz/detail/13109265-hospoda-na-hristi-zidlochovice.html;4.5;1;16.618379;49.030577;;
https://www.firmy.cz/detail/292585-hospoda-u-kazdu-budisov.html;4.3;7;16.005842;49.272886;;
https://www.firmy.cz/detail/13116482-hospoda-nyrsko-155-nyrsko.html;4.9;5;13.175089;49.296117;;
https://www.firmy.cz/detail/13115532-hospoda-u-kacera-praha-vinor.html;5;3;14.578755;50.143543;;
https://www.firmy.cz/detail/13517870-hospudka-kocabka-plzen-bolevec.html;2.5;6;13.376452;49.777313;;
https://www.firmy.cz/detail/13128667-hospoda-u-vitousu-branov.html;4.4;20;13.841534;50.013807;;
https://www.firmy.cz/detail/13867490-taverna-rymarov-rymarov.html;5;1;17.269594;49.931944;;
https://www.firmy.cz/detail/12958264-hospudka-na-stadionu-susice-ii.html;5;2;13.516227;49.227717;;
https://www.firmy.cz/detail/13114865-hospoda-u-svate-anny-kolsov.html;4.5;1;16.946343;49.903540;;
https://www.firmy.cz/detail/13730274-hostinec-u-burone-mexiko-klimkovice.html;4.8;33;18.119430;49.806918;;
https://www.firmy.cz/detail/13601179-restaurace-na-hristi-dolany-nad-vltavou.html;5;2;14.349547;50.224642;;
https://www.firmy.cz/detail/13367237-zamecky-hostinec-uhercice.html;4.2;34;15.630362;48.913548;;
https://www.firmy.cz/detail/13134734-hospoda-u-mostku-holesov-tucapy.html;5;1;17.575817;49.353632;;
https://www.firmy.cz/detail/13152565-restaurace-na-rejde-spytihnev.html;None;None;17.501587;49.135902;;
https://www.firmy.cz/detail/13109265-hospoda-na-hristi-zidlochovice.html;4.5;1;16.618379;49.030577;;
https://www.firmy.cz/detail/292585-hospoda-u-kazdu-budisov.html;4.3;7;16.005842;49.272886;;
https://www.firmy.cz/detail/13116482-hospoda-nyrsko-155-nyrsko.html;4.9;59;13.175089;49.296117;;
https://www.firmy.cz/detail/13115532-hospoda-u-kacera-praha-vinor.html;5;3;14.578755;50.143543;;
https://www.firmy.cz/detail/13517870-hospudka-kocabka-plzen-bolevec.html;4.9;21;13.376452;49.777313;;
https://www.firmy.cz/detail/13128667-hospoda-u-vitousu-branov.html;4.4;20;13.841534;50.013807;;
https://www.firmy.cz/detail/13867490-taverna-rymarov-rymarov.html;5;1;17.269594;49.931944;;
https://www.firmy.cz/detail/12958264-hospudka-na-stadionu-susice-ii.html;5;2;13.516227;49.227717;;
https://www.firmy.cz/detail/13114865-hospoda-u-svate-anny-kolsov.html;4.5;1;16.946343;49.903540;;
https://www.firmy.cz/detail/13730274-hostinec-u-burone-mexiko-klimkovice.html;4.8;33;18.119430;49.806918;;
https://www.firmy.cz/detail/13601179-restaurace-na-hristi-dolany-nad-vltavou.html;5;2;14.349547;50.224642;;
https://www.firmy.cz/detail/13367237-zamecky-hostinec-uhercice.html;4.2;34;15.630362;48.913548;;
https://www.firmy.cz/detail/13134734-hospoda-u-mostku-holesov-tucapy.html;5;1;17.575817;49.353632;;
https://www.firmy.cz/detail/13152565-restaurace-na-rejde-spytihnev.html;4.4;77;17.501587;49.135902;;
https://www.firmy.cz/detail/13109265-hospoda-na-hristi-zidlochovice.html;4.5;1;16.618379;49.030577;;
https://www.firmy.cz/detail/292585-hospoda-u-kazdu-budisov.html;4.3;None;16.005842;49.272886;;
https://www.firmy.cz/detail/2292409-hospudka-na-obci-plana.html;5;2;14.456042;48.943681;;
https://www.firmy.cz/detail/13917619-kohout-na-pivu-sobinov.html;4.7;63;15.766089;49.700671;;
https://www.firmy.cz/detail/13100522-hospudka-na-dvojce-rymarov.html;5;1;17.265699;49.932815;;
https://www.firmy.cz/detail/12988080-hospoda-u-vikinga-vetrni-haslovice.html;4.5;38;14.324299;48.749645;;
https://www.firmy.cz/detail/13374395-hospoda-u-sportovce-usti-nad-labem-klise.html;3.2;2;14.016544;50.668105;;
https://www.firmy.cz/detail/13117402-batalion-u-draku-hradec-kralove.html;4.2;9;15.831506;50.209874;;
https://www.firmy.cz/detail/13135637-na-strozuvkach-cesky-tesin-dolni-zukov.html;5;6;18.602373;49.735651;;
https://www.firmy.cz/detail/13489571-orelsky-klub-siluvky.html;5;1;16.468128;49.105589;;
https://www.firmy.cz/detail/13134898-pohostinstvi-stvolova-stvolova.html;5;1;16.541511;49.589959;;
https://www.firmy.cz/detail/13335851-hospoda-baziny-hradek-nad-nisou-loucna.html;5;1;14.824992;50.850868;;
https://www.firmy.cz/detail/13136692-hospudka-na-sokolaku-olomouc-nemilany.html;4.6;17;17.250976;49.553515;;
https://www.firmy.cz/detail/2111520-hospudka-u-prcka-lipnik-nad-becvou-i-mesto.html;1;2;17.575486;49.527687;;
https://www.firmy.cz/detail/13183549-hospoda-u-lipy-anenska-studanka.html;4.7;2;16.540160;49.849831;;
https://www.firmy.cz/detail/13881049-hasicska-hospoda-ludikov-ludikov.html;4.9;31;16.734023;49.455586;;
https://www.firmy.cz/detail/2292409-hospudka-na-obci-plana.html;5;2;14.456042;48.943681;;
https://www.firmy.cz/detail/13917619-kohout-na-pivu-sobinov.html;4.7;63;15.766089;49.700671;;
https://www.firmy.cz/detail/13100522-hospudka-na-dvojce-rymarov.html;5;1;17.265699;49.932815;;
https://www.firmy.cz/detail/12988080-hospoda-u-vikinga-vetrni-haslovice.html;4.5;38;14.324299;48.749645;;
https://www.firmy.cz/detail/13374395-hospoda-u-sportovce-usti-nad-labem-klise.html;3.2;2;14.016544;50.668105;;
https://www.firmy.cz/detail/13117402-batalion-u-draku-hradec-kralove.html;4.2;9;15.831506;50.209874;;
https://www.firmy.cz/detail/13135637-na-strozuvkach-cesky-tesin-dolni-zukov.html;5;6;18.602373;49.735651;;
https://www.firmy.cz/detail/13489571-orelsky-klub-siluvky.html;5;1;16.468128;49.105589;;
https://www.firmy.cz/detail/13134898-pohostinstvi-stvolova-stvolova.html;5;1;16.541511;49.589959;;
https://www.firmy.cz/detail/13136692-hospudka-na-sokolaku-olomouc-nemilany.html;4.6;17;17.250976;49.553515;;
https://www.firmy.cz/detail/2111520-hospudka-u-prcka-lipnik-nad-becvou-i-mesto.html;1;2;17.575486;49.527687;;
https://www.firmy.cz/detail/13183549-hospoda-u-lipy-anenska-studanka.html;4.7;2;16.540160;49.849831;;
https://www.firmy.cz/detail/13881049-hasicska-hospoda-ludikov-ludikov.html;4.9;31;16.734023;49.455586;;
https://www.firmy.cz/detail/2292409-hospudka-na-obci-plana.html;5;2;14.456042;48.943681;;
https://www.firmy.cz/detail/13917619-kohout-na-pivu-sobinov.html;4.7;63;15.766089;49.700671;;
https://www.firmy.cz/detail/13100522-hospudka-na-dvojce-rymarov.html;5;1;17.265699;49.932815;;
https://www.firmy.cz/detail/12988080-hospoda-u-vikinga-vetrni-haslovice.html;4.5;38;14.324299;48.749645;;
https://www.firmy.cz/detail/13374395-hospoda-u-sportovce-usti-nad-labem-klise.html;3.2;2;14.016544;50.668105;;
https://www.firmy.cz/detail/13117402-batalion-u-draku-hradec-kralove.html;4.2;9;15.831506;50.209874;;
https://www.firmy.cz/detail/13135637-na-strozuvkach-cesky-tesin-dolni-zukov.html;5;6;18.602373;49.735651;;
https://www.firmy.cz/detail/13489571-orelsky-klub-siluvky.html;5;1;16.468128;49.105589;;
https://www.firmy.cz/detail/13227961-obecni-hospoda-bilovice-nad-svitavou.html;4.3;36;16.673051;49.247170;;
https://www.firmy.cz/detail/1347943-hospoda-mastal-losany.html;4.2;48;15.124999;49.997969;;
https://www.firmy.cz/detail/13113681-pohostinstvi-u-chytilu-radkovy.html;4.9;9;17.614649;49.436004;;
https://www.firmy.cz/detail/2686920-pivnice-u-peruna-hradec-kralove.html;4.4;8;15.828864;50.210605;;
https://www.firmy.cz/detail/13037755-u-rehaku-zdiby-veltez.html;4.5;1;14.441449;50.167503;;
https://www.firmy.cz/detail/13839626-no-name-bar-pub-kutna-hora-vnitrni-mesto.html;5;1;15.265459;49.948549;;
https://www.firmy.cz/detail/13824086-hostinec-otrocin-otrocin.html;None;None;12.893388;50.030283;;
https://www.firmy.cz/detail/13334018-hospoda-na-navsi-ohrazenice-ohrazenice.html;5;2;15.126203;50.597691;;
https://www.firmy.cz/detail/13111304-hospoda-las-vegas-bitov.html;5;1;15.729995;48.933159;;
https://www.firmy.cz/detail/13675067-hospoda-na-namesti-prezletice.html;5;3;14.575813;50.156449;;
https://www.firmy.cz/detail/13110690-hospoda-bor-63-bor-vysocany.html;4.7;46;12.734429;49.698098;;
https://www.firmy.cz/detail/13109505-pivnice-viola-kromeriz.html;4;1;17.393973;49.287690;;
https://www.firmy.cz/detail/13812812-pohostinstvi-zamka-dolni-olesnice.html;4.8;81;15.736656;50.516070;;
https://www.firmy.cz/detail/13124197-restaurace-mladosovice-15-mladosovice-petrovice.html;4;1;14.686932;48.931939;;
https://www.firmy.cz/detail/13522049-koliba-zdechov-zdechov.html;None;None;18.073021;49.260966;;
https://www.firmy.cz/detail/13120131-hostinec-na-rychte-komarov.html;5;1;17.242078;49.763976;;
https://www.firmy.cz/detail/13104988-na-boudach-jachymov-marianska.html;4.1;5;12.892336;50.356007;;
https://www.firmy.cz/detail/13115666-na-tribune-sedlcany.html;4.9;28;14.429177;49.658365;;
https://www.firmy.cz/detail/13839626-no-name-bar-pub-kutna-hora-vnitrni-mesto.html;5;1;15.265459;49.948549;;
https://www.firmy.cz/detail/13824086-hostinec-otrocin-otrocin.html;4.8;41;12.893388;50.030283;;
https://www.firmy.cz/detail/13334018-hospoda-na-navsi-ohrazenice-ohrazenice.html;5;2;15.126203;50.597691;;
https://www.firmy.cz/detail/13111304-hospoda-las-vegas-bitov.html;5;1;15.729995;48.933159;;
https://www.firmy.cz/detail/13675067-hospoda-na-namesti-prezletice.html;5;3;14.575813;50.156449;;
https://www.firmy.cz/detail/13110690-hospoda-bor-63-bor-vysocany.html;4.7;46;12.734429;49.698098;;
https://www.firmy.cz/detail/13109505-pivnice-viola-kromeriz.html;4;1;17.393973;49.287690;;
https://www.firmy.cz/detail/13812812-pohostinstvi-zamka-dolni-olesnice.html;4.8;81;15.736656;50.516070;;
https://www.firmy.cz/detail/13124197-restaurace-mladosovice-15-mladosovice-petrovice.html;4;1;14.686932;48.931939;;
https://www.firmy.cz/detail/13120131-hostinec-na-rychte-komarov.html;5;1;17.242078;49.763976;;
https://www.firmy.cz/detail/13104988-na-boudach-jachymov-marianska.html;None;None;12.892336;50.356007;;
https://www.firmy.cz/detail/13115666-na-tribune-sedlcany.html;4.9;28;14.429177;49.658365;;
https://www.firmy.cz/detail/13839626-no-name-bar-pub-kutna-hora-vnitrni-mesto.html;5;1;15.265459;49.948549;;
https://www.firmy.cz/detail/13824086-hostinec-otrocin-otrocin.html;4.8;41;12.893388;50.030283;;
https://www.firmy.cz/detail/13334018-hospoda-na-navsi-ohrazenice-ohrazenice.html;5;2;15.126203;50.597691;;
https://www.firmy.cz/detail/13111304-hospoda-las-vegas-bitov.html;5;1;15.729995;48.933159;;
https://www.firmy.cz/detail/13675067-hospoda-na-namesti-prezletice.html;5;3;14.575813;50.156449;;
https://www.firmy.cz/detail/13110690-hospoda-bor-63-bor-vysocany.html;4.5;1;12.734429;49.698098;;
https://www.firmy.cz/detail/13109505-pivnice-viola-kromeriz.html;4;1;17.393973;49.287690;;
https://www.firmy.cz/detail/13812812-pohostinstvi-zamka-dolni-olesnice.html;4.8;81;15.736656;50.516070;;
https://www.firmy.cz/detail/13522049-koliba-zdechov-zdechov.html;5;4;18.073021;49.260966;;
https://www.firmy.cz/detail/13120131-hostinec-na-rychte-komarov.html;5;1;17.242078;49.763976;;
https://www.firmy.cz/detail/13104988-na-boudach-jachymov-marianska.html;4.1;5;12.892336;50.356007;;
https://www.firmy.cz/detail/13115666-na-tribune-sedlcany.html;4.9;28;14.429177;49.658365;;
https://www.firmy.cz/detail/13839626-no-name-bar-pub-kutna-hora-vnitrni-mesto.html;5;1;15.265459;49.948549;;
https://www.firmy.cz/detail/13334018-hospoda-na-navsi-ohrazenice-ohrazenice.html;5;2;15.126203;50.597691;;
https://www.firmy.cz/detail/13111304-hospoda-las-vegas-bitov.html;5;1;15.729995;48.933159;;
https://www.firmy.cz/detail/13675067-hospoda-na-namesti-prezletice.html;5;3;14.575813;50.156449;;
https://www.firmy.cz/detail/13110690-hospoda-bor-63-bor-vysocany.html;4.7;46;12.734429;49.698098;;
https://www.firmy.cz/detail/13109505-pivnice-viola-kromeriz.html;4;1;17.393973;49.287690;;
https://www.firmy.cz/detail/13124197-restaurace-mladosovice-15-mladosovice-petrovice.html;4;1;14.686932;48.931939;;
https://www.firmy.cz/detail/13522049-koliba-zdechov-zdechov.html;None;None;18.073021;49.260966;;
https://www.firmy.cz/detail/13120131-hostinec-na-rychte-komarov.html;5;1;17.242078;49.763976;;
https://www.firmy.cz/detail/13104988-na-boudach-jachymov-marianska.html;None;None;12.892336;50.356007;;
https://www.firmy.cz/detail/13115666-na-tribune-sedlcany.html;None;None;14.429177;49.658365;;
https://www.firmy.cz/detail/13839626-no-name-bar-pub-kutna-hora-vnitrni-mesto.html;5;1;15.265459;49.948549;;
https://www.firmy.cz/detail/13824086-hostinec-otrocin-otrocin.html;4.8;41;12.893388;50.030283;;
https://www.firmy.cz/detail/13334018-hospoda-na-navsi-ohrazenice-ohrazenice.html;5;2;15.126203;50.597691;;
https://www.firmy.cz/detail/13111304-hospoda-las-vegas-bitov.html;5;1;15.729995;48.933159;;
https://www.firmy.cz/detail/13675067-hospoda-na-namesti-prezletice.html;5;3;14.575813;50.156449;;
https://www.firmy.cz/detail/13110690-hospoda-bor-63-bor-vysocany.html;4.5;1;12.734429;49.698098;;
https://www.firmy.cz/detail/13109505-pivnice-viola-kromeriz.html;None;None;17.393973;49.287690;;
https://www.firmy.cz/detail/13812812-pohostinstvi-zamka-dolni-olesnice.html;None;None;15.736656;50.516070;;
https://www.firmy.cz/detail/13124197-restaurace-mladosovice-15-mladosovice-petrovice.html;None;None;14.686932;48.931939;;
https://www.firmy.cz/detail/13522049-koliba-zdechov-zdechov.html;None;None;18.073021;49.260966;;
https://www.firmy.cz/detail/13120131-hostinec-na-rychte-komarov.html;5;1;17.242078;49.763976;;
https://www.firmy.cz/detail/13104988-na-boudach-jachymov-marianska.html;4.1;5;12.892336;50.356007;;
https://www.firmy.cz/detail/13115666-na-tribune-sedlcany.html;4.9;28;14.429177;49.658365;;
https://www.firmy.cz/detail/13839626-no-name-bar-pub-kutna-hora-vnitrni-mesto.html;5;1;15.265459;49.948549;;
https://www.firmy.cz/detail/13824086-hostinec-otrocin-otrocin.html;4.8;41;12.893388;50.030283;;
https://www.firmy.cz/detail/13334018-hospoda-na-navsi-ohrazenice-ohrazenice.html;5;2;15.126203;50.597691;;
https://www.firmy.cz/detail/13111304-hospoda-las-vegas-bitov.html;5;1;15.729995;48.933159;;
https://www.firmy.cz/detail/13675067-hospoda-na-namesti-prezletice.html;5;3;14.575813;50.156449;;
https://www.firmy.cz/detail/13110690-hospoda-bor-63-bor-vysocany.html;4.7;46;12.734429;49.698098;;
https://www.firmy.cz/detail/13109505-pivnice-viola-kromeriz.html;4;1;17.393973;49.287690;;
https://www.firmy.cz/detail/13812812-pohostinstvi-zamka-dolni-olesnice.html;4.8;81;15.736656;50.516070;;
https://www.firmy.cz/detail/13124197-restaurace-mladosovice-15-mladosovice-petrovice.html;None;None;14.686932;48.931939;;
https://www.firmy.cz/detail/13522049-koliba-zdechov-zdechov.html;5;4;18.073021;49.260966;;
https://www.firmy.cz/detail/13120131-hostinec-na-rychte-komarov.html;5;1;17.242078;49.763976;;
https://www.firmy.cz/detail/13104988-na-boudach-jachymov-marianska.html;None;None;12.892336;50.356007;;
https://www.firmy.cz/detail/13115666-na-tribune-sedlcany.html;4.9;28;14.429177;49.658365;;
https://www.firmy.cz/detail/13839626-no-name-bar-pub-kutna-hora-vnitrni-mesto.html;5;1;15.265459;49.948549;;
https://www.firmy.cz/detail/13824086-hostinec-otrocin-otrocin.html;4.8;41;12.893388;50.030283;;
https://www.firmy.cz/detail/13217307-hostinec-na-radnici-novosedly.html;3.5;3;16.493263;48.837444;;
https://www.firmy.cz/detail/13357321-mala-jamajka-havirov-mesto.html;4.4;16;18.416773;49.784126;;
https://www.firmy.cz/detail/12902813-hostinec-u-posledniho-mohykana-hvozd-vojtechov.html;None;None;16.907519;49.652176;;
https://www.firmy.cz/detail/13586486-hospoda-rikovice-rikovice.html;4.9;9;17.445335;49.380936;;
https://www.firmy.cz/detail/13145777-telovychovna-jednota-vodni-stavby-plzen-z-s-plzen-skvrnany.html;4.9;21;13.326512;49.737083;;
https://www.firmy.cz/detail/13755478-hostinec-goldenen-anker-mezimesti-viznov.html;4.7;3;16.237794;50.651151;;
https://www.firmy.cz/detail/13114554-miluse-petrova-radosovice.html;4.8;19;13.898353;49.233472;;
https://www.firmy.cz/detail/728377-restaurace-letna-kolin-ii.html;4.3;2;15.191788;50.027109;;
https://www.firmy.cz/detail/13886077-hospoda-u-pagaca-rohatec.html;4.5;1;17.176877;48.879700;;
https://www.firmy.cz/detail/13109417-pohostinstvi-pohoda-milotice.html;4.6;12;17.138004;48.954612;;
https://www.firmy.cz/detail/13121248-sokolovna-litomerice-predmesti.html;5;1;14.133182;50.539100;;
https://www.firmy.cz/detail/13115507-hospoda-jamajka-pteni.html;4.8;5;16.961709;49.511797;;
https://www.firmy.cz/detail/13123866-pivnice-kveten-sumperk.html;5;1;16.990798;49.965086;;
https://www.firmy.cz/detail/13217307-hostinec-na-radnici-novosedly.html;3.5;3;16.493263;48.837444;;
https://www.firmy.cz/detail/13357321-mala-jamajka-havirov-mesto.html;4.4;16;18.416773;49.784126;;
https://www.firmy.cz/detail/13041074-vyletni-restaurace-turbina-brno-komin.html;4;14;16.551788;49.217215;;
https://www.firmy.cz/detail/13115387-senk-u-hajku-ceske-budejovice-2.html;5;9;14.449324;48.997378;;
https://www.firmy.cz/detail/13532521-plzenska-pivnice-napustek-blansko.html;4.6;9;16.646104;49.357002;;
https://www.firmy.cz/detail/13617752-hospudka-v-ofsajdu-klatovy-ii.html;4.9;59;13.302054;49.400630;;
https://www.firmy.cz/detail/337677-pohostinstvi-u-talafy-slavicin.html;4;10;17.878719;49.087635;;
https://www.firmy.cz/detail/13119050-hospoda-u-simku-pricovy.html;4.8;3;14.390741;49.671883;;
https://www.firmy.cz/detail/13707797-hospoda-na-hristi-dub.html;5;1;14.016029;49.105494;;
https://www.firmy.cz/detail/13107612-u-kohoutku-miroslavske-kninice.html;3.6;3;16.321159;48.977818;;
https://www.firmy.cz/detail/13010986-hostinec-xiii-dolni-prim-probluz.html;1;1;15.715459;50.244945;;
https://www.firmy.cz/detail/2462777-hospoda-tj-viktorie-bohumin-bohumin-stary-bohumin.html;5;1;18.334449;49.917330;;
https://www.firmy.cz/detail/13110770-hospoda-na-hristi-pnovice.html;4.3;2;17.156265;49.720974;;
https://www.firmy.cz/detail/13148971-hostinec-u-dvorecke-louze-jicin-robousy.html;4.9;18;15.398608;50.432647;;
https://www.firmy.cz/detail/13657844-hospoda-u-zastavky-moravske-branice.html;None;None;16.438076;49.081549;;
https://www.firmy.cz/detail/13041074-vyletni-restaurace-turbina-brno-komin.html;4;14;16.551788;49.217215;;
https://www.firmy.cz/detail/13115387-senk-u-hajku-ceske-budejovice-2.html;5;9;14.449324;48.997378;;
https://www.firmy.cz/detail/13532521-plzenska-pivnice-napustek-blansko.html;4.6;9;16.646104;49.357002;;
https://www.firmy.cz/detail/13617752-hospudka-v-ofsajdu-klatovy-ii.html;4.3;8;13.302054;49.400630;;
https://www.firmy.cz/detail/337677-pohostinstvi-u-talafy-slavicin.html;4;10;17.878719;49.087635;;
https://www.firmy.cz/detail/13119050-hospoda-u-simku-pricovy.html;4.8;3;14.390741;49.671883;;
https://www.firmy.cz/detail/13707797-hospoda-na-hristi-dub.html;None;None;14.016029;49.105494;;
https://www.firmy.cz/detail/13107612-u-kohoutku-miroslavske-kninice.html;3.6;3;16.321159;48.977818;;
https://www.firmy.cz/detail/13010986-hostinec-xiii-dolni-prim-probluz.html;1;1;15.715459;50.244945;;
https://www.firmy.cz/detail/2462777-hospoda-tj-viktorie-bohumin-bohumin-stary-bohumin.html;5;1;18.334449;49.917330;;
https://www.firmy.cz/detail/13110770-hospoda-na-hristi-pnovice.html;4.3;2;17.156265;49.720974;;
https://www.firmy.cz/detail/13148971-hostinec-u-dvorecke-louze-jicin-robousy.html;4.9;18;15.398608;50.432647;;
https://www.firmy.cz/detail/12723638-restaurace-na-hristi-pecky.html;4.2;3;15.034535;50.089158;;
https://www.firmy.cz/detail/2097054-pohostinstvi-u-guralu-petrov-nad-desnou.html;4.3;9;17.066814;50.016729;;
https://www.firmy.cz/detail/13153811-nightmare-prague-horror-bar-praha-mala-strana.html;5;2;14.404522;50.079936;;
https://www.firmy.cz/detail/13114738-restaurace-sport-nachod.html;None;None;16.170706;50.416482;;
https://www.firmy.cz/detail/13113356-hospoda-u-marka-hrochuv-tynec-sticany.html;4;1;15.902869;49.968464;;
https://www.firmy.cz/detail/13118745-hospoda-ronov-1-orechov-ronov.html;None;None;16.133722;49.350104;;
https://www.firmy.cz/detail/13659959-hospudka-u-babicky-olomouc-chomoutov.html;4.3;5;17.231843;49.638476;;
https://www.firmy.cz/detail/13204429-hospudka-u-rybnika-podmoli.html;None;None;15.941948;48.847479;;
https://www.firmy.cz/detail/13244190-hospudka-u-kodesovy-skaly-hermanice.html;None;None;15.017104;50.893602;;
https://www.firmy.cz/detail/13209326-ck-hostinec-zdanice.html;None;None;17.028929;49.064914;;
https://www.firmy.cz/detail/13117881-restaurace-lukavice-55-lukavice-slavonov.html;None;None;16.894196;49.820851;;
https://www.firmy.cz/detail/13142770-hospudka-na-hristi-verovice.html;None;None;18.128888;49.532996;;
https://www.firmy.cz/detail/2459085-restaurace-krystal-podebrady-ii.html;None;None;15.114824;50.146489;;
https://www.firmy.cz/detail/13722690-hostinec-u-zastavky-protivin.html;4.7;3;14.222100;49.196628;;
https://www.firmy.cz/detail/13236370-peeter-s-pub-domazlice-tynske-predmesti.html;4.6;3;12.929929;49.441638;;
https://www.firmy.cz/detail/13138061-restaurace-nadejovska-1466-praha-ujezd-nad-lesy.html;4.8;3;14.641630;50.082907;;
https://www.firmy.cz/detail/13751758-hospoda-u-bancaku-javornik.html;4.7;97;17.527688;48.864238;;
https://www.firmy.cz/detail/13113548-hospudka-u-binga-karvina-nove-mesto.html;4.7;58;18.536591;49.868859;;
https://www.firmy.cz/detail/13138250-hospoda-odry-15-odry-tosovice.html;5;1;17.853940;49.698896;;
https://www.firmy.cz/detail/13709363-datlovna-frydek-mistek-frydek.html;4.9;14;18.349483;49.685780;;
https://www.firmy.cz/detail/13368906-hospudka-na-hristi-starec.html;None;None;15.829475;49.202140;;
https://www.firmy.cz/detail/13150767-hospoda-na-hristi-urcice.html;4.5;15;17.080341;49.429753;;
https://www.firmy.cz/detail/13673162-mlyn-nova-ves-nova-ves.html;5;3;16.052279;50.126524;;
https://www.firmy.cz/detail/13676951-hostinec-hurky-lisov-hurky.html;5;1;14.637059;49.031364;;
https://www.firmy.cz/detail/1548586-hospudka-u-seraku-vranovice.html;5;2;16.605289;48.965227;;
https://www.firmy.cz/detail/2459085-restaurace-krystal-podebrady-ii.html;2;1;15.114824;50.146489;;
https://www.firmy.cz/detail/13722690-hostinec-u-zastavky-protivin.html;4.7;3;14.222100;49.196628;;
https://www.firmy.cz/detail/13236370-peeter-s-pub-domazlice-tynske-predmesti.html;4.6;3;12.929929;49.441638;;
https://www.firmy.cz/detail/13138061-restaurace-nadejovska-1466-praha-ujezd-nad-lesy.html;4.8;3;14.641630;50.082907;;
https://www.firmy.cz/detail/13751758-hospoda-u-bancaku-javornik.html;4.7;97;17.527688;48.864238;;
https://www.firmy.cz/detail/13113548-hospudka-u-binga-karvina-nove-mesto.html;4.7;58;18.536591;49.868859;;
https://www.firmy.cz/detail/13138250-hospoda-odry-15-odry-tosovice.html;5;1;17.853940;49.698896;;
https://www.firmy.cz/detail/13709363-datlovna-frydek-mistek-frydek.html;4.9;14;18.349483;49.685780;;
https://www.firmy.cz/detail/13368906-hospudka-na-hristi-starec.html;4.5;3;15.829475;49.202140;;
https://www.firmy.cz/detail/13150767-hospoda-na-hristi-urcice.html;4.8;74;17.080341;49.429753;;
https://www.firmy.cz/detail/13673162-mlyn-nova-ves-nova-ves.html;5;3;16.052279;50.126524;;
https://www.firmy.cz/detail/13676951-hostinec-hurky-lisov-hurky.html;5;1;14.637059;49.031364;;
https://www.firmy.cz/detail/1548586-hospudka-u-seraku-vranovice.html;5;2;16.605289;48.965227;;
https://www.firmy.cz/detail/2459085-restaurace-krystal-podebrady-ii.html;2;1;15.114824;50.146489;;
https://www.firmy.cz/detail/13722690-hostinec-u-zastavky-protivin.html;4.7;3;14.222100;49.196628;;
https://www.firmy.cz/detail/13236370-peeter-s-pub-domazlice-tynske-predmesti.html;4.6;3;12.929929;49.441638;;
https://www.firmy.cz/detail/13138061-restaurace-nadejovska-1466-praha-ujezd-nad-lesy.html;4.8;3;14.641630;50.082907;;
https://www.firmy.cz/detail/13751758-hospoda-u-bancaku-javornik.html;4.7;97;17.527688;48.864238;;
https://www.firmy.cz/detail/13113548-hospudka-u-binga-karvina-nove-mesto.html;4.7;3;18.536591;49.868859;;
https://www.firmy.cz/detail/13138250-hospoda-odry-15-odry-tosovice.html;5;1;17.853940;49.698896;;
https://www.firmy.cz/detail/13709363-datlovna-frydek-mistek-frydek.html;4.9;14;18.349483;49.685780;;
https://www.firmy.cz/detail/13543294-hospoda-na-delnaku-moravske-malkovice.html;4.9;25;17.090220;49.259462;;
https://www.firmy.cz/detail/13113350-vechtrovna-rakousy.html;None;None;15.181545;50.624304;;
https://www.firmy.cz/detail/13178472-hostinec-nebilovy-nebilovy.html;2.6;4;13.430349;49.630452;;
https://www.firmy.cz/detail/13160906-hospoda-u-majky-klasterec-nad-orlici-zbudov.html;4.1;5;16.539705;50.109896;;
https://www.firmy.cz/detail/13486517-hospudka-depo-cavisov.html;4.8;3;18.084966;49.828823;;
https://www.firmy.cz/detail/12735357-pivnice-u-seckych-kladno-krocehlavy.html;4.8;5;14.119448;50.144986;;
https://www.firmy.cz/detail/13117057-hostinec-u-fesy-zalany.html;4.6;4;13.908186;50.589872;;
https://www.firmy.cz/detail/13137162-hospoda-u-indiana-jalubi.html;None;None;17.432635;49.111484;;
https://www.firmy.cz/detail/13123238-restaurace-na-kopci-blansko-klepacov.html;None;None;16.661693;49.342697;;
https://www.firmy.cz/detail/12766267-hostinec-u-nadrazi-blovice.html;4.4;20;13.532095;49.579529;;
https://www.firmy.cz/detail/2025733-u-dvou-stiru-jesenik.html;4.2;3;17.205391;50.226313;;
https://www.firmy.cz/detail/571603-hospudka-u-capu-brumovice-skrochovice.html;3.8;30;17.774734;50.018984;;
https://www.firmy.cz/detail/13543294-hospoda-na-delnaku-moravske-malkovice.html;4.9;25;17.090220;49.259462;;
https://www.firmy.cz/detail/13113350-vechtrovna-rakousy.html;4.5;26;15.181545;50.624304;;
https://www.firmy.cz/detail/13178472-hostinec-nebilovy-nebilovy.html;2.6;4;13.430349;49.630452;;
https://www.firmy.cz/detail/13563495-la-vidlicka-mexicana-chynice.html;4.5;19;14.264201;49.995718;;
https://www.firmy.cz/detail/13140299-telovychovna-jednota-sokol-blizejov-blizejov.html;4.7;46;12.986267;49.499626;;
https://www.firmy.cz/detail/13817459-obecni-hospoda-konetopy-konetopy.html;4.7;69;14.655283;50.274767;;
https://www.firmy.cz/detail/13561215-hostinec-u-strikacky-pecky.html;3.6;7;15.033307;50.090239;;
https://www.firmy.cz/detail/13250124-pod-svibem-benatky.html;5;1;15.739314;50.311603;;
https://www.firmy.cz/detail/13148890-hospoda-okruzni-392-mezibori.html;4.9;11;13.593911;50.623013;;
https://www.firmy.cz/detail/2124656-hostinec-na-sumave-zleby.html;4.2;3;15.490248;49.891316;;
https://www.firmy.cz/detail/13011486-krcma-nad-pristavem-kramolin.html;4.5;12;16.123424;49.130440;;
https://www.firmy.cz/detail/13728672-pivnice-ve-dvore-frydlant.html;4.7;73;15.082916;50.919206;;
https://www.firmy.cz/detail/13598416-obecni-hospoda-ujezd-u-chocne-ujezd-u-chocne.html;4.7;2;16.165586;50.026741;;
https://www.firmy.cz/detail/13822931-hospoda-nacesice-nacesice.html;4.2;3;15.622840;49.939347;;
https://www.firmy.cz/detail/13835948-hospudka-u-hosku-vlastislav.html;5;1;13.955770;50.496969;;
https://www.firmy.cz/detail/13118250-hospoda-k-tenisu-1741-pelhrimov.html;5;1;15.226989;49.436825;;
https://www.firmy.cz/detail/13563495-la-vidlicka-mexicana-chynice.html;4.5;19;14.264201;49.995718;;
https://www.firmy.cz/detail/13140299-telovychovna-jednota-sokol-blizejov-blizejov.html;4.7;46;12.986267;49.499626;;
https://www.firmy.cz/detail/13099988-hospoda-u-fondrnaju-haje-nad-jizerou-dolni-sytova.html;4.2;5;15.422737;50.617649;;
https://www.firmy.cz/detail/13450397-husta-hospoda-klecuvka-zlin-klecuvka.html;5;2;17.772193;49.228312;;
https://www.firmy.cz/detail/13117104-hospudka-na-hristi-mnisek.html;3.4;2;15.052217;50.828786;;
https://www.firmy.cz/detail/12976184-radegastovna-pod-padakem-trinec-lyzbice.html;3.5;16;18.674938;49.668035;;
https://www.firmy.cz/detail/13123177-restaurace-pod-smrkem-ustek-habrina.html;5;2;14.322494;50.586779;;
https://www.firmy.cz/detail/13010694-tovaryssky-vrsek-liberec-i-stare-mesto.html;5;3;15.056412;50.770174;;
https://www.firmy.cz/detail/13109110-salmanovicka-hospoda-jilovice-salmanovice.html;5;2;14.773674;48.884260;;
https://www.firmy.cz/detail/13850786-hostinec-u-svateho-floriana-bila-voda-mestys-bila-voda.html;4.6;11;16.916657;50.441570;;
https://www.firmy.cz/detail/13109840-hospoda-u-splavu-horni-domaslavice.html;4.8;6;18.465335;49.695082;;
https://www.firmy.cz/detail/13066002-hostinec-liborice-18-liborice-zelezna.html;5;1;13.523942;50.259467;;
https://www.firmy.cz/detail/13843694-hospoda-sarka-hostinne.html;4.5;1;15.722804;50.540381;;
https://www.firmy.cz/detail/13369506-hospudka-pod-kamencem-hrabesice.html;None;None;17.079290;49.976587;;
https://www.firmy.cz/detail/677310-hospoda-ve-mlyne-vojkovice-jakubov.html;None;None;13.026984;50.317576;;
https://www.firmy.cz/detail/13099988-hospoda-u-fondrnaju-haje-nad-jizerou-dolni-sytova.html;None;None;15.422737;50.617649;;
https://www.firmy.cz/detail/13450397-husta-hospoda-klecuvka-zlin-klecuvka.html;None;None;17.772193;49.228312;;
https://www.firmy.cz/detail/13117104-hospudka-na-hristi-mnisek.html;3.4;2;15.052217;50.828786;;
https://www.firmy.cz/detail/12976184-radegastovna-pod-padakem-trinec-lyzbice.html;3.5;16;18.674938;49.668035;;
https://www.firmy.cz/detail/13123177-restaurace-pod-smrkem-ustek-habrina.html;5;2;14.322494;50.586779;;
https://www.firmy.cz/detail/13010694-tovaryssky-vrsek-liberec-i-stare-mesto.html;5;3;15.056412;50.770174;;
https://www.firmy.cz/detail/13109110-salmanovicka-hospoda-jilovice-salmanovice.html;5;2;14.773674;48.884260;;
https://www.firmy.cz/detail/13850786-hostinec-u-svateho-floriana-bila-voda-mestys-bila-voda.html;4.6;11;16.916657;50.441570;;
https://www.firmy.cz/detail/13109840-hospoda-u-splavu-horni-domaslavice.html;4.8;6;18.465335;49.695082;;
https://www.firmy.cz/detail/13066002-hostinec-liborice-18-liborice-zelezna.html;5;1;13.523942;50.259467;;
https://www.firmy.cz/detail/13843694-hospoda-sarka-hostinne.html;4.5;1;15.722804;50.540381;;
https://www.firmy.cz/detail/13369506-hospudka-pod-kamencem-hrabesice.html;4.9;9;17.079290;49.976587;;
https://www.firmy.cz/detail/677310-hospoda-ve-mlyne-vojkovice-jakubov.html;4.8;31;13.026984;50.317576;;
https://www.firmy.cz/detail/13099988-hospoda-u-fondrnaju-haje-nad-jizerou-dolni-sytova.html;4.2;5;15.422737;50.617649;;
https://www.firmy.cz/detail/13450397-husta-hospoda-klecuvka-zlin-klecuvka.html;5;2;17.772193;49.228312;;
https://www.firmy.cz/detail/13117104-hospudka-na-hristi-mnisek.html;3.4;2;15.052217;50.828786;;
https://www.firmy.cz/detail/12976184-radegastovna-pod-padakem-trinec-lyzbice.html;3.5;16;18.674938;49.668035;;
https://www.firmy.cz/detail/13123177-restaurace-pod-smrkem-ustek-habrina.html;5;2;14.322494;50.586779;;
https://www.firmy.cz/detail/13010694-tovaryssky-vrsek-liberec-i-stare-mesto.html;5;3;15.056412;50.770174;;
https://www.firmy.cz/detail/13109110-salmanovicka-hospoda-jilovice-salmanovice.html;5;2;14.773674;48.884260;;
https://www.firmy.cz/detail/13850786-hostinec-u-svateho-floriana-bila-voda-mestys-bila-voda.html;4.6;11;16.916657;50.441570;;
https://www.firmy.cz/detail/13109840-hospoda-u-splavu-horni-domaslavice.html;4.8;6;18.465335;49.695082;;
https://www.firmy.cz/detail/13066002-hostinec-liborice-18-liborice-zelezna.html;5;1;13.523942;50.259467;;
https://www.firmy.cz/detail/13843694-hospoda-sarka-hostinne.html;4.5;1;15.722804;50.540381;;
https://www.firmy.cz/detail/13369506-hospudka-pod-kamencem-hrabesice.html;4.9;9;17.079290;49.976587;;
https://www.firmy.cz/detail/677310-hospoda-ve-mlyne-vojkovice-jakubov.html;4.8;31;13.026984;50.317576;;
https://www.firmy.cz/detail/13099988-hospoda-u-fondrnaju-haje-nad-jizerou-dolni-sytova.html;4.2;5;15.422737;50.617649;;
https://www.firmy.cz/detail/13060483-hospudka-u-kotaly-trinec-tyra.html;4.5;15;18.638742;49.612830;;
https://www.firmy.cz/detail/13120253-hospudka-pod-chocholikem-drnovice.html;4.6;15;16.939774;49.275717;;
https://www.firmy.cz/detail/13126826-hostinec-u-moravcu-jamne-nad-orlici.html;5;2;16.623692;50.039430;;
https://www.firmy.cz/detail/13303024-klub-osamelych-muzu-telnice.html;3.1;2;16.715184;49.100947;;
https://www.firmy.cz/detail/13117372-hospoda-na-vinici-blatna.html;4.2;3;13.882379;49.434736;;
https://www.firmy.cz/detail/13273401-pivni-bar-simi-ceske-budejovice-2.html;4;22;14.453658;48.995099;;
https://www.firmy.cz/detail/13136431-hospudka-osuvky-trinec-konska.html;5;1;18.667055;49.699942;;
https://www.firmy.cz/detail/13678097-hospoda-u-pepy-vilemovice.html;5;2;16.747670;49.362188;;
https://www.firmy.cz/detail/13217025-hospudka-u-kaplicky-moravany-ceradice.html;4.7;51;15.985652;49.998318;;
https://www.firmy.cz/detail/13113519-hospudka-na-hristi-jistebnik.html;4.5;1;18.138353;49.746910;;
https://www.firmy.cz/detail/13118835-u-charvatu-dvory-nad-luznici.html;4.5;20;14.901597;48.852522;;
https://www.firmy.cz/detail/13366857-hospudka-labska-stran-labska-stran.html;4.1;4;14.231452;50.848610;;
https://www.firmy.cz/detail/13115813-minibar-satelit-ostrava-petrkovice.html;4.3;3;18.259332;49.875646;;
https://www.firmy.cz/detail/13882570-klub-podchod-brno-kohoutovice.html;4.9;32;16.539452;49.194739;;
https://www.firmy.cz/detail/13164255-lesni-hospudka-na-skalce-blizevedly-skalka.html;4.8;123;14.420863;50.586381;;
https://www.firmy.cz/detail/13177619-hostinec-tj-sokol-usilov-usilov.html;4.7;46;13.126127;49.395134;;
https://www.firmy.cz/detail/13116094-hospoda-u-tucku-zdobin.html;4;5;15.704769;50.415889;;
https://www.firmy.cz/detail/13331937-stara-hospoda-marenice-dolni-svetla.html;4.5;33;14.666936;50.833294;;
https://www.firmy.cz/detail/13118411-pohostinstvi-podulsany-podulsany.html;4.8;3;15.740233;50.127944;;
https://www.firmy.cz/detail/13118948-hospoda-v-jilovem-jilove-u-drzkova.html;5;9;15.291544;50.673661;;
https://www.firmy.cz/detail/13121508-hospoda-pohoda-radosovice.html;5;1;14.868741;49.740445;;
https://www.firmy.cz/detail/13321664-kucharska-hospudka-vysoky-ujezd-kuchar.html;4.9;17;14.236304;49.981905;;
https://www.firmy.cz/detail/13127091-bar-svermova-91-liberec-x-frantiskov.html;4.8;21;15.041448;50.764619;;
https://www.firmy.cz/detail/13112030-hospoda-chrastavec-chrastavec.html;None;None;16.502909;49.618009;;
https://www.firmy.cz/detail/13241724-hospoda-pod-hrazi-popovice.html;None;None;14.753459;49.694340;;
https://www.firmy.cz/detail/13139475-blanka-zakova-teplice.html;None;None;13.853860;50.639862;;
https://www.firmy.cz/detail/13204969-vycep-u-rarasku-praha-nove-mesto.html;None;None;14.417799;50.081531;;
https://www.firmy.cz/detail/13245679-u-palivce-havirov-podlesi.html;None;None;18.454581;49.775793;;
https://www.firmy.cz/detail/13265892-hospoda-na-hristi-moravany.html;5;1;15.945444;49.998050;;
https://www.firmy.cz/detail/13112818-hospoda-v-sopreci-soprec.html;3.6;2;15.556726;50.093587;;
https://www.firmy.cz/detail/13363522-hostinec-u-zlate-krepelky-mladec.html;4.4;24;17.019400;49.705944;;
https://www.firmy.cz/detail/13109363-pohostinstvi-u-hysku-techlovice.html;4.9;34;15.712564;50.208059;;
https://www.firmy.cz/detail/304281-hostinec-u-paseku-ujezd-u-brna.html;2.7;29;16.764401;49.103285;;
https://www.firmy.cz/detail/13141150-statek-u-oubrechtu-pohori.html;4.3;9;16.104146;50.293580;;
https://www.firmy.cz/detail/13487042-hospoda-pribraz-pribraz.html;5;1;14.937686;49.051373;;
https://www.firmy.cz/detail/13127091-bar-svermova-91-liberec-x-frantiskov.html;5;2;15.041448;50.764619;;
https://www.firmy.cz/detail/13112030-hospoda-chrastavec-chrastavec.html;5;2;16.502909;49.618009;;
https://www.firmy.cz/detail/13840319-klub-garaz-straz-nad-nisou.html;5;2;15.037956;50.792324;;
https://www.firmy.cz/detail/13119879-hospoda-vodokrty-rence-vodokrty.html;4.7;3;13.388690;49.588797;;
https://www.firmy.cz/detail/13178440-hostinec-pod-horici-sobesice.html;5;2;13.684020;49.208253;;
https://www.firmy.cz/detail/13373489-hostinec-u-havlicka-havlickova-borova.html;4.4;7;15.780989;49.635270;;
https://www.firmy.cz/detail/13808369-osvezovna-ve-skole-valchov.html;5;2;16.717187;49.471871;;
https://www.firmy.cz/detail/13113760-hostinec-u-holbergu-ostrava-koblov.html;5;5;18.289380;49.884351;;
https://www.firmy.cz/detail/13136653-hostinec-u-koupaliste-1090-chodov.html;4.5;2;12.739360;50.245572;;
https://www.firmy.cz/detail/2330944-restaurace-sokolovna-novy-bor.html;4.5;7;14.552406;50.752913;;
https://www.firmy.cz/detail/13118540-hospoda-u-kozu-trnova.html;4.7;135;13.319072;49.860917;;
https://www.firmy.cz/detail/13099468-hostinec-na-ruzku-dubne.html;4.7;8;14.359361;48.976661;;
https://www.firmy.cz/detail/13123880-vyletni-hostinec-u-srnecka-dolni-vestonice.html;4.1;103;16.644225;48.888092;;
https://www.firmy.cz/detail/13110796-zamecka-zahradka-konice.html;5;4;16.891105;49.589666;;
https://www.firmy.cz/detail/13015661-galerie-piva-praha-vrsovice.html;4.7;8;14.450866;50.070599;;
https://www.firmy.cz/detail/13202401-na-skale-caslav-nove-mesto.html;5;3;15.401615;49.902837;;
https://www.firmy.cz/detail/13840319-klub-garaz-straz-nad-nisou.html;5;2;15.037956;50.792324;;
https://www.firmy.cz/detail/13119879-hospoda-vodokrty-rence-vodokrty.html;4.7;3;13.388690;49.588797;;
https://www.firmy.cz/detail/13178440-hostinec-pod-horici-sobesice.html;5;2;13.684020;49.208253;;
https://www.firmy.cz/detail/13373489-hostinec-u-havlicka-havlickova-borova.html;4.4;7;15.780989;49.635270;;
https://www.firmy.cz/detail/13808369-osvezovna-ve-skole-valchov.html;5;2;16.717187;49.471871;;
https://www.firmy.cz/detail/13136653-hostinec-u-koupaliste-1090-chodov.html;4.5;2;12.739360;50.245572;;
https://www.firmy.cz/detail/2330944-restaurace-sokolovna-novy-bor.html;4.5;7;14.552406;50.752913;;
https://www.firmy.cz/detail/13118540-hospoda-u-kozu-trnova.html;4.7;135;13.319072;49.860917;;
https://www.firmy.cz/detail/13099468-hostinec-na-ruzku-dubne.html;4.7;8;14.359361;48.976661;;
https://www.firmy.cz/detail/13123880-vyletni-hostinec-u-srnecka-dolni-vestonice.html;4.1;103;16.644225;48.888092;;
https://www.firmy.cz/detail/13110796-zamecka-zahradka-konice.html;5;4;16.891105;49.589666;;
https://www.firmy.cz/detail/13015661-galerie-piva-praha-vrsovice.html;4.7;8;14.450866;50.070599;;
https://www.firmy.cz/detail/13202401-na-skale-caslav-nove-mesto.html;5;3;15.401615;49.902837;;
https://www.firmy.cz/detail/13840319-klub-garaz-straz-nad-nisou.html;5;2;15.037956;50.792324;;
https://www.firmy.cz/detail/13119879-hospoda-vodokrty-rence-vodokrty.html;4.7;3;13.388690;49.588797;;
https://www.firmy.cz/detail/13178440-hostinec-pod-horici-sobesice.html;5;2;13.684020;49.208253;;
https://www.firmy.cz/detail/13373489-hostinec-u-havlicka-havlickova-borova.html;4.4;7;15.780989;49.635270;;
https://www.firmy.cz/detail/13808369-osvezovna-ve-skole-valchov.html;5;2;16.717187;49.471871;;
https://www.firmy.cz/detail/13113760-hostinec-u-holbergu-ostrava-koblov.html;5;5;18.289380;49.884351;;
https://www.firmy.cz/detail/13136653-hostinec-u-koupaliste-1090-chodov.html;4.5;2;12.739360;50.245572;;
https://www.firmy.cz/detail/2330944-restaurace-sokolovna-novy-bor.html;4.5;7;14.552406;50.752913;;
https://www.firmy.cz/detail/13118540-hospoda-u-kozu-trnova.html;4.7;135;13.319072;49.860917;;
https://www.firmy.cz/detail/13099468-hostinec-na-ruzku-dubne.html;4.7;8;14.359361;48.976661;;
https://www.firmy.cz/detail/13123880-vyletni-hostinec-u-srnecka-dolni-vestonice.html;4.1;103;16.644225;48.888092;;
https://www.firmy.cz/detail/13110796-zamecka-zahradka-konice.html;5;4;16.891105;49.589666;;
https://www.firmy.cz/detail/13015661-galerie-piva-praha-vrsovice.html;4.7;8;14.450866;50.070599;;
https://www.firmy.cz/detail/13202401-na-skale-caslav-nove-mesto.html;5;3;15.401615;49.902837;;
https://www.firmy.cz/detail/13840319-klub-garaz-straz-nad-nisou.html;5;2;15.037956;50.792324;;
https://www.firmy.cz/detail/13119879-hospoda-vodokrty-rence-vodokrty.html;4.7;3;13.388690;49.588797;;
https://www.firmy.cz/detail/13178440-hostinec-pod-horici-sobesice.html;5;2;13.684020;49.208253;;
https://www.firmy.cz/detail/13373489-hostinec-u-havlicka-havlickova-borova.html;4.4;7;15.780989;49.635270;;
https://www.firmy.cz/detail/13808369-osvezovna-ve-skole-valchov.html;5;2;16.717187;49.471871;;
https://www.firmy.cz/detail/13113760-hostinec-u-holbergu-ostrava-koblov.html;5;5;18.289380;49.884351;;
https://www.firmy.cz/detail/13136653-hostinec-u-koupaliste-1090-chodov.html;4.5;2;12.739360;50.245572;;
https://www.firmy.cz/detail/2330944-restaurace-sokolovna-novy-bor.html;4.5;7;14.552406;50.752913;;
https://www.firmy.cz/detail/13118540-hospoda-u-kozu-trnova.html;4.7;135;13.319072;49.860917;;
https://www.firmy.cz/detail/13099468-hostinec-na-ruzku-dubne.html;4.7;8;14.359361;48.976661;;
https://www.firmy.cz/detail/13123880-vyletni-hostinec-u-srnecka-dolni-vestonice.html;4.1;103;16.644225;48.888092;;
https://www.firmy.cz/detail/13110796-zamecka-zahradka-konice.html;5;4;16.891105;49.589666;;
https://www.firmy.cz/detail/2349310-hostinec-v-rybnickach-praha-strasnice.html;4.3;7;14.507995;50.070676;;
https://www.firmy.cz/detail/12943723-podbrdska-hospoda-bratkovice-dominikalni-paseky.html;4.7;11;13.994376;49.752282;;
https://www.firmy.cz/detail/13110862-hospoda-u-paloshu-neratovice.html;2.7;3;14.515364;50.255806;;
https://www.firmy.cz/detail/13439664-restaurace-chotikov-chotikov.html;None;None;13.315785;49.796498;;
https://www.firmy.cz/detail/13859453-hospoda-u-cinkly-pentle-chotec.html;4.8;150;14.286448;49.985153;;
https://www.firmy.cz/detail/12832748-hostinec-u-krelovcu-plzen.html;None;None;13.387690;49.738556;;
https://www.firmy.cz/detail/13373552-hospoda-pod-homolou-postrelmuvek.html;None;None;16.876058;49.923983;;
https://www.firmy.cz/detail/13364944-petrinska-hospudka-stary-petrin.html;None;None;15.733756;48.889872;;
https://www.firmy.cz/detail/331728-hostinec-na-blajchu-olomouc-belidla.html;None;None;17.282793;49.599067;;
https://www.firmy.cz/detail/13208518-bouda-as.html;None;None;12.198749;50.222451;;
https://www.firmy.cz/detail/13375165-hospoda-u-sutru-kunzak-zvule.html;4.2;13;15.239947;49.096282;;
https://www.firmy.cz/detail/13149721-jezkova-pivnice-trebic-nove-dvory.html;3;1;15.892192;49.218729;;
https://www.firmy.cz/detail/13503411-dobeticka-garaz-usti-nad-labem-severni-terasa.html;5;2;14.052550;50.674202;;
https://www.firmy.cz/detail/2349310-hostinec-v-rybnickach-praha-strasnice.html;4.3;7;14.507995;50.070676;;
https://www.firmy.cz/detail/12943723-podbrdska-hospoda-bratkovice-dominikalni-paseky.html;4.7;11;13.994376;49.752282;;
https://www.firmy.cz/detail/13110862-hospoda-u-paloshu-neratovice.html;2.7;3;14.515364;50.255806;;
https://www.firmy.cz/detail/13439664-restaurace-chotikov-chotikov.html;4.8;2;13.315785;49.796498;;
https://www.firmy.cz/detail/13859453-hospoda-u-cinkly-pentle-chotec.html;4.8;150;14.286448;49.985153;;
https://www.firmy.cz/detail/13028914-hostinec-na-obecni-lichnov.html;4.5;2;18.170333;49.564072;;
https://www.firmy.cz/detail/12832748-hostinec-u-krelovcu-plzen.html;5;2;13.387690;49.738556;;
https://www.firmy.cz/detail/13373552-hospoda-pod-homolou-postrelmuvek.html;4.9;42;16.876058;49.923983;;
https://www.firmy.cz/detail/13364944-petrinska-hospudka-stary-petrin.html;5;18;15.733756;48.889872;;
https://www.firmy.cz/detail/331728-hostinec-na-blajchu-olomouc-belidla.html;4.5;78;17.282793;49.599067;;
https://www.firmy.cz/detail/13208518-bouda-as.html;4.8;3;12.198749;50.222451;;
https://www.firmy.cz/detail/13375165-hospoda-u-sutru-kunzak-zvule.html;4.2;13;15.239947;49.096282;;
https://www.firmy.cz/detail/13149721-jezkova-pivnice-trebic-nove-dvory.html;3;1;15.892192;49.218729;;
https://www.firmy.cz/detail/13503411-dobeticka-garaz-usti-nad-labem-severni-terasa.html;5;2;14.052550;50.674202;;
https://www.firmy.cz/detail/2312620-hospoda-plandry-4-plandry.html;5;15;15.534535;49.421483;;
https://www.firmy.cz/detail/13372883-hospoda-obecna-skola-hrebecniky-tyrovice.html;5;4;13.785669;49.980249;;
https://www.firmy.cz/detail/13123409-hospoda-pod-babylonem-stare-hute.html;5;1;17.279809;49.132992;;
https://www.firmy.cz/detail/13141306-hospoda-hriste-sk-jirice.html;4.6;195;15.317424;49.552126;;
https://www.firmy.cz/detail/13114380-peklo-pristoupim.html;4.2;48;14.878972;50.053567;;
https://www.firmy.cz/detail/238612-u-sulcu-cernilov.html;5;2;15.908131;50.268087;;
https://www.firmy.cz/detail/12914913-hostinec-hanacka-breclav.html;1.2;2;16.889531;48.767595;;
https://www.firmy.cz/detail/332447-hospudka-nad-viktorkou-praha-zizkov.html;3.7;5;14.448674;50.082905;;
https://www.firmy.cz/detail/13867625-hostinec-lazne-zalesi-prichovice-zalesi.html;5;1;13.352136;49.534718;;
https://www.firmy.cz/detail/13012260-restaurace-kiosek-koupaliste-chuchelna.html;None;None;15.300019;50.605895;;
https://www.firmy.cz/detail/13547464-pohostinstvi-u-sotaka-korytna.html;4.5;19;17.663670;48.939726;;
https://www.firmy.cz/detail/13111305-hostinec-u-elzneru-mouchnice.html;5;1;17.134572;49.113039;;
https://www.firmy.cz/detail/13886089-polabinska-tankovna-pardubice-polabiny.html;4.9;17;15.752131;50.043912;;
https://www.firmy.cz/detail/13115600-hostinec-na-hristi-ricky.html;4.9;203;16.355782;49.232720;;
https://www.firmy.cz/detail/2312620-hospoda-plandry-4-plandry.html;5;15;15.534535;49.421483;;
https://www.firmy.cz/detail/13372883-hospoda-obecna-skola-hrebecniky-tyrovice.html;5;4;13.785669;49.980249;;
https://www.firmy.cz/detail/13123409-hospoda-pod-babylonem-stare-hute.html;5;1;17.279809;49.132992;;
https://www.firmy.cz/detail/13141306-hospoda-hriste-sk-jirice.html;4.6;195;15.317424;49.552126;;
https://www.firmy.cz/detail/13114380-peklo-pristoupim.html;4.5;10;14.878972;50.053567;;
https://www.firmy.cz/detail/238612-u-sulcu-cernilov.html;5;2;15.908131;50.268087;;
https://www.firmy.cz/detail/13117610-cafe-bar-gross-opava-predmesti.html;5;2;17.895598;49.938743;;
https://www.firmy.cz/detail/13887172-obecni-hostinec-jetetice-jetetice.html;4.8;51;14.291970;49.384615;;
https://www.firmy.cz/detail/13117684-brzkov-68-brzkov.html;4.2;3;15.727366;49.526191;;
https://www.firmy.cz/detail/13114921-bistro-fontana-uherske-hradiste.html;5;13;17.475768;49.068774;;
https://www.firmy.cz/detail/13150437-hospoda-na-hristi-tuchomerice.html;4.6;4;14.284974;50.133367;;
https://www.firmy.cz/detail/13821017-hospoda-konibar-strelske-hostice.html;4.8;42;13.755195;49.298116;;
https://www.firmy.cz/detail/13108690-hostinec-krumsin-219-krumsin.html;4.8;74;16.999908;49.448119;;
https://www.firmy.cz/detail/13120945-hospoda-libensky-ostrov-1555-praha-liben.html;4.1;4;14.464273;50.104217;;
https://www.firmy.cz/detail/13142711-klub-penalta-kacice.html;5;1;13.984495;50.157666;;
https://www.firmy.cz/detail/13665044-hospoda-ladna-ladna.html;5;1;16.876678;48.804830;;
https://www.firmy.cz/detail/13517195-hospudka-lipovec-lipovec.html;5;1;15.544915;49.916260;;
https://www.firmy.cz/detail/13849232-klubovna-sk-na-hristi-vcelna.html;4.7;148;14.457571;48.918261;;
https://www.firmy.cz/detail/13011428-hospudka-u-libuse-petrovice-u-karvine-zavada.html;5;2;18.507732;49.901552;;
https://www.firmy.cz/detail/13303346-hospoda-oaza-bowling-ostrava-poruba.html;4.2;8;18.150729;49.823831;;
https://www.firmy.cz/detail/13117610-cafe-bar-gross-opava-predmesti.html;5;2;17.895598;49.938743;;
https://www.firmy.cz/detail/13887172-obecni-hostinec-jetetice-jetetice.html;None;None;14.291970;49.384615;;
https://www.firmy.cz/detail/13117684-brzkov-68-brzkov.html;4.2;3;15.727366;49.526191;;
https://www.firmy.cz/detail/13114921-bistro-fontana-uherske-hradiste.html;5;2;17.475768;49.068774;;
https://www.firmy.cz/detail/13150437-hospoda-na-hristi-tuchomerice.html;4.6;4;14.284974;50.133367;;
https://www.firmy.cz/detail/13821017-hospoda-konibar-strelske-hostice.html;4.8;42;13.755195;49.298116;;
https://www.firmy.cz/detail/13108690-hostinec-krumsin-219-krumsin.html;4.8;74;16.999908;49.448119;;
https://www.firmy.cz/detail/13120945-hospoda-libensky-ostrov-1555-praha-liben.html;4.1;4;14.464273;50.104217;;
https://www.firmy.cz/detail/13142711-klub-penalta-kacice.html;5;1;13.984495;50.157666;;
https://www.firmy.cz/detail/13665044-hospoda-ladna-ladna.html;5;1;16.876678;48.804830;;
https://www.firmy.cz/detail/13517195-hospudka-lipovec-lipovec.html;5;1;15.544915;49.916260;;
https://www.firmy.cz/detail/13849232-klubovna-sk-na-hristi-vcelna.html;4.7;148;14.457571;48.918261;;
https://www.firmy.cz/detail/13011428-hospudka-u-libuse-petrovice-u-karvine-zavada.html;5;2;18.507732;49.901552;;
https://www.firmy.cz/detail/13303346-hospoda-oaza-bowling-ostrava-poruba.html;4.2;8;18.150729;49.823831;;
https://www.firmy.cz/detail/13117610-cafe-bar-gross-opava-predmesti.html;5;2;17.895598;49.938743;;
https://www.firmy.cz/detail/13887172-obecni-hostinec-jetetice-jetetice.html;4.8;51;14.291970;49.384615;;
https://www.firmy.cz/detail/13117684-brzkov-68-brzkov.html;4.2;3;15.727366;49.526191;;
https://www.firmy.cz/detail/13117300-hospudka-u-dalasa-tasov.html;4;1;16.097369;49.286653;;
https://www.firmy.cz/detail/13117985-hospudka-u-eriska-a-messiho-stepankovice.html;4;1;18.044177;49.956583;;
https://www.firmy.cz/detail/13674086-hospudka-prima-slunce-hroznetin.html;4.4;5;12.871284;50.308948;;
https://www.firmy.cz/detail/252552-hospoda-u-lepicu-chynava.html;5;1;14.078549;50.028580;;
https://www.firmy.cz/detail/13283005-hospudka-u-zdenicky-sepekov.html;4.4;7;14.418987;49.428127;;
https://www.firmy.cz/detail/13114236-pohostinstvi-cechtin-cechtin.html;4.8;3;15.820667;49.293272;;
https://www.firmy.cz/detail/13114472-u-podrouzku-plavsko.html;5;1;14.900033;49.084865;;
https://www.firmy.cz/detail/13142096-kominska-rychta-brno-komin.html;4.9;32;16.554969;49.221601;;
https://www.firmy.cz/detail/13119118-rychtarova-kotelna-hodonin.html;4.7;97;17.138025;48.853856;;
https://www.firmy.cz/detail/12948757-hospudka-sokol-praha-smichov.html;4.5;1;14.407880;50.071310;;
https://www.firmy.cz/detail/13112020-hospoda-na-stare-opava-komarov.html;None;None;17.966846;49.913976;;
https://www.firmy.cz/detail/12879921-hospudka-cerna-hora-uhersky-brod.html;4;5;17.648822;49.021498;;
https://www.firmy.cz/detail/13263063-hospoda-na-hristi-oleksovice.html;4.5;1;16.252405;48.904068;;
https://www.firmy.cz/detail/13134543-hostinec-u-lipy-svesedlice.html;4.8;2;17.378631;49.573323;;
https://www.firmy.cz/detail/13847237-hostinec-u-zamecku-klokocovska-lhotka.html;5;1;15.671031;49.804640;;
https://www.firmy.cz/detail/13025712-hospudka-na-hristi-brno-zebetin.html;4.6;19;16.496009;49.205579;;
https://www.firmy.cz/detail/13014917-u-ceskeho-lva-opocnice.html;5;4;15.258000;50.174076;;
https://www.firmy.cz/detail/244968-pivni-arena-u-houdu-vlasim.html;5;1;14.901197;49.709462;;
https://www.firmy.cz/detail/13870826-hospoda-u-trznice-jablonec-nad-nisou.html;5;1;15.171846;50.722441;;
https://www.firmy.cz/detail/13115402-hostinec-u-mlyna-staric.html;4.7;6;18.294289;49.690747;;
https://www.firmy.cz/detail/13631057-hospudka-trebin-dubne-trebin.html;5;3;14.383784;48.966619;;
https://www.firmy.cz/detail/13139025-restaurace-zlebska-lhotka-zlebske-chvalovice-zlebska-lhotka.html;4.5;10;15.552571;49.897287;;
https://www.firmy.cz/detail/13022379-pivovarska-restaurace-praha-zabehlice.html;4.1;9;14.486080;50.055242;;
https://www.firmy.cz/detail/13146705-restaurace-chvalkovice-na-hane-ivanovice-na-hane-chvalkovice-na-hane.html;5;1;17.115385;49.317471;;
https://www.firmy.cz/detail/13618901-hostinec-u-ruzenky-psanky.html;4.9;34;15.621070;50.293969;;
https://www.firmy.cz/detail/13149026-hospoda-vrbno-kadov-vrbno.html;4.5;4;13.808246;49.403399;;
https://www.firmy.cz/detail/13049136-hospudka-u-hriste-most.html;4.9;5;13.640444;50.514643;;
https://www.firmy.cz/detail/13334479-hospudka-apollo-druztova.html;4.7;135;13.451616;49.795011;;
https://www.firmy.cz/detail/13513610-hostinec-u-zastavky-kvetna.html;4.5;2;16.350980;49.733699;;
https://www.firmy.cz/detail/13863950-u-vydriducha-stahlavy-stahlavice.html;5;1;13.525078;49.667380;;
https://www.firmy.cz/detail/13119641-hospoda-na-domoracu-hostasovice.html;4.7;45;18.016430;49.521108;;
https://www.firmy.cz/detail/13121863-hospoda-myslivna-hradec.html;4.2;8;13.112894;49.634706;;
https://www.firmy.cz/detail/13241420-hostinec-u-herminy-paseky-nad-jizerou.html;3.8;13;15.390161;50.727521;;
https://www.firmy.cz/detail/13136361-kateryna-tukalevska-blazejov.html;None;None;15.095294;49.140821;;
https://www.firmy.cz/detail/12979841-tankovna-u-psenicku-davle.html;3.2;7;14.399764;49.896252;;
https://www.firmy.cz/detail/13113864-hospoda-u-hamouna-chrast-podlazice.html;5;2;15.952565;49.895862;;
https://www.firmy.cz/detail/13119608-hospoda-u-kaplicky-vrdy.html;5;10;15.472256;49.921858;;
https://www.firmy.cz/detail/13191612-hospudka-u-bizona-vrbno-pod-pradedem.html;5;1;17.380097;50.116544;;
https://www.firmy.cz/detail/13496384-hospoda-u-helmuta-bolebor-orasin.html;4.9;20;13.401408;50.534565;;
https://www.firmy.cz/detail/2614439-hostinec-u-pekaru-brumov-bylnice-sidonie.html;4.8;25;18.077194;49.044349;;
https://www.firmy.cz/detail/13110922-hostinec-u-balounu-cejetice-mladejovice.html;5;1;14.049067;49.229681;;
https://www.firmy.cz/detail/13132548-obecni-hospudka-veltruby.html;1;1;15.181497;50.067189;;
https://www.firmy.cz/detail/13381849-pivnice-vymenik-pisek-budejovicke-predmesti.html;3.6;5;14.149600;49.300345;;
https://www.firmy.cz/detail/13687874-hospudka-na-hristi-susice.html;5;1;17.454242;49.119283;;
https://www.firmy.cz/detail/13124185-pohostinstvi-u-kastanu-dobronice-u-bechyne.html;4.9;8;14.497559;49.342669;;
https://www.firmy.cz/detail/13121863-hospoda-myslivna-hradec.html;4.2;8;13.112894;49.634706;;
https://www.firmy.cz/detail/13241420-hostinec-u-herminy-paseky-nad-jizerou.html;3.8;13;15.390161;50.727521;;
https://www.firmy.cz/detail/13136361-kateryna-tukalevska-blazejov.html;5;1;15.095294;49.140821;;
https://www.firmy.cz/detail/12979841-tankovna-u-psenicku-davle.html;3.2;7;14.399764;49.896252;;
https://www.firmy.cz/detail/13113864-hospoda-u-hamouna-chrast-podlazice.html;5;2;15.952565;49.895862;;
https://www.firmy.cz/detail/13119608-hospoda-u-kaplicky-vrdy.html;5;10;15.472256;49.921858;;
https://www.firmy.cz/detail/13191612-hospudka-u-bizona-vrbno-pod-pradedem.html;5;1;17.380097;50.116544;;
https://www.firmy.cz/detail/13496384-hospoda-u-helmuta-bolebor-orasin.html;4.9;20;13.401408;50.534565;;
https://www.firmy.cz/detail/2614439-hostinec-u-pekaru-brumov-bylnice-sidonie.html;4.8;25;18.077194;49.044349;;
https://www.firmy.cz/detail/13110922-hostinec-u-balounu-cejetice-mladejovice.html;5;1;14.049067;49.229681;;
https://www.firmy.cz/detail/13132548-obecni-hospudka-veltruby.html;1;1;15.181497;50.067189;;
https://www.firmy.cz/detail/13381849-pivnice-vymenik-pisek-budejovicke-predmesti.html;3.6;5;14.149600;49.300345;;
https://www.firmy.cz/detail/13687874-hospudka-na-hristi-susice.html;5;1;17.454242;49.119283;;
https://www.firmy.cz/detail/13451291-kiosek-pacov-pacov.html;2.5;1;15.003350;49.469638;;
https://www.firmy.cz/detail/13847987-plovarna-tycek-tycek.html;5;1;13.789061;49.869928;;
https://www.firmy.cz/detail/13101977-restaurace-zelenacova-sopa-zlin.html;4.3;19;17.670155;49.229114;;
https://www.firmy.cz/detail/13136785-hospoda-na-hristi-valasske-mezirici-jurinka.html;4.2;3;17.949885;49.481917;;
https://www.firmy.cz/detail/13353372-kozlovna-na-baronce-humpolec.html;4.1;9;15.354647;49.539026;;
https://www.firmy.cz/detail/13763672-bouda-u-vody-litovel-brezove.html;None;None;17.121989;49.681373;;
https://www.firmy.cz/detail/13259768-pivni-minibar-novy-bor.html;5;3;14.554091;50.756281;;
https://www.firmy.cz/detail/13730907-hospudka-u-ivose-bravantice.html;4.9;26;18.084443;49.754685;;
https://www.firmy.cz/detail/13146040-terezie-vartova-brandys-nad-labem-stara-boleslav-stara-boleslav.html;5;1;14.679204;50.194520;;
https://www.firmy.cz/detail/261552-u-sedlonu-ratiborske-hory.html;5;1;14.770106;49.462170;;
https://www.firmy.cz/detail/242947-restaurace-u-kolleru-uhersky-brod.html;4.7;4;17.651927;49.023924;;
https://www.firmy.cz/detail/13800702-hospoda-na-tvrzi-dobrcice.html;5;2;17.480541;49.402139;;
https://www.firmy.cz/detail/13460060-autobar-havirov-mesto.html;4.8;2;18.441151;49.781170;;
https://www.firmy.cz/detail/13114744-hospudka-za-brankou-velesovice.html;4.5;2;16.848701;49.176140;;
https://www.firmy.cz/detail/13451291-kiosek-pacov-pacov.html;2.5;1;15.003350;49.469638;;
https://www.firmy.cz/detail/13847987-plovarna-tycek-tycek.html;5;1;13.789061;49.869928;;
https://www.firmy.cz/detail/13101977-restaurace-zelenacova-sopa-zlin.html;None;None;17.670155;49.229114;;
https://www.firmy.cz/detail/13136785-hospoda-na-hristi-valasske-mezirici-jurinka.html;4.2;3;17.949885;49.481917;;
https://www.firmy.cz/detail/13353372-kozlovna-na-baronce-humpolec.html;4.1;9;15.354647;49.539026;;
https://www.firmy.cz/detail/13763672-bouda-u-vody-litovel-brezove.html;3.6;8;17.121989;49.681373;;
https://www.firmy.cz/detail/13259768-pivni-minibar-novy-bor.html;5;3;14.554091;50.756281;;
https://www.firmy.cz/detail/13730907-hospudka-u-ivose-bravantice.html;5;1;18.084443;49.754685;;
https://www.firmy.cz/detail/13146040-terezie-vartova-brandys-nad-labem-stara-boleslav-stara-boleslav.html;5;1;14.679204;50.194520;;
https://www.firmy.cz/detail/261552-u-sedlonu-ratiborske-hory.html;5;1;14.770106;49.462170;;
https://www.firmy.cz/detail/242947-restaurace-u-kolleru-uhersky-brod.html;4.7;4;17.651927;49.023924;;
https://www.firmy.cz/detail/13800702-hospoda-na-tvrzi-dobrcice.html;5;2;17.480541;49.402139;;
https://www.firmy.cz/detail/13460060-autobar-havirov-mesto.html;4.8;2;18.441151;49.781170;;
https://www.firmy.cz/detail/13114744-hospudka-za-brankou-velesovice.html;4.5;2;16.848701;49.176140;;
https://www.firmy.cz/detail/13451291-kiosek-pacov-pacov.html;2.5;1;15.003350;49.469638;;
https://www.firmy.cz/detail/13847987-plovarna-tycek-tycek.html;5;1;13.789061;49.869928;;
https://www.firmy.cz/detail/13101977-restaurace-zelenacova-sopa-zlin.html;4.3;None;17.670155;49.229114;;
https://www.firmy.cz/detail/13136785-hospoda-na-hristi-valasske-mezirici-jurinka.html;4.2;3;17.949885;49.481917;;
https://www.firmy.cz/detail/13353372-kozlovna-na-baronce-humpolec.html;4.1;9;15.354647;49.539026;;
https://www.firmy.cz/detail/13763672-bouda-u-vody-litovel-brezove.html;3.6;8;17.121989;49.681373;;
https://www.firmy.cz/detail/13259768-pivni-minibar-novy-bor.html;5;3;14.554091;50.756281;;
https://www.firmy.cz/detail/13730907-hospudka-u-ivose-bravantice.html;4.9;26;18.084443;49.754685;;
https://www.firmy.cz/detail/13146040-terezie-vartova-brandys-nad-labem-stara-boleslav-stara-boleslav.html;5;1;14.679204;50.194520;;
https://www.firmy.cz/detail/261552-u-sedlonu-ratiborske-hory.html;5;1;14.770106;49.462170;;
https://www.firmy.cz/detail/242947-restaurace-u-kolleru-uhersky-brod.html;4.7;4;17.651927;49.023924;;
https://www.firmy.cz/detail/13800702-hospoda-na-tvrzi-dobrcice.html;5;2;17.480541;49.402139;;
https://www.firmy.cz/detail/13460060-autobar-havirov-mesto.html;4.8;2;18.441151;49.781170;;
https://www.firmy.cz/detail/13118384-hospoda-jitrenka-praskolesy.html;2.7;2;13.931878;49.867339;;
https://www.firmy.cz/detail/13891594-hospudka-u-richtru-horomerice.html;5;1;14.334272;50.137003;;
https://www.firmy.cz/detail/292633-hostinec-lesna-horni-nemci.html;5;1;17.621802;48.936492;;
https://www.firmy.cz/detail/12962809-hostinec-u-mostu-pastviny.html;4.2;278;16.560480;50.093357;;
https://www.firmy.cz/detail/13097428-vyhlidka-klasterec-nad-ohri-rasovice.html;4.8;19;13.205470;50.373794;;
https://www.firmy.cz/detail/13350061-u-sherlocka-usti-nad-orlici-hylvaty.html;5;3;16.400001;49.961839;;
https://www.firmy.cz/detail/13117832-restaurace-tyrsova-456-zirovnice.html;1;1;15.189696;49.254854;;
https://www.firmy.cz/detail/13136093-pivni-bar-horanka-stonava.html;5;1;18.538776;49.809378;;
https://www.firmy.cz/detail/2692279-hospoda-u-orla-brno-ivanovice.html;1;2;16.565395;49.265551;;
https://www.firmy.cz/detail/2686474-hospudka-u-kaluze-brno.html;5;2;16.522689;49.228914;;
https://www.firmy.cz/detail/13756708-stodola-velke-losiny.html;4.3;12;17.035150;50.028858;;
https://www.firmy.cz/detail/12993149-hostinec-hrachoviste-hrachoviste.html;4.9;5;14.774396;48.928645;;
https://www.firmy.cz/detail/13349789-hospudka-na-hristi-broumy.html;5;12;13.853752;49.953908;;
https://www.firmy.cz/detail/13114750-hospoda-na-namesti-ujezdecek.html;5;13;13.789800;50.645507;;
https://www.firmy.cz/detail/13118384-hospoda-jitrenka-praskolesy.html;2.7;2;13.931878;49.867339;;
https://www.firmy.cz/detail/13891594-hospudka-u-richtru-horomerice.html;5;1;14.334272;50.137003;;
https://www.firmy.cz/detail/13056582-hospudka-u-komara-kunovice.html;4.1;15;17.434410;49.049805;;
https://www.firmy.cz/detail/2419602-hospudka-terasa-baska.html;4.7;11;18.382713;49.647990;;
https://www.firmy.cz/detail/13032982-hospudka-u-sokola-umyslovice.html;5;1;15.175950;50.203372;;
https://www.firmy.cz/detail/12879821-niklovna-chotebor.html;4.9;7;15.669743;49.719596;;
https://www.firmy.cz/detail/13779650-hospoda-u-tygra-kromeriz.html;None;None;17.391684;49.289509;;
https://www.firmy.cz/detail/1949500-restaurant-oaza-billiard-club-praha.html;3.8;18;14.384883;50.100674;;
https://www.firmy.cz/detail/2514374-hostinec-v-zatacce-kraliky.html;4.7;3;16.750191;50.082412;;
https://www.firmy.cz/detail/13108252-hostinec-suchdol-suchdol.html;4.8;74;16.897719;49.547084;;
https://www.firmy.cz/detail/2024860-pohostinstvi-u-antona-opava-predmesti.html;4.4;16;17.890447;49.931941;;
https://www.firmy.cz/detail/13851473-letni-zahradka-za-vodou-pribor.html;5;1;18.147879;49.636686;;
https://www.firmy.cz/detail/13368157-u-dedy-jehudy-z-loksan-breznice.html;3.9;2;13.950545;49.558160;;
https://www.firmy.cz/detail/13056582-hospudka-u-komara-kunovice.html;4.1;15;17.434410;49.049805;;
https://www.firmy.cz/detail/2419602-hospudka-terasa-baska.html;4.7;11;18.382713;49.647990;;
https://www.firmy.cz/detail/13032982-hospudka-u-sokola-umyslovice.html;5;1;15.175950;50.203372;;
https://www.firmy.cz/detail/12879821-niklovna-chotebor.html;4.9;7;15.669743;49.719596;;
https://www.firmy.cz/detail/13779650-hospoda-u-tygra-kromeriz.html;4.5;1;17.391684;49.289509;;
https://www.firmy.cz/detail/1949500-restaurant-oaza-billiard-club-praha.html;3.8;18;14.384883;50.100674;;
https://www.firmy.cz/detail/2514374-hostinec-v-zatacce-kraliky.html;4.7;3;16.750191;50.082412;;
https://www.firmy.cz/detail/13138113-thi-mai-chi-do-velka-hledsebe.html;None;None;12.676802;49.962161;;
https://www.firmy.cz/detail/13538497-hospoda-u-lipy-sber.html;4.1;2;15.425987;50.318924;;
https://www.firmy.cz/detail/13115361-hostinec-u-hriste-okrouhlo.html;4.9;5;14.446221;49.915838;;
https://www.firmy.cz/detail/12992741-obcerstveni-u-vody-borotice-cholin.html;3.6;4;14.329707;49.717638;;
https://www.firmy.cz/detail/13914763-hostinec-mash-veseli.html;5;1;15.619575;50.011104;;
https://www.firmy.cz/detail/13861599-kiosek-u-hasicu-stitina.html;5;2;18.016114;49.916504;;
https://www.firmy.cz/detail/13056545-hospudka-eden-krtiny.html;4.3;7;16.744182;49.297387;;
https://www.firmy.cz/detail/13110763-hospoda-naramec-naramec.html;None;None;15.974933;49.264558;;
https://www.firmy.cz/detail/2108592-hostinec-jiretice-neustupov-jiretice.html;5;2;14.727052;49.599688;;
https://www.firmy.cz/detail/13039293-hostinec-skalice-dolany-veska.html;5;1;17.355163;49.658440;;
https://www.firmy.cz/detail/13387864-xko-dvur-kralove-nad-labem.html;4.7;5;15.814002;50.428883;;
https://www.firmy.cz/detail/13833269-hakuv-hostinec-mlekojedy.html;4.6;5;14.118992;50.527319;;
https://www.firmy.cz/detail/1900577-na-rozkosi-kolin-v.html;None;None;15.212412;50.032175;;
https://www.firmy.cz/detail/13114463-hostinec-u-machacku-dubi-mstisov.html;3.7;3;13.781892;50.664783;;
https://www.firmy.cz/detail/13119194-hospudka-u-zika-horni-benesov.html;4.7;40;17.605930;49.971313;;
https://www.firmy.cz/detail/13342115-hostinec-u-kropacu-troubelice.html;4.5;None;17.077422;49.818697;;
https://www.firmy.cz/detail/13115361-hostinec-u-hriste-okrouhlo.html;4.9;5;14.446221;49.915838;;
https://www.firmy.cz/detail/12992741-obcerstveni-u-vody-borotice-cholin.html;3.6;4;14.329707;49.717638;;
https://www.firmy.cz/detail/13914763-hostinec-mash-veseli.html;5;1;15.619575;50.011104;;
https://www.firmy.cz/detail/13861599-kiosek-u-hasicu-stitina.html;5;2;18.016114;49.916504;;
https://www.firmy.cz/detail/13056545-hospudka-eden-krtiny.html;4.3;7;16.744182;49.297387;;
https://www.firmy.cz/detail/13110763-hospoda-naramec-naramec.html;4;1;15.974933;49.264558;;
https://www.firmy.cz/detail/13039293-hostinec-skalice-dolany-veska.html;5;1;17.355163;49.658440;;
https://www.firmy.cz/detail/13387864-xko-dvur-kralove-nad-labem.html;4.7;5;15.814002;50.428883;;
https://www.firmy.cz/detail/13833269-hakuv-hostinec-mlekojedy.html;4.6;5;14.118992;50.527319;;
https://www.firmy.cz/detail/1900577-na-rozkosi-kolin-v.html;None;None;15.212412;50.032175;;
https://www.firmy.cz/detail/13114463-hostinec-u-machacku-dubi-mstisov.html;3.7;3;13.781892;50.664783;;
https://www.firmy.cz/detail/13119194-hospudka-u-zika-horni-benesov.html;5;1;17.605930;49.971313;;
https://www.firmy.cz/detail/13342115-hostinec-u-kropacu-troubelice.html;4.5;6;17.077422;49.818697;;
https://www.firmy.cz/detail/13115361-hostinec-u-hriste-okrouhlo.html;4.9;5;14.446221;49.915838;;
https://www.firmy.cz/detail/13914763-hostinec-mash-veseli.html;None;None;15.619575;50.011104;;
https://www.firmy.cz/detail/13861599-kiosek-u-hasicu-stitina.html;None;None;18.016114;49.916504;;
https://www.firmy.cz/detail/13056545-hospudka-eden-krtiny.html;None;None;16.744182;49.297387;;
https://www.firmy.cz/detail/13123586-restaurace-pod-hradem-zavlekov.html;None;None;13.486988;49.338044;;
https://www.firmy.cz/detail/13139462-hospudka-za-vodou-horni-tresnovec.html;None;None;16.600305;49.942179;;
https://www.firmy.cz/detail/13279792-klub-sportovcu-radosov-radosov.html;None;None;15.786581;49.334500;;
https://www.firmy.cz/detail/13131847-hostinec-u-larysu-holasovice.html;None;None;17.806942;49.999899;;
https://www.firmy.cz/detail/13117645-sportak-u-blazeny-chomutov.html;None;None;13.417509;50.462668;;
https://www.firmy.cz/detail/13122590-hospudka-u-smrku-novy-poddvorov.html;None;None;16.960459;48.867859;;
https://www.firmy.cz/detail/337150-hospoda-na-hristi-kosor.html;None;None;14.327063;49.989081;;
https://www.firmy.cz/detail/13154140-hostinec-u-kasparu-sitborice.html;None;None;16.778641;49.015694;;
https://www.firmy.cz/detail/13117612-krymlovska-hospoda-oleska-krymlov.html;None;None;14.927551;49.957893;;
https://www.firmy.cz/detail/13149166-hospoda-cross-market-javornik.html;None;None;17.002737;50.391685;;
https://www.firmy.cz/detail/13648373-hospoda-na-statkach-jirkov-brezenec.html;5;3;13.418449;50.496853;;
https://www.firmy.cz/detail/13108945-pivni-bar-na-vaze-jindrichuv-hradec-ii.html;None;None;15.002496;49.148359;;
https://www.firmy.cz/detail/13115316-rybarska-basta-stolany.html;None;None;15.744720;49.928102;;
https://www.firmy.cz/detail/12942965-pivnice-stoky-115-stoky.html;None;None;15.588202;49.502085;;
https://www.firmy.cz/detail/13123586-restaurace-pod-hradem-zavlekov.html;None;None;13.486988;49.338044;;
https://www.firmy.cz/detail/13139462-hospudka-za-vodou-horni-tresnovec.html;None;None;16.600305;49.942179;;
https://www.firmy.cz/detail/13279792-klub-sportovcu-radosov-radosov.html;None;None;15.786581;49.334500;;
https://www.firmy.cz/detail/13131847-hostinec-u-larysu-holasovice.html;None;None;17.806942;49.999899;;
https://www.firmy.cz/detail/13117645-sportak-u-blazeny-chomutov.html;None;None;13.417509;50.462668;;
https://www.firmy.cz/detail/13122590-hospudka-u-smrku-novy-poddvorov.html;None;None;16.960459;48.867859;;
https://www.firmy.cz/detail/337150-hospoda-na-hristi-kosor.html;None;None;14.327063;49.989081;;
https://www.firmy.cz/detail/13154140-hostinec-u-kasparu-sitborice.html;5;55;16.778641;49.015694;;
https://www.firmy.cz/detail/13117612-krymlovska-hospoda-oleska-krymlov.html;4.7;69;14.927551;49.957893;;
https://www.firmy.cz/detail/13149166-hospoda-cross-market-javornik.html;5;11;17.002737;50.391685;;
https://www.firmy.cz/detail/13648373-hospoda-na-statkach-jirkov-brezenec.html;5;3;13.418449;50.496853;;
https://www.firmy.cz/detail/13108945-pivni-bar-na-vaze-jindrichuv-hradec-ii.html;4.3;3;15.002496;49.148359;;
https://www.firmy.cz/detail/13115316-rybarska-basta-stolany.html;5;2;15.744720;49.928102;;
https://www.firmy.cz/detail/12942965-pivnice-stoky-115-stoky.html;5;1;15.588202;49.502085;;
https://www.firmy.cz/detail/13123586-restaurace-pod-hradem-zavlekov.html;4.9;59;13.486988;49.338044;;
https://www.firmy.cz/detail/13139462-hospudka-za-vodou-horni-tresnovec.html;5;3;16.600305;49.942179;;
https://www.firmy.cz/detail/13010567-hostinec-brtnice-brtnice-priseka.html;5;1;15.647650;49.340506;;
https://www.firmy.cz/detail/13114559-u-vaska-becov.html;4.9;11;13.716944;50.449160;;
https://www.firmy.cz/detail/13343624-pijavice-pub-kaznejov.html;4.7;7;13.364754;49.890734;;
https://www.firmy.cz/detail/13103744-hospudka-u-sysla-velka-kras.html;4;22;17.156161;50.363799;;
https://www.firmy.cz/detail/13751755-hospoda-na-hristi-bakov-nad-jizerou.html;4.9;23;14.933851;50.476035;;
https://www.firmy.cz/detail/13117978-na-hristi-predin.html;5;1;15.673086;49.193651;;
https://www.firmy.cz/detail/13284343-u-balusaka-sokolska-hospoda-rousinov-vitovice.html;5;1;16.848921;49.218242;;
https://www.firmy.cz/detail/13115679-hospoda-sparta-vlachovice.html;2.7;4;17.940201;49.123807;;
https://www.firmy.cz/detail/13671182-hospoda-u-adamcu-detrichov.html;5;2;15.037966;50.893561;;
https://www.firmy.cz/detail/13118794-pohostinstvi-u-hermanu-kozojedy.html;4.1;6;14.813568;49.996189;;
https://www.firmy.cz/detail/13899136-kuzelna-zabreh.html;4.9;42;16.882112;49.882730;;
https://www.firmy.cz/detail/13137630-hostinec-cernoucek-23-cernoucek.html;5;1;14.307171;50.360594;;
https://www.firmy.cz/detail/13122203-hostinec-jan-farek-vrazne-emauzy.html;4.9;26;17.834591;49.637418;;
https://www.firmy.cz/detail/13065896-vranovicka-hospoda-brasy-vranovice.html;5;1;13.555317;49.845253;;
https://www.firmy.cz/detail/13010567-hostinec-brtnice-brtnice-priseka.html;5;1;15.647650;49.340506;;
https://www.firmy.cz/detail/13114559-u-vaska-becov.html;4.9;11;13.716944;50.449160;;
https://www.firmy.cz/detail/13343624-pijavice-pub-kaznejov.html;4.7;7;13.364754;49.890734;;
https://www.firmy.cz/detail/13103744-hospudka-u-sysla-velka-kras.html;4;22;17.156161;50.363799;;
https://www.firmy.cz/detail/13751755-hospoda-na-hristi-bakov-nad-jizerou.html;4.9;23;14.933851;50.476035;;
https://www.firmy.cz/detail/13117978-na-hristi-predin.html;5;1;15.673086;49.193651;;
https://www.firmy.cz/detail/13284343-u-balusaka-sokolska-hospoda-rousinov-vitovice.html;5;1;16.848921;49.218242;;
https://www.firmy.cz/detail/13115679-hospoda-sparta-vlachovice.html;2.7;4;17.940201;49.123807;;
https://www.firmy.cz/detail/13671182-hospoda-u-adamcu-detrichov.html;5;2;15.037966;50.893561;;
https://www.firmy.cz/detail/13118794-pohostinstvi-u-hermanu-kozojedy.html;4.1;6;14.813568;49.996189;;
https://www.firmy.cz/detail/13899136-kuzelna-zabreh.html;3;2;16.882112;49.882730;;
https://www.firmy.cz/detail/13137630-hostinec-cernoucek-23-cernoucek.html;5;1;14.307171;50.360594;;
https://www.firmy.cz/detail/13122203-hostinec-jan-farek-vrazne-emauzy.html;4.9;26;17.834591;49.637418;;
https://www.firmy.cz/detail/13065896-vranovicka-hospoda-brasy-vranovice.html;5;1;13.555317;49.845253;;
https://www.firmy.cz/detail/13010567-hostinec-brtnice-brtnice-priseka.html;None;None;15.647650;49.340506;;
https://www.firmy.cz/detail/13114559-u-vaska-becov.html;4.9;11;13.716944;50.449160;;
https://www.firmy.cz/detail/13343624-pijavice-pub-kaznejov.html;4.7;7;13.364754;49.890734;;
https://www.firmy.cz/detail/13103744-hospudka-u-sysla-velka-kras.html;4;22;17.156161;50.363799;;
https://www.firmy.cz/detail/13751755-hospoda-na-hristi-bakov-nad-jizerou.html;4.9;23;14.933851;50.476035;;
https://www.firmy.cz/detail/13117978-na-hristi-predin.html;5;1;15.673086;49.193651;;
https://www.firmy.cz/detail/13284343-u-balusaka-sokolska-hospoda-rousinov-vitovice.html;5;1;16.848921;49.218242;;
https://www.firmy.cz/detail/13115679-hospoda-sparta-vlachovice.html;2.7;4;17.940201;49.123807;;
https://www.firmy.cz/detail/13671182-hospoda-u-adamcu-detrichov.html;5;2;15.037966;50.893561;;
https://www.firmy.cz/detail/13118794-pohostinstvi-u-hermanu-kozojedy.html;4.1;6;14.813568;49.996189;;
https://www.firmy.cz/detail/13899136-kuzelna-zabreh.html;4.9;42;16.882112;49.882730;;
https://www.firmy.cz/detail/13137630-hostinec-cernoucek-23-cernoucek.html;5;1;14.307171;50.360594;;
https://www.firmy.cz/detail/13122203-hostinec-jan-farek-vrazne-emauzy.html;4.9;26;17.834591;49.637418;;
https://www.firmy.cz/detail/13870220-saloon-u-bizona-koryta.html;5;2;13.474816;49.900936;;
https://www.firmy.cz/detail/13133774-hospudka-na-ruzku-strachotin.html;4.2;5;16.653173;48.905687;;
https://www.firmy.cz/detail/13583628-hospudka-na-hristi-brno-jundrov.html;5;2;16.558614;49.203643;;
https://www.firmy.cz/detail/13518611-klub-pratel-piva-vlkanec-pribyslavice.html;5;1;15.405734;49.842249;;
https://www.firmy.cz/detail/13118509-u-buchara-hrabetice.html;4.5;2;16.400072;48.797488;;
https://www.firmy.cz/detail/13483340-hospudka-na-kovarne-velhartice.html;4.3;78;13.391536;49.265489;;
https://www.firmy.cz/detail/13227383-hospudka-kolibiska-nydek.html;4.1;10;18.801339;49.619071;;
https://www.firmy.cz/detail/13100981-divadelni-klub-muza-novy-jicin.html;4.5;3;18.007942;49.592530;;
https://www.firmy.cz/detail/13519991-hospudka-pod-radnici-lazne-bohdanec.html;4.4;8;15.680242;50.075728;;
https://www.firmy.cz/detail/13141476-hospoda-na-konci-sveta-stalky.html;4.9;9;15.684873;48.870565;;
https://www.firmy.cz/detail/13316972-hostinec-korej-vimperk-i.html;4.1;10;13.773068;49.053118;;
https://www.firmy.cz/detail/13369858-hospudka-na-spejchare-srubec-stara-pohurka.html;4.5;1;14.522868;48.961130;;
https://www.firmy.cz/detail/13233212-hostinec-racanda-kladno-rozdelov.html;5;1;14.065364;50.137465;;
https://www.firmy.cz/detail/13517546-hospoda-nam-republiky-studenka-butovice.html;2.5;2;18.054203;49.714529;;
https://www.firmy.cz/detail/13138208-hospoda-na-hristi-blatnice.html;5;2;15.878030;49.066348;;
https://www.firmy.cz/detail/13125649-hostinec-u-loudu-vsen-ploukonice.html;5;12;15.086655;50.561707;;
https://www.firmy.cz/detail/236967-hospoda-u-netopyra-teplice.html;4.5;3;13.841999;50.650941;;
https://www.firmy.cz/detail/664738-atelier-chalupa-moravka.html;4.7;134;18.533217;49.615376;;
https://www.firmy.cz/detail/13790225-hostinec-u-janatu-cestin.html;4.3;50;15.104255;49.807234;;
https://www.firmy.cz/detail/13007972-hostinec-mezi-vraty-sedlec.html;4.5;47;16.695473;48.778553;;
https://www.firmy.cz/detail/13117079-hospoda-u-mecara-a-marisi-velke-vselisy.html;5;2;14.745259;50.380928;;
https://www.firmy.cz/detail/13115359-hostinec-u-kochu-plavec.html;4;1;16.079292;48.928569;;
https://www.firmy.cz/detail/13178882-hostinec-horsice-horsice.html;4.9;15;13.388351;49.532760;;
https://www.firmy.cz/detail/13114683-libor-hubacek-vsehrdy.html;4.7;135;13.584460;49.963440;;
https://www.firmy.cz/detail/13113988-hospoda-zamecka-317-strilky.html;2.5;1;17.210748;49.143633;;
https://www.firmy.cz/detail/13116965-malibu-drnovice.html;5;29;17.957240;49.179597;;
https://www.firmy.cz/detail/13233212-hostinec-racanda-kladno-rozdelov.html;5;1;14.065364;50.137465;;
https://www.firmy.cz/detail/13517546-hospoda-nam-republiky-studenka-butovice.html;2.5;2;18.054203;49.714529;;
https://www.firmy.cz/detail/13138208-hospoda-na-hristi-blatnice.html;5;2;15.878030;49.066348;;
https://www.firmy.cz/detail/13125649-hostinec-u-loudu-vsen-ploukonice.html;5;12;15.086655;50.561707;;
https://www.firmy.cz/detail/236967-hospoda-u-netopyra-teplice.html;4.5;3;13.841999;50.650941;;
https://www.firmy.cz/detail/664738-atelier-chalupa-moravka.html;4.7;134;18.533217;49.615376;;
https://www.firmy.cz/detail/13790225-hostinec-u-janatu-cestin.html;4.3;50;15.104255;49.807234;;
https://www.firmy.cz/detail/13007972-hostinec-mezi-vraty-sedlec.html;4.5;47;16.695473;48.778553;;
https://www.firmy.cz/detail/13117079-hospoda-u-mecara-a-marisi-velke-vselisy.html;5;2;14.745259;50.380928;;
https://www.firmy.cz/detail/13115359-hostinec-u-kochu-plavec.html;4;1;16.079292;48.928569;;
https://www.firmy.cz/detail/13178882-hostinec-horsice-horsice.html;4.9;15;13.388351;49.532760;;
https://www.firmy.cz/detail/13114683-libor-hubacek-vsehrdy.html;4.7;135;13.584460;49.963440;;
https://www.firmy.cz/detail/13113988-hospoda-zamecka-317-strilky.html;2.5;1;17.210748;49.143633;;
https://www.firmy.cz/detail/13116965-malibu-drnovice.html;5;29;17.957240;49.179597;;
https://www.firmy.cz/detail/13233212-hostinec-racanda-kladno-rozdelov.html;5;1;14.065364;50.137465;;
https://www.firmy.cz/detail/13097722-hostinec-u-pucalika-uherske-hradiste-maratice.html;5;2;17.479598;49.067074;;
https://www.firmy.cz/detail/1946794-blahakuv-hostinec-sumvald.html;4.4;5;17.129648;49.830501;;
https://www.firmy.cz/detail/13121488-na-hristi-pavlikov.html;1;1;13.746744;50.056697;;
https://www.firmy.cz/detail/2543228-restaurace-male-namesti-hostka.html;4.7;113;14.334595;50.487766;;
https://www.firmy.cz/detail/13507020-hostinec-u-zubra-zubri.html;3.6;3;16.123502;49.571017;;
https://www.firmy.cz/detail/12988628-kastan-bar-znojmo.html;4.6;4;16.057573;48.858732;;
https://www.firmy.cz/detail/13203841-na-tocne-polste.html;5;1;14.923901;49.108214;;
https://www.firmy.cz/detail/13329571-hospudka-na-fotbalaku-dobrany.html;5;1;13.284517;49.649269;;
https://www.firmy.cz/detail/13011328-hostinec-u-skanzenu-prerov-nad-labem.html;4.4;59;14.825857;50.161715;;
https://www.firmy.cz/detail/13314217-salavicka-hospudka-trest-salavice.html;2.3;2;15.489210;49.333079;;
https://www.firmy.cz/detail/13137476-hostinec-bravinne-bilovec-bravinne.html;4;1;17.961037;49.752770;;
https://www.firmy.cz/detail/13177615-hospoda-na-hristi-mnichovo-hradiste.html;None;None;14.967781;50.526505;;
https://www.firmy.cz/detail/13257424-hospoda-na-rynku-dirna.html;4.7;54;14.845829;49.243147;;
https://www.firmy.cz/detail/13484646-hostinec-v-rude-ruda.html;4.8;143;13.877755;50.138674;;
https://www.firmy.cz/detail/13113999-restaurace-u-couku-praha-horni-mecholupy.html;4.3;11;14.559137;50.044162;;
https://www.firmy.cz/detail/13757299-hospoda-na-hristi-benatky-nad-jizerou-i.html;5;1;14.819448;50.291982;;
https://www.firmy.cz/detail/13118121-hospoda-u-telcu-vitkovice.html;None;None;15.523912;50.685320;;
https://www.firmy.cz/detail/13633376-farma-brcalnik-zelezna-ruda-hojsova-straz.html;5;11;13.225534;49.188958;;
https://www.firmy.cz/detail/13538638-sport-bar-vymenik-dobruska.html;2.5;1;16.165067;50.290447;;
https://www.firmy.cz/detail/13666235-slovacky-senk-s-minipivovarem-straznicky-slavjan-straznice.html;4;6;17.312551;48.894626;;
https://www.firmy.cz/detail/13647929-klub-u-veseleho-kuchare-chyne.html;3.8;7;14.226907;50.060827;;
https://www.firmy.cz/detail/13115110-chrastesovska-hospoda-vizovice-chrastesov.html;5;1;17.855920;49.249893;;
https://www.firmy.cz/detail/13911805-u-honzy-lodenice-janska.html;4.5;1;14.152982;49.987894;;
https://www.firmy.cz/detail/13870673-hostinec-lidovy-dum-decin-vii-chrochvice.html;4.6;7;14.183514;50.755657;;
https://www.firmy.cz/detail/2455561-hospoda-na-lese-hodonin.html;3.9;3;17.106842;48.855879;;
https://www.firmy.cz/detail/13805070-hospudka-pod-skalkou-budisov-nad-budisovkou-stare-oldruvky.html;5;1;17.639322;49.760282;;
https://www.firmy.cz/detail/13578660-hostinec-u-tesare-brno-styrice.html;4.6;31;16.599023;49.181567;;
https://www.firmy.cz/detail/13179008-hostinec-uboc-uboc.html;4.7;46;13.086586;49.443760;;
https://www.firmy.cz/detail/13113999-restaurace-u-couku-praha-horni-mecholupy.html;4.3;11;14.559137;50.044162;;
https://www.firmy.cz/detail/13757299-hospoda-na-hristi-benatky-nad-jizerou-i.html;None;None;14.819448;50.291982;;
https://www.firmy.cz/detail/13118121-hospoda-u-telcu-vitkovice.html;None;None;15.523912;50.685320;;
https://www.firmy.cz/detail/13633376-farma-brcalnik-zelezna-ruda-hojsova-straz.html;5;None;13.225534;49.188958;;
https://www.firmy.cz/detail/13538638-sport-bar-vymenik-dobruska.html;2.5;1;16.165067;50.290447;;
https://www.firmy.cz/detail/13666235-slovacky-senk-s-minipivovarem-straznicky-slavjan-straznice.html;None;None;17.312551;48.894626;;
https://www.firmy.cz/detail/13647929-klub-u-veseleho-kuchare-chyne.html;4.8;150;14.226907;50.060827;;
https://www.firmy.cz/detail/13115110-chrastesovska-hospoda-vizovice-chrastesov.html;None;None;17.855920;49.249893;;
https://www.firmy.cz/detail/13911805-u-honzy-lodenice-janska.html;4.5;1;14.152982;49.987894;;
https://www.firmy.cz/detail/13870673-hostinec-lidovy-dum-decin-vii-chrochvice.html;4.6;7;14.183514;50.755657;;
https://www.firmy.cz/detail/2455561-hospoda-na-lese-hodonin.html;3.9;3;17.106842;48.855879;;
https://www.firmy.cz/detail/13805070-hospudka-pod-skalkou-budisov-nad-budisovkou-stare-oldruvky.html;5;1;17.639322;49.760282;;
https://www.firmy.cz/detail/13578660-hostinec-u-tesare-brno-styrice.html;4.6;31;16.599023;49.181567;;
https://www.firmy.cz/detail/13179008-hostinec-uboc-uboc.html;4.7;46;13.086586;49.443760;;
https://www.firmy.cz/detail/13113999-restaurace-u-couku-praha-horni-mecholupy.html;4.3;11;14.559137;50.044162;;
https://www.firmy.cz/detail/13757299-hospoda-na-hristi-benatky-nad-jizerou-i.html;5;1;14.819448;50.291982;;
https://www.firmy.cz/detail/13118121-hospoda-u-telcu-vitkovice.html;4;49;15.523912;50.685320;;
https://www.firmy.cz/detail/13633376-farma-brcalnik-zelezna-ruda-hojsova-straz.html;5;11;13.225534;49.188958;;
https://www.firmy.cz/detail/13538638-sport-bar-vymenik-dobruska.html;2.5;1;16.165067;50.290447;;
https://www.firmy.cz/detail/13666235-slovacky-senk-s-minipivovarem-straznicky-slavjan-straznice.html;4;6;17.312551;48.894626;;
https://www.firmy.cz/detail/13647929-klub-u-veseleho-kuchare-chyne.html;4.8;150;14.226907;50.060827;;
https://www.firmy.cz/detail/13115110-chrastesovska-hospoda-vizovice-chrastesov.html;5;1;17.855920;49.249893;;
https://www.firmy.cz/detail/13911805-u-honzy-lodenice-janska.html;4.5;1;14.152982;49.987894;;
https://www.firmy.cz/detail/13870673-hostinec-lidovy-dum-decin-vii-chrochvice.html;4.8;46;14.183514;50.755657;;
https://www.firmy.cz/detail/2455561-hospoda-na-lese-hodonin.html;3.9;3;17.106842;48.855879;;
https://www.firmy.cz/detail/13805070-hospudka-pod-skalkou-budisov-nad-budisovkou-stare-oldruvky.html;5;1;17.639322;49.760282;;
https://www.firmy.cz/detail/13578660-hostinec-u-tesare-brno-styrice.html;4.6;31;16.599023;49.181567;;
https://www.firmy.cz/detail/13179008-hostinec-uboc-uboc.html;4.7;46;13.086586;49.443760;;
https://www.firmy.cz/detail/13113999-restaurace-u-couku-praha-horni-mecholupy.html;4.3;11;14.559137;50.044162;;
https://www.firmy.cz/detail/13757299-hospoda-na-hristi-benatky-nad-jizerou-i.html;5;1;14.819448;50.291982;;
https://www.firmy.cz/detail/13118121-hospoda-u-telcu-vitkovice.html;4;49;15.523912;50.685320;;
https://www.firmy.cz/detail/13633376-farma-brcalnik-zelezna-ruda-hojsova-straz.html;5;11;13.225534;49.188958;;
https://www.firmy.cz/detail/13538638-sport-bar-vymenik-dobruska.html;2.5;1;16.165067;50.290447;;
https://www.firmy.cz/detail/13666235-slovacky-senk-s-minipivovarem-straznicky-slavjan-straznice.html;4;6;17.312551;48.894626;;
https://www.firmy.cz/detail/13647929-klub-u-veseleho-kuchare-chyne.html;3.8;7;14.226907;50.060827;;
https://www.firmy.cz/detail/13115110-chrastesovska-hospoda-vizovice-chrastesov.html;5;1;17.855920;49.249893;;
https://www.firmy.cz/detail/13911805-u-honzy-lodenice-janska.html;4.5;1;14.152982;49.987894;;
https://www.firmy.cz/detail/13870673-hostinec-lidovy-dum-decin-vii-chrochvice.html;4.8;46;14.183514;50.755657;;
https://www.firmy.cz/detail/2455561-hospoda-na-lese-hodonin.html;3.9;3;17.106842;48.855879;;
https://www.firmy.cz/detail/13805070-hospudka-pod-skalkou-budisov-nad-budisovkou-stare-oldruvky.html;5;1;17.639322;49.760282;;
https://www.firmy.cz/detail/13578660-hostinec-u-tesare-brno-styrice.html;4.6;31;16.599023;49.181567;;
https://www.firmy.cz/detail/12708615-hostinec-u-slamu-horni-skrychov.html;5;9;15.028754;49.172610;;
https://www.firmy.cz/detail/13304163-pivnice-u-moravce-jenikov-oldrichov.html;5;1;13.755854;50.637799;;
https://www.firmy.cz/detail/13110298-zajezdni-hostinec-loucka.html;4.7;112;17.832217;49.440006;;
https://www.firmy.cz/detail/13033633-rapidbar65-praha-karlin.html;4.7;5;14.444111;50.091097;;
https://www.firmy.cz/detail/13178431-retro-cernuc-bratkovice.html;None;None;14.189689;50.283407;;
https://www.firmy.cz/detail/13060336-hospoda-veletiny-2-veletiny.html;5;2;17.561205;49.036828;;
https://www.firmy.cz/detail/13737189-obec-chvalikovice-hospudka-na-hristi-chvalikovice.html;3.7;2;17.914927;49.886637;;
https://www.firmy.cz/detail/13112438-hospoda-u-svagra-teplice.html;4.4;8;13.819792;50.624042;;
https://www.firmy.cz/detail/13150606-frantisek-zach-horazdovice.html;5;3;13.696182;49.321798;;
https://www.firmy.cz/detail/13117192-restaurace-vyletiste-zdechov.html;5;4;18.079656;49.265589;;
https://www.firmy.cz/detail/13370375-hospoda-lemberk-knezmost-drhleny.html;3.7;15;15.079811;50.502226;;
https://www.firmy.cz/detail/329709-restaurace-chemik-kralupy-nad-vltavou-lobecek.html;4.7;2;14.318747;50.247880;;
https://www.firmy.cz/detail/12834877-kunraticka-hospudka-kunratice-u-cvikova.html;4.6;18;14.678428;50.768793;;
https://www.firmy.cz/detail/13577448-hospoda-u-nadrazi-semily-podmoklice.html;None;None;15.323150;50.603523;;
https://www.firmy.cz/detail/13831595-3j-beer-bar-praha-vrsovice.html;5;3;14.454588;50.072106;;
https://www.firmy.cz/detail/12717169-hospudka-u-vleku-stare-mesto-chrastice.html;3.3;13;16.893667;50.165344;;
https://www.firmy.cz/detail/13116291-hospoda-bradlecka-lhota-bradlecka-lhota.html;1;1;15.396121;50.488002;;
https://www.firmy.cz/detail/13658606-hospudka-u-zlatokopa-kytlice-dolni-falknov.html;4.7;15;14.531611;50.815914;;
https://www.firmy.cz/detail/12891257-hospoda-u-foxe-hronov.html;5;1;16.181889;50.474188;;
https://www.firmy.cz/detail/13204432-hospoda-ty-blaho-most.html;4.1;5;13.658000;50.497618;;
https://www.firmy.cz/detail/13737189-obec-chvalikovice-hospudka-na-hristi-chvalikovice.html;3.7;2;17.914927;49.886637;;
https://www.firmy.cz/detail/13112438-hospoda-u-svagra-teplice.html;4.4;8;13.819792;50.624042;;
https://www.firmy.cz/detail/13150606-frantisek-zach-horazdovice.html;None;None;13.696182;49.321798;;
https://www.firmy.cz/detail/13117192-restaurace-vyletiste-zdechov.html;4.7;112;18.079656;49.265589;;
https://www.firmy.cz/detail/13370375-hospoda-lemberk-knezmost-drhleny.html;3.7;15;15.079811;50.502226;;
https://www.firmy.cz/detail/329709-restaurace-chemik-kralupy-nad-vltavou-lobecek.html;None;None;14.318747;50.247880;;
https://www.firmy.cz/detail/12834877-kunraticka-hospudka-kunratice-u-cvikova.html;4.6;18;14.678428;50.768793;;
https://www.firmy.cz/detail/13577448-hospoda-u-nadrazi-semily-podmoklice.html;None;None;15.323150;50.603523;;
https://www.firmy.cz/detail/13831595-3j-beer-bar-praha-vrsovice.html;5;3;14.454588;50.072106;;
https://www.firmy.cz/detail/12717169-hospudka-u-vleku-stare-mesto-chrastice.html;None;None;16.893667;50.165344;;
https://www.firmy.cz/detail/13116291-hospoda-bradlecka-lhota-bradlecka-lhota.html;1;1;15.396121;50.488002;;
https://www.firmy.cz/detail/13658606-hospudka-u-zlatokopa-kytlice-dolni-falknov.html;4.7;15;14.531611;50.815914;;
https://www.firmy.cz/detail/12891257-hospoda-u-foxe-hronov.html;None;None;16.181889;50.474188;;
https://www.firmy.cz/detail/13204432-hospoda-ty-blaho-most.html;4.1;5;13.658000;50.497618;;
https://www.firmy.cz/detail/13737189-obec-chvalikovice-hospudka-na-hristi-chvalikovice.html;3.7;2;17.914927;49.886637;;
https://www.firmy.cz/detail/13112438-hospoda-u-svagra-teplice.html;4.4;8;13.819792;50.624042;;
https://www.firmy.cz/detail/13150606-frantisek-zach-horazdovice.html;5;3;13.696182;49.321798;;
https://www.firmy.cz/detail/13117192-restaurace-vyletiste-zdechov.html;5;4;18.079656;49.265589;;
https://www.firmy.cz/detail/13370375-hospoda-lemberk-knezmost-drhleny.html;3.7;15;15.079811;50.502226;;
https://www.firmy.cz/detail/329709-restaurace-chemik-kralupy-nad-vltavou-lobecek.html;None;None;14.318747;50.247880;;
https://www.firmy.cz/detail/12834877-kunraticka-hospudka-kunratice-u-cvikova.html;None;None;14.678428;50.768793;;
https://www.firmy.cz/detail/13577448-hospoda-u-nadrazi-semily-podmoklice.html;None;None;15.323150;50.603523;;
https://www.firmy.cz/detail/13831595-3j-beer-bar-praha-vrsovice.html;5;3;14.454588;50.072106;;
https://www.firmy.cz/detail/12717169-hospudka-u-vleku-stare-mesto-chrastice.html;3.3;13;16.893667;50.165344;;
https://www.firmy.cz/detail/13116291-hospoda-bradlecka-lhota-bradlecka-lhota.html;None;None;15.396121;50.488002;;
https://www.firmy.cz/detail/13658606-hospudka-u-zlatokopa-kytlice-dolni-falknov.html;4.7;15;14.531611;50.815914;;
https://www.firmy.cz/detail/12891257-hospoda-u-foxe-hronov.html;None;None;16.181889;50.474188;;
https://www.firmy.cz/detail/13204432-hospoda-ty-blaho-most.html;4.1;5;13.658000;50.497618;;
https://www.firmy.cz/detail/13737189-obec-chvalikovice-hospudka-na-hristi-chvalikovice.html;3.7;2;17.914927;49.886637;;
https://www.firmy.cz/detail/13112438-hospoda-u-svagra-teplice.html;None;None;13.819792;50.624042;;
https://www.firmy.cz/detail/13150606-frantisek-zach-horazdovice.html;None;None;13.696182;49.321798;;
https://www.firmy.cz/detail/13117192-restaurace-vyletiste-zdechov.html;4.7;112;18.079656;49.265589;;
https://www.firmy.cz/detail/13370375-hospoda-lemberk-knezmost-drhleny.html;3.7;15;15.079811;50.502226;;
https://www.firmy.cz/detail/329709-restaurace-chemik-kralupy-nad-vltavou-lobecek.html;4.7;2;14.318747;50.247880;;
https://www.firmy.cz/detail/12834877-kunraticka-hospudka-kunratice-u-cvikova.html;None;None;14.678428;50.768793;;
https://www.firmy.cz/detail/13577448-hospoda-u-nadrazi-semily-podmoklice.html;4.4;12;15.323150;50.603523;;
https://www.firmy.cz/detail/13831595-3j-beer-bar-praha-vrsovice.html;None;None;14.454588;50.072106;;
https://www.firmy.cz/detail/12717169-hospudka-u-vleku-stare-mesto-chrastice.html;3.3;13;16.893667;50.165344;;
https://www.firmy.cz/detail/13116291-hospoda-bradlecka-lhota-bradlecka-lhota.html;1;1;15.396121;50.488002;;
https://www.firmy.cz/detail/13658606-hospudka-u-zlatokopa-kytlice-dolni-falknov.html;4.7;15;14.531611;50.815914;;
https://www.firmy.cz/detail/12891257-hospoda-u-foxe-hronov.html;5;1;16.181889;50.474188;;
https://www.firmy.cz/detail/13204432-hospoda-ty-blaho-most.html;4.1;5;13.658000;50.497618;;
https://www.firmy.cz/detail/13737189-obec-chvalikovice-hospudka-na-hristi-chvalikovice.html;3.7;2;17.914927;49.886637;;
https://www.firmy.cz/detail/13112438-hospoda-u-svagra-teplice.html;4.4;8;13.819792;50.624042;;
https://www.firmy.cz/detail/13150606-frantisek-zach-horazdovice.html;5;3;13.696182;49.321798;;
https://www.firmy.cz/detail/13117192-restaurace-vyletiste-zdechov.html;4.7;112;18.079656;49.265589;;
https://www.firmy.cz/detail/13370375-hospoda-lemberk-knezmost-drhleny.html;3.7;15;15.079811;50.502226;;
https://www.firmy.cz/detail/329709-restaurace-chemik-kralupy-nad-vltavou-lobecek.html;4.7;2;14.318747;50.247880;;
https://www.firmy.cz/detail/12834877-kunraticka-hospudka-kunratice-u-cvikova.html;4.6;18;14.678428;50.768793;;
https://www.firmy.cz/detail/13577448-hospoda-u-nadrazi-semily-podmoklice.html;4.4;12;15.323150;50.603523;;
https://www.firmy.cz/detail/12717169-hospudka-u-vleku-stare-mesto-chrastice.html;None;None;16.893667;50.165344;;
https://www.firmy.cz/detail/13116291-hospoda-bradlecka-lhota-bradlecka-lhota.html;None;None;15.396121;50.488002;;
https://www.firmy.cz/detail/13658606-hospudka-u-zlatokopa-kytlice-dolni-falknov.html;4.7;15;14.531611;50.815914;;
https://www.firmy.cz/detail/12891257-hospoda-u-foxe-hronov.html;5;1;16.181889;50.474188;;
https://www.firmy.cz/detail/13204432-hospoda-ty-blaho-most.html;4.1;5;13.658000;50.497618;;
https://www.firmy.cz/detail/13737189-obec-chvalikovice-hospudka-na-hristi-chvalikovice.html;3.7;2;17.914927;49.886637;;
https://www.firmy.cz/detail/13112438-hospoda-u-svagra-teplice.html;4.4;8;13.819792;50.624042;;
https://www.firmy.cz/detail/13150606-frantisek-zach-horazdovice.html;5;3;13.696182;49.321798;;
https://www.firmy.cz/detail/13117192-restaurace-vyletiste-zdechov.html;5;4;18.079656;49.265589;;
https://www.firmy.cz/detail/13370375-hospoda-lemberk-knezmost-drhleny.html;3.7;15;15.079811;50.502226;;
https://www.firmy.cz/detail/329709-restaurace-chemik-kralupy-nad-vltavou-lobecek.html;4.7;2;14.318747;50.247880;;
https://www.firmy.cz/detail/12834877-kunraticka-hospudka-kunratice-u-cvikova.html;4.6;18;14.678428;50.768793;;
https://www.firmy.cz/detail/13577448-hospoda-u-nadrazi-semily-podmoklice.html;4.4;None;15.323150;50.603523;;
https://www.firmy.cz/detail/13831595-3j-beer-bar-praha-vrsovice.html;5;3;14.454588;50.072106;;
https://www.firmy.cz/detail/12717169-hospudka-u-vleku-stare-mesto-chrastice.html;None;None;16.893667;50.165344;;
https://www.firmy.cz/detail/13116291-hospoda-bradlecka-lhota-bradlecka-lhota.html;1;1;15.396121;50.488002;;
https://www.firmy.cz/detail/13658606-hospudka-u-zlatokopa-kytlice-dolni-falknov.html;4.7;15;14.531611;50.815914;;
https://www.firmy.cz/detail/13652345-hostinec-u-cerneho-kohouta-kutna-hora-vnitrni-mesto.html;4.2;82;15.265357;49.949229;;
https://www.firmy.cz/detail/13701869-taverna-ranc-na-podlesi-trinec-konska.html;None;None;18.626102;49.687283;;
https://www.firmy.cz/detail/13663961-hospoda-u-kocanku-hradistko.html;4.1;16;14.937488;50.167089;;
https://www.firmy.cz/detail/13140500-soukromy-klub-na-bambousku-morina.html;4.2;9;14.206700;49.954184;;
https://www.firmy.cz/detail/13112452-hospoda-na-kopci-dehylov.html;5;1;18.168493;49.869491;;
https://www.firmy.cz/detail/12749485-dolanska-hospudka-ve-skole-dolany.html;5;1;13.473883;49.806381;;
https://www.firmy.cz/detail/12904284-hostinec-horni-zlin.html;5;2;17.594870;49.206713;;
https://www.firmy.cz/detail/13370982-hospoda-na-spilce-plzen-vychodni-predmesti.html;4;146;13.387824;49.747273;;
https://www.firmy.cz/detail/13070621-hostinec-u-antonicka-frydek-mistek-mistek.html;5;5;18.342424;49.676556;;
https://www.firmy.cz/detail/13209822-hospoda-na-zamecke-bukova-u-pribrame.html;4.5;10;14.064317;49.754475;;
https://www.firmy.cz/detail/13138661-pohostinstvi-bousin-bousin.html;5;7;16.890341;49.454876;;
https://www.firmy.cz/detail/13108824-hospoda-na-spici-drevenice.html;4.5;57;15.462173;50.444136;;
https://www.firmy.cz/detail/12811738-hospoda-country-bar-mnichovo-hradiste.html;4.4;2;14.977739;50.523209;;
https://www.firmy.cz/detail/13652345-hostinec-u-cerneho-kohouta-kutna-hora-vnitrni-mesto.html;4.2;82;15.265357;49.949229;;
https://www.firmy.cz/detail/13701869-taverna-ranc-na-podlesi-trinec-konska.html;4.7;4;18.626102;49.687283;;
https://www.firmy.cz/detail/13663961-hospoda-u-kocanku-hradistko.html;4.1;16;14.937488;50.167089;;
https://www.firmy.cz/detail/13140500-soukromy-klub-na-bambousku-morina.html;4.2;9;14.206700;49.954184;;
https://www.firmy.cz/detail/13112452-hospoda-na-kopci-dehylov.html;5;1;18.168493;49.869491;;
https://www.firmy.cz/detail/12749485-dolanska-hospudka-ve-skole-dolany.html;5;1;13.473883;49.806381;;
https://www.firmy.cz/detail/12904284-hostinec-horni-zlin.html;5;2;17.594870;49.206713;;
https://www.firmy.cz/detail/13370982-hospoda-na-spilce-plzen-vychodni-predmesti.html;4;146;13.387824;49.747273;;
https://www.firmy.cz/detail/13070621-hostinec-u-antonicka-frydek-mistek-mistek.html;5;5;18.342424;49.676556;;
https://www.firmy.cz/detail/13209822-hospoda-na-zamecke-bukova-u-pribrame.html;4.5;10;14.064317;49.754475;;
https://www.firmy.cz/detail/13090535-sport-bar-relax-klasterec-nad-ohri-miretice-u-klasterce-nad-ohri.html;5;4;13.184726;50.393771;;
https://www.firmy.cz/detail/13185314-kufr-hospudka-mlada-boleslav-i.html;5;1;14.904673;50.411319;;
https://www.firmy.cz/detail/13247207-hospoda-nedvezi-praha-nedvezi-u-rican.html;5;1;14.652395;50.017771;;
https://www.firmy.cz/detail/13119761-hospoda-dolany-35-dolany.html;5;1;14.148881;50.116692;;
https://www.firmy.cz/detail/12985764-na-zapadaku-horovice.html;3.1;2;13.899493;49.832533;;
https://www.firmy.cz/detail/13623464-hospudka-u-pedyho-kojetin-i-mesto.html;4.5;4;17.302495;49.352675;;
https://www.firmy.cz/detail/13123722-restaurace-krumlovska-299-10-ivancice.html;4.9;203;16.374728;49.098912;;
https://www.firmy.cz/detail/13121753-hospudka-u-kostela-lanskroun-zichlinske-predmesti.html;2.5;1;16.609915;49.910262;;
https://www.firmy.cz/detail/13100441-hostinec-u-popelky-stara-ves.html;5;1;17.485877;49.379475;;
https://www.firmy.cz/detail/337944-hospudka-u-zeleneho-stromu-pardubice-zelene-predmesti.html;None;None;15.771613;50.020342;;
https://www.firmy.cz/detail/13112462-hospoda-okounov-okounov-kotvina.html;None;None;13.158110;50.363046;;
https://www.firmy.cz/detail/13208272-hospudka-u-sentaka-hostomice.html;None;None;13.809176;50.586421;;
https://www.firmy.cz/detail/13723935-hostinec-na-fare-vrcen.html;None;None;13.619303;49.507038;;
https://www.firmy.cz/detail/13090535-sport-bar-relax-klasterec-nad-ohri-miretice-u-klasterce-nad-ohri.html;5;4;13.184726;50.393771;;
https://www.firmy.cz/detail/13185314-kufr-hospudka-mlada-boleslav-i.html;None;None;14.904673;50.411319;;
https://www.firmy.cz/detail/13247207-hospoda-nedvezi-praha-nedvezi-u-rican.html;5;1;14.652395;50.017771;;
https://www.firmy.cz/detail/13119761-hospoda-dolany-35-dolany.html;None;None;14.148881;50.116692;;
https://www.firmy.cz/detail/12985764-na-zapadaku-horovice.html;3.1;2;13.899493;49.832533;;
https://www.firmy.cz/detail/13623464-hospudka-u-pedyho-kojetin-i-mesto.html;4.5;4;17.302495;49.352675;;
https://www.firmy.cz/detail/13123722-restaurace-krumlovska-299-10-ivancice.html;4.9;203;16.374728;49.098912;;
https://www.firmy.cz/detail/13121753-hospudka-u-kostela-lanskroun-zichlinske-predmesti.html;2.5;1;16.609915;49.910262;;
https://www.firmy.cz/detail/13100441-hostinec-u-popelky-stara-ves.html;5;1;17.485877;49.379475;;
https://www.firmy.cz/detail/13141184-hospoda-vodarenska-262-strakonice-drazejov.html;5;1;13.886845;49.274803;;
https://www.firmy.cz/detail/13679543-hostinec-u-cerneho-lva-slavkov-u-brna.html;4.5;3;16.876625;49.152172;;
https://www.firmy.cz/detail/13143008-hostinec-laz-laz.html;None;None;13.905789;49.649293;;
https://www.firmy.cz/detail/12978738-hospoda-u-tupouna-kutna-hora-vnitrni-mesto.html;None;None;15.272779;49.948757;;
https://www.firmy.cz/detail/13066181-hostinec-na-kopci-bilcice.html;None;None;17.569647;49.871788;;
https://www.firmy.cz/detail/13369420-hospoda-nahorany-cestice-nahorany.html;None;None;13.829617;49.140725;;
https://www.firmy.cz/detail/13118029-hospudka-u-bakalare-jablonec-nad-nisou-mseno-nad-nisou.html;4.5;7;15.166876;50.740603;;
https://www.firmy.cz/detail/13002864-antosh-pub-mnichovo-hradiste.html;2.9;3;14.973941;50.525940;;
https://www.firmy.cz/detail/13110915-hostinec-sokolovna-mostkovice.html;4.5;15;17.057210;49.471935;;
https://www.firmy.cz/detail/13255250-hospudka-kninice-kninice.html;None;None;15.604378;49.093721;;
https://www.firmy.cz/detail/13660646-zubrovna-na-hristi-holesov.html;None;None;17.583882;49.337088;;
https://www.firmy.cz/detail/13912135-hostinec-therese-petrovice.html;5;26;13.979438;50.787236;;
https://www.firmy.cz/detail/13649699-kovarna-policka-policka-horni-predmesti.html;4.8;2;16.268769;49.714996;;
https://www.firmy.cz/detail/2129085-hospoda-na-baste-prerov-iii-lovesice.html;4.9;9;17.448944;49.427447;;
https://www.firmy.cz/detail/13141184-hospoda-vodarenska-262-strakonice-drazejov.html;None;None;13.886845;49.274803;;
https://www.firmy.cz/detail/13679543-hostinec-u-cerneho-lva-slavkov-u-brna.html;4.5;3;16.876625;49.152172;;
https://www.firmy.cz/detail/12978738-hospoda-u-tupouna-kutna-hora-vnitrni-mesto.html;None;None;15.272779;49.948757;;
https://www.firmy.cz/detail/13066181-hostinec-na-kopci-bilcice.html;None;None;17.569647;49.871788;;
https://www.firmy.cz/detail/13369420-hospoda-nahorany-cestice-nahorany.html;None;None;13.829617;49.140725;;
https://www.firmy.cz/detail/13118029-hospudka-u-bakalare-jablonec-nad-nisou-mseno-nad-nisou.html;None;None;15.166876;50.740603;;
https://www.firmy.cz/detail/13810907-hospudka-bojanov-bojanov.html;None;None;15.708201;49.844879;;
https://www.firmy.cz/detail/13631102-hz-klub-sec.html;None;None;16.296029;50.025574;;
https://www.firmy.cz/detail/13272696-hospudka-na-vinici-vinare-vinice.html;None;None;15.491195;49.918449;;
https://www.firmy.cz/detail/13493747-hospoda-v-nebi-velke-opatovice.html;None;None;16.672973;49.612125;;
https://www.firmy.cz/detail/12771369-u-pivnich-znalcu-mohelnice.html;None;None;16.919997;49.777996;;
https://www.firmy.cz/detail/13611161-hostinec-na-ruzku-horatev.html;None;None;15.041686;50.150051;;
https://www.firmy.cz/detail/13010972-hospudka-u-potoka-kosova-hora.html;4.7;2;14.472318;49.653268;;
https://www.firmy.cz/detail/1890448-hostinec-u-jelena-jenikov.html;4.9;33;15.957721;49.742402;;
https://www.firmy.cz/detail/13464098-hospoda-rudka-rudka.html;None;None;16.330852;49.241284;;
https://www.firmy.cz/detail/13849271-rouspudka-slabce-rousinov.html;None;None;13.676020;50.020694;;
https://www.firmy.cz/detail/13115462-hospudka-u-boba-kadan.html;None;None;13.251976;50.382684;;
https://www.firmy.cz/detail/13126830-hostinec-u-studnicku-tatobity.html;None;None;15.267553;50.573257;;
https://www.firmy.cz/detail/13152004-u-sedyho-vlka-jedovnice.html;None;None;16.762445;49.333506;;
https://www.firmy.cz/detail/2468575-hostinec-u-vagneru-cecelice.html;None;None;14.617942;50.293894;;
https://www.firmy.cz/detail/13810907-hospudka-bojanov-bojanov.html;None;None;15.708201;49.844879;;
https://www.firmy.cz/detail/13631102-hz-klub-sec.html;None;None;16.296029;50.025574;;
https://www.firmy.cz/detail/13890865-u-mongola-hradiste.html;None;None;13.719128;49.963226;;
https://www.firmy.cz/detail/13104379-hospudka-pod-lipami-bystrice.html;None;None;18.713144;49.626071;;
https://www.firmy.cz/detail/13273899-hospudka-krmelec-pod-vlcim-hrbetem-jachymov-marianska.html;None;None;12.893808;50.355566;;
https://www.firmy.cz/detail/13114678-hostinec-nam-k-capka-1-male-svatonovice.html;None;None;16.050116;50.533967;;
https://www.firmy.cz/detail/13664450-staroceska-hospoda-libochovany.html;None;None;14.040338;50.568206;;
https://www.firmy.cz/detail/13381813-ponorka-kostelec-nad-orlici.html;None;None;16.214866;50.122604;;
https://www.firmy.cz/detail/13016124-lupenicka-hospoda-lupenice.html;None;None;16.279913;50.132978;;
https://www.firmy.cz/detail/13116431-hospoda-u-novaku-ludmirov.html;None;None;16.873974;49.641430;;
https://www.firmy.cz/detail/13126385-pohostinstvi-vitek-velke-hostice.html;None;None;17.974153;49.936441;;
https://www.firmy.cz/detail/13410217-hospudka-u-splavu-praha-uhrineves.html;None;None;14.605355;50.023346;;
https://www.firmy.cz/detail/13108646-hospoda-u-kokavcu-uherske-hradiste.html;None;None;17.452436;49.071792;;
https://www.firmy.cz/detail/13200136-country-bar-na-vyhlidce-chbany-vikletice.html;None;None;13.403954;50.349264;;
https://www.firmy.cz/detail/12963474-valdstejnska-hospoda-praha-mala-strana.html;None;None;14.405416;50.089617;;
https://www.firmy.cz/detail/12849003-hostinec-pod-cisarem-tisa.html;None;None;14.046416;50.802802;;
https://www.firmy.cz/detail/13890865-u-mongola-hradiste.html;None;None;13.719128;49.963226;;
https://www.firmy.cz/detail/13104379-hospudka-pod-lipami-bystrice.html;None;None;18.713144;49.626071;;
https://www.firmy.cz/detail/13273899-hospudka-krmelec-pod-vlcim-hrbetem-jachymov-marianska.html;None;None;12.893808;50.355566;;
https://www.firmy.cz/detail/13114678-hostinec-nam-k-capka-1-male-svatonovice.html;None;None;16.050116;50.533967;;
https://www.firmy.cz/detail/13664450-staroceska-hospoda-libochovany.html;None;None;14.040338;50.568206;;
https://www.firmy.cz/detail/13381813-ponorka-kostelec-nad-orlici.html;None;None;16.214866;50.122604;;
https://www.firmy.cz/detail/13016124-lupenicka-hospoda-lupenice.html;None;None;16.279913;50.132978;;
https://www.firmy.cz/detail/13116431-hospoda-u-novaku-ludmirov.html;None;None;16.873974;49.641430;;
https://www.firmy.cz/detail/13126385-pohostinstvi-vitek-velke-hostice.html;None;None;17.974153;49.936441;;
https://www.firmy.cz/detail/13108646-hospoda-u-kokavcu-uherske-hradiste.html;None;None;17.452436;49.071792;;
https://www.firmy.cz/detail/13200136-country-bar-na-vyhlidce-chbany-vikletice.html;5;1;13.403954;50.349264;;
https://www.firmy.cz/detail/12849003-hostinec-pod-cisarem-tisa.html;None;None;14.046416;50.802802;;
https://www.firmy.cz/detail/13104379-hospudka-pod-lipami-bystrice.html;4.6;9;18.713144;49.626071;;
https://www.firmy.cz/detail/13114678-hostinec-nam-k-capka-1-male-svatonovice.html;None;None;16.050116;50.533967;;
https://www.firmy.cz/detail/13664450-staroceska-hospoda-libochovany.html;None;None;14.040338;50.568206;;
https://www.firmy.cz/detail/13881445-pivnice-na-zastavce-svetla-nad-sazavou.html;None;None;15.401937;49.669456;;
https://www.firmy.cz/detail/13139472-hospoda-na-hristi-palkovice.html;None;None;18.315018;49.636517;;
https://www.firmy.cz/detail/13178323-hospoda-na-hristi-bohutin.html;4.6;57;13.934211;49.661997;;
https://www.firmy.cz/detail/13151042-hostinec-hrabuvka-hrabuvka.html;None;None;17.691297;49.578574;;
https://www.firmy.cz/detail/568432-restaurace-dejvicke-nadrazi-praha-dejvice.html;None;None;14.400001;50.097137;;
https://www.firmy.cz/detail/13229007-hostinec-u-marenky-rychnov-nad-kneznou.html;None;None;16.292206;50.172882;;
https://www.firmy.cz/detail/13916968-hospudka-pod-rozhlednou-as.html;None;None;12.203483;50.230831;;
https://www.firmy.cz/detail/2470771-hostinec-komunal-libusin.html;None;None;14.054583;50.166471;;
https://www.firmy.cz/detail/13131845-u-dlouhych-est-1892-ostrava-privoz.html;None;None;18.277997;49.851883;;
https://www.firmy.cz/detail/13525349-hospudka-na-kovarne-veselicko.html;None;None;17.513241;49.533943;;
https://www.firmy.cz/detail/13349751-hospoda-u-vidlicek-cernilov.html;None;None;15.925429;50.263548;;
https://www.firmy.cz/detail/1963702-hostinec-u-horaku-koprivnice-lubina.html;None;None;18.161260;49.613390;;
https://www.firmy.cz/detail/13136345-hospudka-u-stonisu-ostrava-zabreh.html;None;None;18.242037;49.810388;;
https://www.firmy.cz/detail/13148245-hostinec-u-kantu-myslovice.html;5;1;13.389916;49.406807;;
https://www.firmy.cz/detail/13881445-pivnice-na-zastavce-svetla-nad-sazavou.html;None;None;15.401937;49.669456;;
https://www.firmy.cz/detail/13139472-hospoda-na-hristi-palkovice.html;None;None;18.315018;49.636517;;
https://www.firmy.cz/detail/13178323-hospoda-na-hristi-bohutin.html;None;None;13.934211;49.661997;;
https://www.firmy.cz/detail/13151042-hostinec-hrabuvka-hrabuvka.html;None;None;17.691297;49.578574;;
https://www.firmy.cz/detail/13118106-hostinec-na-frantisku-sedlec-prcice-vrchotice.html;None;None;14.563420;49.543737;;
https://www.firmy.cz/detail/13354805-kninicska-pivnice-brno-kninicky.html;4.2;3;16.527981;49.235380;;
https://www.firmy.cz/detail/13134070-restaurace-u-edity-libavske-udoli.html;5;1;12.550701;50.128649;;
https://www.firmy.cz/detail/13321916-hospudka-kd-litochovice-prackovice-nad-labem-litochovice-nad-labem.html;None;None;14.033683;50.556308;;
https://www.firmy.cz/detail/13092184-hospoda-u-krysy-teplice-trnovany.html;None;None;13.838669;50.651325;;
https://www.firmy.cz/detail/2596790-hospoda-u-nemecku-stozec-dobra.html;None;None;13.824167;48.894100;;
https://www.firmy.cz/detail/569364-pohostinstvi-pod-lipou-naklo-lhota-nad-moravou.html;None;None;17.144730;49.675937;;
https://www.firmy.cz/detail/13354654-u-panelaku-vratimov.html;None;None;18.321848;49.768901;;
https://www.firmy.cz/detail/13890802-baracnicka-rychta-revnicov.html;None;None;13.804012;50.184158;;
https://www.firmy.cz/detail/12869365-hostinec-pod-krkonosskou-vyhlidkou-pecka-arnostov.html;None;None;15.602699;50.462705;;
https://www.firmy.cz/detail/13139431-jan-batha-praha-zizkov.html;None;None;14.457187;50.082188;;
https://www.firmy.cz/detail/13669886-hospudka-u-piskomila-olomouc.html;None;None;17.246437;49.603319;;
https://www.firmy.cz/detail/13321184-hospudka-u-racka-okounov.html;None;None;13.104975;50.363327;;
https://www.firmy.cz/detail/13112499-hospudka-na-hristi-menin.html;None;None;16.696234;49.082280;;
https://www.firmy.cz/detail/13118106-hostinec-na-frantisku-sedlec-prcice-vrchotice.html;None;None;14.563420;49.543737;;
https://www.firmy.cz/detail/13354805-kninicska-pivnice-brno-kninicky.html;None;None;16.527981;49.235380;;
https://www.firmy.cz/detail/13134070-restaurace-u-edity-libavske-udoli.html;None;None;12.550701;50.128649;;
https://www.firmy.cz/detail/13321916-hospudka-kd-litochovice-prackovice-nad-labem-litochovice-nad-labem.html;None;None;14.033683;50.556308;;
https://www.firmy.cz/detail/13092184-hospoda-u-krysy-teplice-trnovany.html;None;None;13.838669;50.651325;;
https://www.firmy.cz/detail/2596790-hospoda-u-nemecku-stozec-dobra.html;None;None;13.824167;48.894100;;
https://www.firmy.cz/detail/569364-pohostinstvi-pod-lipou-naklo-lhota-nad-moravou.html;None;None;17.144730;49.675937;;
https://www.firmy.cz/detail/13354654-u-panelaku-vratimov.html;None;None;18.321848;49.768901;;
https://www.firmy.cz/detail/13890802-baracnicka-rychta-revnicov.html;None;None;13.804012;50.184158;;
https://www.firmy.cz/detail/12869365-hostinec-pod-krkonosskou-vyhlidkou-pecka-arnostov.html;None;None;15.602699;50.462705;;
https://www.firmy.cz/detail/13144407-hospoda-u-tri-lisek-vetrni.html;None;None;14.289896;48.775539;;
https://www.firmy.cz/detail/13770731-hospudka-u-masinky-plasy.html;None;None;13.380262;49.930909;;
https://www.firmy.cz/detail/13843631-pohostinstvi-u-kafku-zidlochovice.html;None;None;16.622174;49.034123;;
https://www.firmy.cz/detail/13135546-hostinec-u-kasparku-pohorelice.html;None;None;16.507736;48.979435;;
https://www.firmy.cz/detail/13371908-hospoda-sokolovna-zvoleneves.html;None;None;14.181121;50.230308;;
https://www.firmy.cz/detail/13329096-mb-bar-zihle.html;None;None;13.363329;50.046043;;
https://www.firmy.cz/detail/13123327-hospoda-pod-simlem-sviadnov.html;None;None;18.320720;49.695818;;
https://www.firmy.cz/detail/13404160-hospudka-u-studny-orechov.html;None;None;16.520611;49.114750;;
https://www.firmy.cz/detail/13243332-havran-bar-novy-jicin.html;None;None;18.011487;49.595131;;
https://www.firmy.cz/detail/13464176-hospudka-pod-parkem-usti-nad-labem-severni-terasa.html;None;None;14.032211;50.677492;;
https://www.firmy.cz/detail/13098474-hospoda-u-divocaka-stremy-jenichov.html;None;None;14.587691;50.375327;;
https://www.firmy.cz/detail/13366336-hospoda-v-patre-chomutov.html;None;None;13.426430;50.481881;;
https://www.firmy.cz/detail/13114210-hospudka-u-sirotku-jablonec-nad-nisou-rynovice.html;None;None;15.154046;50.745142;;
https://www.firmy.cz/detail/13138228-restaurace-dobra-voda-45-dobra-voda.html;None;None;15.270207;49.357377;;
https://www.firmy.cz/detail/13142985-hospoda-u-josefa-mokrovraty.html;None;None;14.250621;49.796422;;
https://www.firmy.cz/detail/2205555-hostinec-u-antosu-jirny.html;None;None;14.698307;50.115958;;
https://www.firmy.cz/detail/13065499-hospudka-bavorka-nachod.html;None;None;16.197789;50.429340;;
https://www.firmy.cz/detail/13805145-trticka-hospoda-trtice.html;None;None;13.865065;50.185094;;
https://www.firmy.cz/detail/13348938-hospudka-obrubce-obrubce.html;None;None;15.064748;50.447882;;
https://www.firmy.cz/detail/13685564-obecni-hospoda-plch-plch.html;None;None;15.704731;50.130726;;
https://www.firmy.cz/detail/1989230-hobit-club-ostrava-moravska-ostrava.html;None;None;18.288522;49.840023;;
https://www.firmy.cz/detail/2456045-pivnice-venuse-ostrava-hrabuvka.html;None;None;18.259451;49.784178;;
https://www.firmy.cz/detail/13761176-hospudka-bucek-u-bufy-horni-mostenice.html;None;None;17.460206;49.413179;;
https://www.firmy.cz/detail/737906-hospudka-u-jarosa-brno-kralovo-pole.html;None;None;16.585471;49.221708;;
https://www.firmy.cz/detail/13273203-hospoda-u-boba-krizinkov.html;None;None;16.270412;49.325634;;
https://www.firmy.cz/detail/12802327-pivnice-pariz-jicin-valdicke-predmesti.html;None;None;15.354651;50.436457;;
https://www.firmy.cz/detail/13114210-hospudka-u-sirotku-jablonec-nad-nisou-rynovice.html;None;None;15.154046;50.745142;;
https://www.firmy.cz/detail/13138228-restaurace-dobra-voda-45-dobra-voda.html;None;None;15.270207;49.357377;;
https://www.firmy.cz/detail/13142985-hospoda-u-josefa-mokrovraty.html;None;None;14.250621;49.796422;;
https://www.firmy.cz/detail/2205555-hostinec-u-antosu-jirny.html;None;None;14.698307;50.115958;;
https://www.firmy.cz/detail/13065499-hospudka-bavorka-nachod.html;None;None;16.197789;50.429340;;
https://www.firmy.cz/detail/13805145-trticka-hospoda-trtice.html;None;None;13.865065;50.185094;;
https://www.firmy.cz/detail/13348938-hospudka-obrubce-obrubce.html;None;None;15.064748;50.447882;;
https://www.firmy.cz/detail/13685564-obecni-hospoda-plch-plch.html;None;None;15.704731;50.130726;;
https://www.firmy.cz/detail/1989230-hobit-club-ostrava-moravska-ostrava.html;None;None;18.288522;49.840023;;
https://www.firmy.cz/detail/2456045-pivnice-venuse-ostrava-hrabuvka.html;None;None;18.259451;49.784178;;
https://www.firmy.cz/detail/13761176-hospudka-bucek-u-bufy-horni-mostenice.html;None;None;17.460206;49.413179;;
https://www.firmy.cz/detail/737906-hospudka-u-jarosa-brno-kralovo-pole.html;None;None;16.585471;49.221708;;
https://www.firmy.cz/detail/13273203-hospoda-u-boba-krizinkov.html;None;None;16.270412;49.325634;;
https://www.firmy.cz/detail/12802327-pivnice-pariz-jicin-valdicke-predmesti.html;None;None;15.354651;50.436457;;
https://www.firmy.cz/detail/13114210-hospudka-u-sirotku-jablonec-nad-nisou-rynovice.html;None;None;15.154046;50.745142;;
https://www.firmy.cz/detail/13138228-restaurace-dobra-voda-45-dobra-voda.html;None;None;15.270207;49.357377;;
https://www.firmy.cz/detail/13142985-hospoda-u-josefa-mokrovraty.html;None;None;14.250621;49.796422;;
https://www.firmy.cz/detail/2205555-hostinec-u-antosu-jirny.html;None;None;14.698307;50.115958;;
https://www.firmy.cz/detail/13065499-hospudka-bavorka-nachod.html;None;None;16.197789;50.429340;;
https://www.firmy.cz/detail/13805145-trticka-hospoda-trtice.html;None;None;13.865065;50.185094;;
https://www.firmy.cz/detail/13348938-hospudka-obrubce-obrubce.html;None;None;15.064748;50.447882;;
https://www.firmy.cz/detail/13685564-obecni-hospoda-plch-plch.html;None;None;15.704731;50.130726;;
https://www.firmy.cz/detail/1989230-hobit-club-ostrava-moravska-ostrava.html;3.8;11;18.288522;49.840023;;
https://www.firmy.cz/detail/2456045-pivnice-venuse-ostrava-hrabuvka.html;4.5;5;18.259451;49.784178;;
https://www.firmy.cz/detail/13761176-hospudka-bucek-u-bufy-horni-mostenice.html;None;None;17.460206;49.413179;;
https://www.firmy.cz/detail/737906-hospudka-u-jarosa-brno-kralovo-pole.html;4.5;9;16.585471;49.221708;;
https://www.firmy.cz/detail/13273203-hospoda-u-boba-krizinkov.html;3;1;16.270412;49.325634;;
https://www.firmy.cz/detail/12802327-pivnice-pariz-jicin-valdicke-predmesti.html;5;2;15.354651;50.436457;;
https://www.firmy.cz/detail/13114210-hospudka-u-sirotku-jablonec-nad-nisou-rynovice.html;4.8;25;15.154046;50.745142;;
https://www.firmy.cz/detail/13138228-restaurace-dobra-voda-45-dobra-voda.html;4.5;1;15.270207;49.357377;;
https://www.firmy.cz/detail/13142985-hospoda-u-josefa-mokrovraty.html;4.7;3;14.250621;49.796422;;
https://www.firmy.cz/detail/2205555-hostinec-u-antosu-jirny.html;4.6;22;14.698307;50.115958;;
https://www.firmy.cz/detail/13805145-trticka-hospoda-trtice.html;5;1;13.865065;50.185094;;
https://www.firmy.cz/detail/13348938-hospudka-obrubce-obrubce.html;5;2;15.064748;50.447882;;
https://www.firmy.cz/detail/13685564-obecni-hospoda-plch-plch.html;4.7;51;15.704731;50.130726;;
https://www.firmy.cz/detail/1989230-hobit-club-ostrava-moravska-ostrava.html;3.8;11;18.288522;49.840023;;
https://www.firmy.cz/detail/2456045-pivnice-venuse-ostrava-hrabuvka.html;4.5;5;18.259451;49.784178;;
https://www.firmy.cz/detail/13761176-hospudka-bucek-u-bufy-horni-mostenice.html;None;None;17.460206;49.413179;;
https://www.firmy.cz/detail/737906-hospudka-u-jarosa-brno-kralovo-pole.html;4.5;9;16.585471;49.221708;;
https://www.firmy.cz/detail/13273203-hospoda-u-boba-krizinkov.html;3;1;16.270412;49.325634;;
https://www.firmy.cz/detail/12802327-pivnice-pariz-jicin-valdicke-predmesti.html;5;2;15.354651;50.436457;;
https://www.firmy.cz/detail/13114210-hospudka-u-sirotku-jablonec-nad-nisou-rynovice.html;None;None;15.154046;50.745142;;
https://www.firmy.cz/detail/13138228-restaurace-dobra-voda-45-dobra-voda.html;4.5;1;15.270207;49.357377;;
https://www.firmy.cz/detail/13142985-hospoda-u-josefa-mokrovraty.html;4.7;3;14.250621;49.796422;;
https://www.firmy.cz/detail/2205555-hostinec-u-antosu-jirny.html;4.6;22;14.698307;50.115958;;
https://www.firmy.cz/detail/13065499-hospudka-bavorka-nachod.html;3.5;6;16.197789;50.429340;;
https://www.firmy.cz/detail/13805145-trticka-hospoda-trtice.html;5;1;13.865065;50.185094;;
https://www.firmy.cz/detail/13348938-hospudka-obrubce-obrubce.html;5;2;15.064748;50.447882;;
https://www.firmy.cz/detail/13685564-obecni-hospoda-plch-plch.html;4.7;51;15.704731;50.130726;;
https://www.firmy.cz/detail/1989230-hobit-club-ostrava-moravska-ostrava.html;3.8;11;18.288522;49.840023;;
https://www.firmy.cz/detail/2456045-pivnice-venuse-ostrava-hrabuvka.html;4.5;5;18.259451;49.784178;;
https://www.firmy.cz/detail/13761176-hospudka-bucek-u-bufy-horni-mostenice.html;4.5;1;17.460206;49.413179;;
https://www.firmy.cz/detail/737906-hospudka-u-jarosa-brno-kralovo-pole.html;4.5;9;16.585471;49.221708;;
https://www.firmy.cz/detail/13273203-hospoda-u-boba-krizinkov.html;None;None;16.270412;49.325634;;
https://www.firmy.cz/detail/12802327-pivnice-pariz-jicin-valdicke-predmesti.html;None;None;15.354651;50.436457;;
https://www.firmy.cz/detail/13114210-hospudka-u-sirotku-jablonec-nad-nisou-rynovice.html;None;None;15.154046;50.745142;;
https://www.firmy.cz/detail/13138228-restaurace-dobra-voda-45-dobra-voda.html;None;None;15.270207;49.357377;;
https://www.firmy.cz/detail/13142985-hospoda-u-josefa-mokrovraty.html;None;None;14.250621;49.796422;;
https://www.firmy.cz/detail/2205555-hostinec-u-antosu-jirny.html;None;None;14.698307;50.115958;;
https://www.firmy.cz/detail/13065499-hospudka-bavorka-nachod.html;None;None;16.197789;50.429340;;
https://www.firmy.cz/detail/13805145-trticka-hospoda-trtice.html;None;None;13.865065;50.185094;;
https://www.firmy.cz/detail/13348938-hospudka-obrubce-obrubce.html;None;None;15.064748;50.447882;;
https://www.firmy.cz/detail/13685564-obecni-hospoda-plch-plch.html;None;None;15.704731;50.130726;;
https://www.firmy.cz/detail/1989230-hobit-club-ostrava-moravska-ostrava.html;None;None;18.288522;49.840023;;
https://www.firmy.cz/detail/2456045-pivnice-venuse-ostrava-hrabuvka.html;4.5;5;18.259451;49.784178;;
https://www.firmy.cz/detail/13761176-hospudka-bucek-u-bufy-horni-mostenice.html;4.5;1;17.460206;49.413179;;
https://www.firmy.cz/detail/737906-hospudka-u-jarosa-brno-kralovo-pole.html;4.5;9;16.585471;49.221708;;
https://www.firmy.cz/detail/13273203-hospoda-u-boba-krizinkov.html;3;1;16.270412;49.325634;;
https://www.firmy.cz/detail/12802327-pivnice-pariz-jicin-valdicke-predmesti.html;5;2;15.354651;50.436457;;
https://www.firmy.cz/detail/13114210-hospudka-u-sirotku-jablonec-nad-nisou-rynovice.html;4.8;25;15.154046;50.745142;;
https://www.firmy.cz/detail/13138228-restaurace-dobra-voda-45-dobra-voda.html;4.5;1;15.270207;49.357377;;
https://www.firmy.cz/detail/13142985-hospoda-u-josefa-mokrovraty.html;4.7;3;14.250621;49.796422;;
https://www.firmy.cz/detail/2205555-hostinec-u-antosu-jirny.html;4.6;22;14.698307;50.115958;;
https://www.firmy.cz/detail/13065499-hospudka-bavorka-nachod.html;3.5;6;16.197789;50.429340;;
https://www.firmy.cz/detail/13805145-trticka-hospoda-trtice.html;5;1;13.865065;50.185094;;
https://www.firmy.cz/detail/13348938-hospudka-obrubce-obrubce.html;5;2;15.064748;50.447882;;
https://www.firmy.cz/detail/2207626-hostinec-sarovy-70-sarovy.html;4.8;3;17.606966;49.148526;;
https://www.firmy.cz/detail/13126845-ing-pavel-vitek-obrnice.html;None;None;13.698060;50.502777;;
https://www.firmy.cz/detail/12921082-hospoda-u-kaplicky-chrastany.html;None;None;14.586662;49.792538;;
https://www.firmy.cz/detail/2321063-pivnice-na-kopecku-bridlicna.html;None;None;17.368243;49.912133;;
https://www.firmy.cz/detail/13920156-daniela-simkova-ostrava-poruba.html;None;None;18.187900;49.823781;;
https://www.firmy.cz/detail/13108804-hostinec-ovcary-ovcary.html;None;None;15.239136;50.062787;;
https://www.firmy.cz/detail/13134076-hostinec-mily-mily.html;None;None;13.867706;50.233838;;
https://www.firmy.cz/detail/13401448-hostinec-pod-vrbou-praha-miskovice.html;None;None;14.542884;50.159637;;
https://www.firmy.cz/detail/13009792-spolecensky-dum-zadni-treban.html;None;None;14.209819;49.918947;;
https://www.firmy.cz/detail/1959313-hostinec-divci-skok-praha-liboc.html;None;None;14.320765;50.099755;;
https://www.firmy.cz/detail/13189543-obecni-senk-skola-lcovice-lcovice.html;None;None;13.851225;49.116144;;
https://www.firmy.cz/detail/13162339-rytirska-krcma-brno-veveri.html;None;None;16.607311;49.201058;;
https://www.firmy.cz/detail/13116474-hospoda-cichtice-bavorov-cichtice.html;None;None;14.088136;49.099277;;
https://www.firmy.cz/detail/13795565-kramolinska-hospoda-novy-kramolin.html;None;None;12.808568;49.477384;;
https://www.firmy.cz/detail/2207626-hostinec-sarovy-70-sarovy.html;None;None;17.606966;49.148526;;
https://www.firmy.cz/detail/13126845-ing-pavel-vitek-obrnice.html;None;None;13.698060;50.502777;;
https://www.firmy.cz/detail/12921082-hospoda-u-kaplicky-chrastany.html;None;None;14.586662;49.792538;;
https://www.firmy.cz/detail/2321063-pivnice-na-kopecku-bridlicna.html;None;None;17.368243;49.912133;;
https://www.firmy.cz/detail/13920156-daniela-simkova-ostrava-poruba.html;None;None;18.187900;49.823781;;
https://www.firmy.cz/detail/13108804-hostinec-ovcary-ovcary.html;None;None;15.239136;50.062787;;
https://www.firmy.cz/detail/13134076-hostinec-mily-mily.html;None;None;13.867706;50.233838;;
https://www.firmy.cz/detail/13110564-hospoda-kouty-kouty.html;None;None;15.295339;49.646407;;
https://www.firmy.cz/detail/13016106-hospoda-u-machala-horky-nad-jizerou.html;None;None;14.857852;50.327285;;
https://www.firmy.cz/detail/13119537-hostinec-u-huberta-vezky.html;None;None;17.280052;49.286448;;
https://www.firmy.cz/detail/13907065-hospudka-u-konky-bujanov.html;None;None;14.430374;48.702133;;
https://www.firmy.cz/detail/13142531-hospudka-edik-vysoka-nad-labem.html;None;None;15.825132;50.153702;;
https://www.firmy.cz/detail/13145914-kavarna-u-palanu-boleradice.html;None;None;16.812160;48.967890;;
https://www.firmy.cz/detail/13128741-fbb-klub-na-draze-2-kenik-brno-kralovo-pole.html;None;None;16.592451;49.237499;;
https://www.firmy.cz/detail/13669820-hospoda-rip-libochovice.html;None;None;14.040562;50.405890;;
https://www.firmy.cz/detail/13530211-hospudka-u-mloka-senov.html;None;None;18.370981;49.792769;;
https://www.firmy.cz/detail/13182374-hospudka-kamenna-kamenna.html;None;None;16.060498;49.271259;;
https://www.firmy.cz/detail/315446-hostinec-lochousice-lochousice.html;None;None;13.090609;49.675188;;
https://www.firmy.cz/detail/13758334-hospoda-na-hristi-sevetin.html;None;None;14.564325;49.100587;;
https://www.firmy.cz/detail/13011544-hospoda-velika-ves-velika-ves.html;None;None;14.456225;50.243000;;
https://www.firmy.cz/detail/13561041-hospoda-pod-lipami-hrdliv.html;None;None;14.074862;50.198981;;
https://www.firmy.cz/detail/13862888-hospoda-u-macanu-cervena-voda-moravsky-karlov.html;None;None;16.775906;50.028225;;
https://www.firmy.cz/detail/13659242-hostinec-u-klimesu-kromeriz-vazany.html;None;None;17.387926;49.280438;;
https://www.firmy.cz/detail/13296565-domaci-hospoda-hradec-kralove.html;None;None;15.828927;50.210330;;
https://www.firmy.cz/detail/13113746-pohostinstvi-ve-skole-cikov.html;None;None;16.141109;49.269256;;
https://www.firmy.cz/detail/13279519-hostinec-skokan-prostredni-becva.html;None;None;18.279532;49.454415;;
https://www.firmy.cz/detail/13121296-bufet-v-pivovaru-becov-nad-teplou.html;None;None;12.837942;50.083532;;
https://www.firmy.cz/detail/13369793-obecni-hospoda-priluka-u-hasicu-priluka.html;None;None;16.153796;49.863860;;
https://www.firmy.cz/detail/13082755-hospudka-na-hristi-librantice.html;None;None;15.960903;50.241268;;
https://www.firmy.cz/detail/13133978-hostinec-podhorany-u-ronova-podhorany-u-ronova.html;None;None;15.536774;49.935958;;
https://www.firmy.cz/detail/13644662-hostinec-na-sladovne-velvary.html;None;None;14.236194;50.280485;;
https://www.firmy.cz/detail/315446-hostinec-lochousice-lochousice.html;None;None;13.090609;49.675188;;
https://www.firmy.cz/detail/13758334-hospoda-na-hristi-sevetin.html;None;None;14.564325;49.100587;;
https://www.firmy.cz/detail/13011544-hospoda-velika-ves-velika-ves.html;None;None;14.456225;50.243000;;
https://www.firmy.cz/detail/13561041-hospoda-pod-lipami-hrdliv.html;None;None;14.074862;50.198981;;
https://www.firmy.cz/detail/13862888-hospoda-u-macanu-cervena-voda-moravsky-karlov.html;None;None;16.775906;50.028225;;
https://www.firmy.cz/detail/13659242-hostinec-u-klimesu-kromeriz-vazany.html;None;None;17.387926;49.280438;;
https://www.firmy.cz/detail/13296565-domaci-hospoda-hradec-kralove.html;None;None;15.828927;50.210330;;
https://www.firmy.cz/detail/13113746-pohostinstvi-ve-skole-cikov.html;4.8;46;16.141109;49.269256;;
https://www.firmy.cz/detail/13279519-hostinec-skokan-prostredni-becva.html;4.4;15;18.279532;49.454415;;
https://www.firmy.cz/detail/13121296-bufet-v-pivovaru-becov-nad-teplou.html;3.4;17;12.837942;50.083532;;
https://www.firmy.cz/detail/13369793-obecni-hospoda-priluka-u-hasicu-priluka.html;4.5;2;16.153796;49.863860;;
https://www.firmy.cz/detail/13082755-hospudka-na-hristi-librantice.html;4.7;5;15.960903;50.241268;;
https://www.firmy.cz/detail/13133978-hostinec-podhorany-u-ronova-podhorany-u-ronova.html;5;1;15.536774;49.935958;;
https://www.firmy.cz/detail/13644662-hostinec-na-sladovne-velvary.html;4.7;34;14.236194;50.280485;;
https://www.firmy.cz/detail/315446-hostinec-lochousice-lochousice.html;5;1;13.090609;49.675188;;
https://www.firmy.cz/detail/13758334-hospoda-na-hristi-sevetin.html;4.7;148;14.564325;49.100587;;
https://www.firmy.cz/detail/13011544-hospoda-velika-ves-velika-ves.html;5;2;14.456225;50.243000;;
https://www.firmy.cz/detail/13011076-ranc-u-kulhavyho-velblouda-kobylnice.html;4.8;7;15.065622;50.371570;;
https://www.firmy.cz/detail/13111191-hospoda-ziza-usti-nad-labem-krasne-brezno.html;4.1;3;14.074562;50.671659;;
https://www.firmy.cz/detail/2073140-hospoda-u-kostela-svaty-jan-nad-malsi.html;4.3;20;14.509535;48.823882;;
https://www.firmy.cz/detail/13364080-hostinec-vitov-velke-brezno.html;5;1;14.138862;50.654481;;
https://www.firmy.cz/detail/13076612-hostinec-u-cadiku-na-smelcovne-javurek.html;4.4;64;16.353511;49.267206;;
https://www.firmy.cz/detail/13372498-hospoda-tachovska-plzen-bolevec.html;4.7;4;13.382393;49.783837;;
https://www.firmy.cz/detail/13116918-hospoda-u-sovisu-borkovany.html;5;55;16.809526;49.028914;;
https://www.firmy.cz/detail/12801135-hospudka-u-kostela-odolena-voda.html;4.6;7;14.408789;50.231244;;
https://www.firmy.cz/detail/13118340-hospoda-zebrak-9-zebrak-sedlec.html;4.9;19;13.908000;49.866689;;
https://www.firmy.cz/detail/13512746-hospoda-na-vrsku-kelc-nemetice.html;4.7;112;17.839816;49.502731;;
https://www.firmy.cz/detail/13330650-restaurace-hero-ostrava-hrabuvka.html;4.8;8;18.264185;49.789219;;
https://www.firmy.cz/detail/13075721-pohostinstvi-letosov-nesovice-letosov.html;4.3;5;17.078566;49.146829;;
https://www.firmy.cz/detail/12988870-hostinec-u-cechmistra-mohelnice.html;1.5;1;16.917296;49.776161;;
https://www.firmy.cz/detail/13011076-ranc-u-kulhavyho-velblouda-kobylnice.html;4.8;7;15.065622;50.371570;;
https://www.firmy.cz/detail/13111191-hospoda-ziza-usti-nad-labem-krasne-brezno.html;4.1;3;14.074562;50.671659;;
https://www.firmy.cz/detail/13568994-hospudka-u-hospyka-mesice.html;4.6;17;14.523189;50.199310;;
https://www.firmy.cz/detail/2073140-hospoda-u-kostela-svaty-jan-nad-malsi.html;4.3;20;14.509535;48.823882;;
https://www.firmy.cz/detail/13364080-hostinec-vitov-velke-brezno.html;5;1;14.138862;50.654481;;
https://www.firmy.cz/detail/13076612-hostinec-u-cadiku-na-smelcovne-javurek.html;4.4;64;16.353511;49.267206;;
https://www.firmy.cz/detail/13372498-hospoda-tachovska-plzen-bolevec.html;4.7;4;13.382393;49.783837;;
https://www.firmy.cz/detail/13116918-hospoda-u-sovisu-borkovany.html;5;55;16.809526;49.028914;;
https://www.firmy.cz/detail/12801135-hospudka-u-kostela-odolena-voda.html;4.6;7;14.408789;50.231244;;
https://www.firmy.cz/detail/13118340-hospoda-zebrak-9-zebrak-sedlec.html;4.9;19;13.908000;49.866689;;
https://www.firmy.cz/detail/13330650-restaurace-hero-ostrava-hrabuvka.html;4.8;8;18.264185;49.789219;;
https://www.firmy.cz/detail/13075721-pohostinstvi-letosov-nesovice-letosov.html;None;None;17.078566;49.146829;;
https://www.firmy.cz/detail/12988870-hostinec-u-cechmistra-mohelnice.html;None;None;16.917296;49.776161;;
https://www.firmy.cz/detail/13011076-ranc-u-kulhavyho-velblouda-kobylnice.html;4.8;7;15.065622;50.371570;;
https://www.firmy.cz/detail/13111191-hospoda-ziza-usti-nad-labem-krasne-brezno.html;4.1;3;14.074562;50.671659;;
https://www.firmy.cz/detail/13568994-hospudka-u-hospyka-mesice.html;4.6;17;14.523189;50.199310;;
https://www.firmy.cz/detail/2073140-hospoda-u-kostela-svaty-jan-nad-malsi.html;4.3;20;14.509535;48.823882;;
https://www.firmy.cz/detail/13364080-hostinec-vitov-velke-brezno.html;5;1;14.138862;50.654481;;
https://www.firmy.cz/detail/13076612-hostinec-u-cadiku-na-smelcovne-javurek.html;4.4;64;16.353511;49.267206;;
https://www.firmy.cz/detail/13372498-hospoda-tachovska-plzen-bolevec.html;4.7;4;13.382393;49.783837;;
https://www.firmy.cz/detail/13116918-hospoda-u-sovisu-borkovany.html;5;55;16.809526;49.028914;;
https://www.firmy.cz/detail/12801135-hospudka-u-kostela-odolena-voda.html;4.6;7;14.408789;50.231244;;
https://www.firmy.cz/detail/13118340-hospoda-zebrak-9-zebrak-sedlec.html;None;None;13.908000;49.866689;;
https://www.firmy.cz/detail/13512746-hospoda-na-vrsku-kelc-nemetice.html;4.7;112;17.839816;49.502731;;
https://www.firmy.cz/detail/13330650-restaurace-hero-ostrava-hrabuvka.html;4.8;8;18.264185;49.789219;;
https://www.firmy.cz/detail/13075721-pohostinstvi-letosov-nesovice-letosov.html;4.3;5;17.078566;49.146829;;
https://www.firmy.cz/detail/12988870-hostinec-u-cechmistra-mohelnice.html;1.5;1;16.917296;49.776161;;
https://www.firmy.cz/detail/13011076-ranc-u-kulhavyho-velblouda-kobylnice.html;4.8;7;15.065622;50.371570;;
https://www.firmy.cz/detail/13111191-hospoda-ziza-usti-nad-labem-krasne-brezno.html;4.1;3;14.074562;50.671659;;
https://www.firmy.cz/detail/13568994-hospudka-u-hospyka-mesice.html;4.6;17;14.523189;50.199310;;
https://www.firmy.cz/detail/2073140-hospoda-u-kostela-svaty-jan-nad-malsi.html;4.3;20;14.509535;48.823882;;
https://www.firmy.cz/detail/13364080-hostinec-vitov-velke-brezno.html;5;1;14.138862;50.654481;;
https://www.firmy.cz/detail/13110625-hospoda-u-hasice-plasy-zebnice.html;4;1;13.394565;49.958210;;
https://www.firmy.cz/detail/13114019-hospoda-pod-rybnikem-jihlava-kosov.html;5;3;15.635444;49.387269;;
https://www.firmy.cz/detail/13141773-hospoda-belcice-belcice.html;5;1;13.879126;49.504812;;
https://www.firmy.cz/detail/13559001-klara-hanakova-morkuvky.html;5;55;16.858378;48.966342;;
https://www.firmy.cz/detail/13873517-hostinec-u-raku-dolni-lhota.html;5;29;17.813098;49.138686;;
https://www.firmy.cz/detail/13499894-hospudka-pod-sokolovnou-pomezi.html;4.8;320;16.326797;49.709428;;
https://www.firmy.cz/detail/13111739-jaroslava-latislavova-hospoda-stachy-ubislav.html;4.7;9;13.666073;49.120745;;
https://www.firmy.cz/detail/13513928-hospudka-u-zastavky-opava-podvihov.html;4.1;50;17.976234;49.877070;;
https://www.firmy.cz/detail/13694996-restaurace-hlavicanka-hlavice.html;5;2;14.923834;50.631851;;
https://www.firmy.cz/detail/13535929-hostinec-v-zatisi-vsetin-rokytnice.html;4.8;16;17.973918;49.340994;;
https://www.firmy.cz/detail/13120723-hospoda-prace-50-prace.html;5;1;16.202095;48.877582;;
https://www.firmy.cz/detail/13170592-hospoda-na-vysluni-litomysl.html;5;5;16.321415;49.867035;;
https://www.firmy.cz/detail/13109890-hostinec-zarici-zarici.html;4.9;11;17.353054;49.383535;;
https://www.firmy.cz/detail/13867514-bistro-ultramarinka-brasy.html;5;3;13.582690;49.831719;;
https://www.firmy.cz/detail/13114019-hospoda-pod-rybnikem-jihlava-kosov.html;5;3;15.635444;49.387269;;
https://www.firmy.cz/detail/13141773-hospoda-belcice-belcice.html;5;1;13.879126;49.504812;;
https://www.firmy.cz/detail/13559001-klara-hanakova-morkuvky.html;5;55;16.858378;48.966342;;
https://www.firmy.cz/detail/13873517-hostinec-u-raku-dolni-lhota.html;5;29;17.813098;49.138686;;
https://www.firmy.cz/detail/13499894-hospudka-pod-sokolovnou-pomezi.html;4.8;320;16.326797;49.709428;;
https://www.firmy.cz/detail/13111739-jaroslava-latislavova-hospoda-stachy-ubislav.html;4.7;None;13.666073;49.120745;;
https://www.firmy.cz/detail/13513928-hospudka-u-zastavky-opava-podvihov.html;4.1;50;17.976234;49.877070;;
https://www.firmy.cz/detail/13694996-restaurace-hlavicanka-hlavice.html;5;2;14.923834;50.631851;;
https://www.firmy.cz/detail/13535929-hostinec-v-zatisi-vsetin-rokytnice.html;4.8;16;17.973918;49.340994;;
https://www.firmy.cz/detail/13120723-hospoda-prace-50-prace.html;5;1;16.202095;48.877582;;
https://www.firmy.cz/detail/13170592-hospoda-na-vysluni-litomysl.html;5;5;16.321415;49.867035;;
https://www.firmy.cz/detail/13867514-bistro-ultramarinka-brasy.html;5;3;13.582690;49.831719;;
https://www.firmy.cz/detail/13850480-hospoda-kuciny-prichovice-kuciny.html;5;1;13.370075;49.562495;;
https://www.firmy.cz/detail/13118883-hospoda-olbramov-8-olbramov.html;5;3;12.865551;49.843970;;
https://www.firmy.cz/detail/13254748-chata-rosnicka-svitavy-predmesti.html;4.7;30;16.449554;49.772598;;
https://www.firmy.cz/detail/13109571-rene-stastny-pardubice-zelene-predmesti.html;4.9;17;15.776915;50.037327;;
https://www.firmy.cz/detail/12999964-hospoda-vechtrovna-troubsko.html;4.6;64;16.526360;49.163735;;
https://www.firmy.cz/detail/13871990-hospudka-na-hristi-klatovy-ii.html;4.9;59;13.302088;49.400284;;
https://www.firmy.cz/detail/13125568-hospudka-na-navsi-libomerice-libomerice.html;4;1;15.742128;49.872205;;
https://www.firmy.cz/detail/2655371-hostinec-u-buresu-stare-sedlo.html;4.5;2;12.863132;49.665752;;
https://www.firmy.cz/detail/716682-hospoda-u-zelenych-beroun-mesto.html;4.1;5;14.062274;49.964329;;
https://www.firmy.cz/detail/12894873-milan-jenis-hostinec-cehovice.html;4.5;2;17.178262;49.432428;;
https://www.firmy.cz/detail/13134881-u-milky-ostrava-nova-bela.html;5;4;18.273966;49.748201;;
https://www.firmy.cz/detail/13110367-na-viktorce-klenec.html;5;2;14.251225;50.394560;;
https://www.firmy.cz/detail/13117941-obecni-pohostinstvi-vsejany.html;4.9;23;14.953012;50.255414;;
https://www.firmy.cz/detail/13850480-hospoda-kuciny-prichovice-kuciny.html;5;1;13.370075;49.562495;;
https://www.firmy.cz/detail/13118883-hospoda-olbramov-8-olbramov.html;None;None;12.865551;49.843970;;
https://www.firmy.cz/detail/13254748-chata-rosnicka-svitavy-predmesti.html;4.7;30;16.449554;49.772598;;
https://www.firmy.cz/detail/13109571-rene-stastny-pardubice-zelene-predmesti.html;4.9;17;15.776915;50.037327;;
https://www.firmy.cz/detail/12999964-hospoda-vechtrovna-troubsko.html;4.6;64;16.526360;49.163735;;
https://www.firmy.cz/detail/13871990-hospudka-na-hristi-klatovy-ii.html;4.9;59;13.302088;49.400284;;
https://www.firmy.cz/detail/13125568-hospudka-na-navsi-libomerice-libomerice.html;4;1;15.742128;49.872205;;
https://www.firmy.cz/detail/2655371-hostinec-u-buresu-stare-sedlo.html;4.5;2;12.863132;49.665752;;
https://www.firmy.cz/detail/716682-hospoda-u-zelenych-beroun-mesto.html;4.1;5;14.062274;49.964329;;
https://www.firmy.cz/detail/12894873-milan-jenis-hostinec-cehovice.html;4.8;74;17.178262;49.432428;;
https://www.firmy.cz/detail/13134881-u-milky-ostrava-nova-bela.html;None;None;18.273966;49.748201;;
https://www.firmy.cz/detail/13110367-na-viktorce-klenec.html;5;2;14.251225;50.394560;;
https://www.firmy.cz/detail/13117941-obecni-pohostinstvi-vsejany.html;4.9;23;14.953012;50.255414;;
https://www.firmy.cz/detail/13850480-hospoda-kuciny-prichovice-kuciny.html;5;1;13.370075;49.562495;;
https://www.firmy.cz/detail/13118883-hospoda-olbramov-8-olbramov.html;5;3;12.865551;49.843970;;
https://www.firmy.cz/detail/13254748-chata-rosnicka-svitavy-predmesti.html;4.7;30;16.449554;49.772598;;
https://www.firmy.cz/detail/13109571-rene-stastny-pardubice-zelene-predmesti.html;4.9;17;15.776915;50.037327;;
https://www.firmy.cz/detail/12999964-hospoda-vechtrovna-troubsko.html;4.6;64;16.526360;49.163735;;
https://www.firmy.cz/detail/13871990-hospudka-na-hristi-klatovy-ii.html;4.9;59;13.302088;49.400284;;
https://www.firmy.cz/detail/13125568-hospudka-na-navsi-libomerice-libomerice.html;4;1;15.742128;49.872205;;
https://www.firmy.cz/detail/2655371-hostinec-u-buresu-stare-sedlo.html;4.5;2;12.863132;49.665752;;
https://www.firmy.cz/detail/2224128-hops-lokalka-ricany.html;4.4;13;14.663702;49.997243;;
https://www.firmy.cz/detail/13116841-u-nousku-tabor-klokoty.html;4.5;1;14.644565;49.418418;;
https://www.firmy.cz/detail/13112485-hostinec-pod-lipou-tucapy.html;4.9;25;16.917641;49.232374;;
https://www.firmy.cz/detail/13142277-hospoda-u-hriste-lisov.html;4.7;148;14.615705;49.022490;;
https://www.firmy.cz/detail/2680894-ajeto-sklarska-krcma-cvikov-lindava.html;4.4;174;14.637505;50.736267;;
https://www.firmy.cz/detail/338232-restaurace-u-valacha-mestecko-trnavka.html;4.6;41;16.725635;49.708580;;
https://www.firmy.cz/detail/13302645-hospoda-na-hristi-srch.html;5;2;15.774673;50.083585;;
https://www.firmy.cz/detail/13662728-seleticka-hospoda-seletice.html;None;None;15.093804;50.323276;;
https://www.firmy.cz/detail/13123446-hospoda-komarov-20-komarov.html;4.8;42;14.594818;49.251180;;
https://www.firmy.cz/detail/13117722-hosin-20-hosin-dobrejovice.html;5;1;14.484978;49.065624;;
https://www.firmy.cz/detail/13252798-hospudka-na-hristi-statenice.html;5;1;14.312599;50.139192;;
https://www.firmy.cz/detail/13016834-pohostinstvi-u-birhanzlu-drahenice.html;5;13;13.958837;49.521706;;
https://www.firmy.cz/detail/2210361-pohostinstvi-albrechticky-albrechticky.html;4.6;6;18.094762;49.700151;;
https://www.firmy.cz/detail/2224128-hops-lokalka-ricany.html;4.4;13;14.663702;49.997243;;
https://www.firmy.cz/detail/13116841-u-nousku-tabor-klokoty.html;4.5;1;14.644565;49.418418;;
https://www.firmy.cz/detail/13112485-hostinec-pod-lipou-tucapy.html;4.9;25;16.917641;49.232374;;
https://www.firmy.cz/detail/13142277-hospoda-u-hriste-lisov.html;4.7;148;14.615705;49.022490;;
https://www.firmy.cz/detail/2680894-ajeto-sklarska-krcma-cvikov-lindava.html;4.4;None;14.637505;50.736267;;
https://www.firmy.cz/detail/338232-restaurace-u-valacha-mestecko-trnavka.html;4.6;41;16.725635;49.708580;;
https://www.firmy.cz/detail/13302645-hospoda-na-hristi-srch.html;5;2;15.774673;50.083585;;
https://www.firmy.cz/detail/13662728-seleticka-hospoda-seletice.html;4.9;41;15.093804;50.323276;;
https://www.firmy.cz/detail/1348131-hostinec-sukorady-sukorady.html;4.9;18;15.583255;50.326206;;
https://www.firmy.cz/detail/12939950-mirror-pub-bilbova-nora-ostrava-moravska-ostrava.html;4.6;8;18.289734;49.839498;;
https://www.firmy.cz/detail/13114552-rafanda-klub-kostalov-kostalov.html;4.8;70;15.406662;50.573384;;
https://www.firmy.cz/detail/12974162-hostinec-peterka-petrov-nad-desnou.html;4.3;19;17.029491;50.003974;;
https://www.firmy.cz/detail/13372242-pivnice-u-stadionu-praha-vrsovice.html;None;None;14.469771;50.069505;;
https://www.firmy.cz/detail/13123280-hospoda-dolni-prim-13-dolni-prim.html;5;1;15.710804;50.239641;;
https://www.firmy.cz/detail/13868237-hruba-hospoda-napajedla.html;5;1;17.511485;49.170570;;
https://www.firmy.cz/detail/13137977-hostinec-plane-33-plane.html;5;1;13.310670;49.950318;;
https://www.firmy.cz/detail/13048059-doubravcicka-hospoda-doubravcice.html;4.7;13;14.791415;50.022832;;
https://www.firmy.cz/detail/2592008-hynek-brydlak-hodonin.html;4.7;97;17.116251;48.859920;;
https://www.firmy.cz/detail/13336694-hospoda-na-rozcesti-stara-cervena-voda.html;4.7;3;17.201256;50.329386;;
https://www.firmy.cz/detail/13117257-u-vesla-brno.html;4.5;9;16.520983;49.229526;;
https://www.firmy.cz/detail/13499867-hospudka-u-sneka-vlkos-kanovsko.html;5;3;17.423301;49.393197;;
https://www.firmy.cz/detail/1348131-hostinec-sukorady-sukorady.html;4.9;18;15.583255;50.326206;;
https://www.firmy.cz/detail/12939950-mirror-pub-bilbova-nora-ostrava-moravska-ostrava.html;4.6;8;18.289734;49.839498;;
https://www.firmy.cz/detail/13114552-rafanda-klub-kostalov-kostalov.html;4.8;70;15.406662;50.573384;;
https://www.firmy.cz/detail/12974162-hostinec-peterka-petrov-nad-desnou.html;4.3;19;17.029491;50.003974;;
https://www.firmy.cz/detail/13372242-pivnice-u-stadionu-praha-vrsovice.html;4.8;3;14.469771;50.069505;;
https://www.firmy.cz/detail/13123280-hospoda-dolni-prim-13-dolni-prim.html;5;1;15.710804;50.239641;;
https://www.firmy.cz/detail/13868237-hruba-hospoda-napajedla.html;5;1;17.511485;49.170570;;
https://www.firmy.cz/detail/13137977-hostinec-plane-33-plane.html;5;1;13.310670;49.950318;;
https://www.firmy.cz/detail/13048059-doubravcicka-hospoda-doubravcice.html;4.7;13;14.791415;50.022832;;
https://www.firmy.cz/detail/2592008-hynek-brydlak-hodonin.html;4.7;97;17.116251;48.859920;;
https://www.firmy.cz/detail/13336694-hospoda-na-rozcesti-stara-cervena-voda.html;4.7;3;17.201256;50.329386;;
https://www.firmy.cz/detail/13117257-u-vesla-brno.html;4.5;9;16.520983;49.229526;;
https://www.firmy.cz/detail/13499867-hospudka-u-sneka-vlkos-kanovsko.html;5;3;17.423301;49.393197;;
https://www.firmy.cz/detail/1348131-hostinec-sukorady-sukorady.html;4.9;18;15.583255;50.326206;;
https://www.firmy.cz/detail/12939950-mirror-pub-bilbova-nora-ostrava-moravska-ostrava.html;4.6;8;18.289734;49.839498;;
https://www.firmy.cz/detail/13114552-rafanda-klub-kostalov-kostalov.html;4.8;70;15.406662;50.573384;;
https://www.firmy.cz/detail/13031343-hostinec-na-trnkovci-ostrava-radvanice.html;5;1;18.332982;49.825177;;
https://www.firmy.cz/detail/13124135-hospoda-na-hristi-caslavice-caslavice.html;4.8;46;15.763966;49.151988;;
https://www.firmy.cz/detail/13833074-hospoda-u-dracice-suchdol-nad-luznici-frantiskov.html;4.9;74;14.937499;48.894457;;
https://www.firmy.cz/detail/13113825-hospoda-nachodska-133-cerveny-kostelec.html;5;3;16.096864;50.475708;;
https://www.firmy.cz/detail/13334287-hospoda-na-zamecku-zlate-hory-ondrejovice.html;5;11;17.349356;50.257536;;
https://www.firmy.cz/detail/13639955-hospoda-pod-lipou-orlova-lutyne.html;4.7;3;18.441904;49.878953;;
https://www.firmy.cz/detail/13543306-hospoda-salajna-dolni-zandov-salajna.html;None;None;12.511885;50.026757;;
https://www.firmy.cz/detail/2692616-hospudka-u-habasku-praha-zizkov.html;4.8;14;14.446419;50.085760;;
https://www.firmy.cz/detail/12842306-hostinec-na-osecku-osecek.html;4.4;26;15.158686;50.104092;;
https://www.firmy.cz/detail/13688924-hospoda-u-karla-hradec-kralove-svinary.html;5;3;15.906819;50.216363;;
https://www.firmy.cz/detail/13116093-hospoda-na-hristi-velke-opatovice.html;5;1;16.686382;49.612628;;
https://www.firmy.cz/detail/13313183-u-risu-vrbatky-dubany.html;4.1;7;17.191794;49.515230;;
https://www.firmy.cz/detail/13686641-hospoda-u-zelene-sedmy-vysocina-rvacov.html;5;3;15.853681;49.769646;;
https://www.firmy.cz/detail/13804197-grand-pub-jilemnice.html;5;4;15.498494;50.610827;;
https://www.firmy.cz/detail/13373284-koupaliste-hukvaldy-hukvaldy-dolni-sklenov.html;4.5;8;18.227692;49.629116;;
https://www.firmy.cz/detail/13110700-h-club-brest-brest.html;4.9;11;17.431956;49.350255;;
https://www.firmy.cz/detail/13136707-jan-borek-pisek.html;4.9;34;15.500461;50.155854;;
https://www.firmy.cz/detail/13114044-hospoda-horni-lhota-151-horni-lhota.html;3.1;2;17.803607;49.154236;;
https://www.firmy.cz/detail/563354-hostinec-u-rybnika-hostim.html;1;1;15.897016;49.018282;;
https://www.firmy.cz/detail/13355341-hospudka-na-hristi-zborovice.html;4.7;4;17.277807;49.248746;;
https://www.firmy.cz/detail/2692616-hospudka-u-habasku-praha-zizkov.html;4.8;14;14.446419;50.085760;;
https://www.firmy.cz/detail/12842306-hostinec-na-osecku-osecek.html;4.4;26;15.158686;50.104092;;
https://www.firmy.cz/detail/13688924-hospoda-u-karla-hradec-kralove-svinary.html;5;3;15.906819;50.216363;;
https://www.firmy.cz/detail/13116093-hospoda-na-hristi-velke-opatovice.html;5;1;16.686382;49.612628;;
https://www.firmy.cz/detail/13313183-u-risu-vrbatky-dubany.html;4.1;7;17.191794;49.515230;;
https://www.firmy.cz/detail/13787540-hospoda-valy-valy.html;5;1;15.614901;50.030189;;
https://www.firmy.cz/detail/13648331-hospudka-na-hristi-metylovice.html;4.9;21;18.334202;49.609951;;
https://www.firmy.cz/detail/13779644-adam-s-pub-trebic-horka-domky.html;5;3;15.884508;49.211796;;
https://www.firmy.cz/detail/13178410-hostinec-u-srdicka-brezany.html;5;1;13.586104;50.006604;;
https://www.firmy.cz/detail/13118017-hospoda-u-gajdosu-valasske-klobouky-lipina.html;5;29;17.985181;49.131793;;
https://www.firmy.cz/detail/13808657-hospoda-bezbab-chodova-plana-hostickov.html;5;1;12.821858;49.902093;;
https://www.firmy.cz/detail/13134116-hospudka-na-navsi-sobenov.html;4.6;55;14.546045;48.762731;;
https://www.firmy.cz/detail/13118003-hospoda-stribrska-260-cernosin.html;5;1;12.891780;49.814464;;
https://www.firmy.cz/detail/13329312-na-olympii-praha-seberov.html;None;None;14.513206;50.010602;;
https://www.firmy.cz/detail/13138057-u-pepy-ostrava-koblov.html;4.6;10;18.313099;49.898861;;
https://www.firmy.cz/detail/12997296-hospoda-stara-orechovka-praha-stresovice.html;5;7;14.380443;50.095183;;
https://www.firmy.cz/detail/13490555-hospoda-u-kamenika-olomouc-neredin.html;4.6;3;17.225601;49.596571;;
https://www.firmy.cz/detail/13618841-vojtova-hospoda-chomyz.html;4.6;16;17.644760;49.361446;;
https://www.firmy.cz/detail/13787540-hospoda-valy-valy.html;5;1;15.614901;50.030189;;
https://www.firmy.cz/detail/13648331-hospudka-na-hristi-metylovice.html;4.9;21;18.334202;49.609951;;
https://www.firmy.cz/detail/13779644-adam-s-pub-trebic-horka-domky.html;5;3;15.884508;49.211796;;
https://www.firmy.cz/detail/13178410-hostinec-u-srdicka-brezany.html;5;1;13.586104;50.006604;;
https://www.firmy.cz/detail/13118017-hospoda-u-gajdosu-valasske-klobouky-lipina.html;5;29;17.985181;49.131793;;
https://www.firmy.cz/detail/13808657-hospoda-bezbab-chodova-plana-hostickov.html;5;1;12.821858;49.902093;;
https://www.firmy.cz/detail/13134116-hospudka-na-navsi-sobenov.html;4.6;55;14.546045;48.762731;;
https://www.firmy.cz/detail/13118003-hospoda-stribrska-260-cernosin.html;5;1;12.891780;49.814464;;
https://www.firmy.cz/detail/13329312-na-olympii-praha-seberov.html;1;1;14.513206;50.010602;;
https://www.firmy.cz/detail/13138057-u-pepy-ostrava-koblov.html;4.6;10;18.313099;49.898861;;
https://www.firmy.cz/detail/12997296-hospoda-stara-orechovka-praha-stresovice.html;5;7;14.380443;50.095183;;
https://www.firmy.cz/detail/13490555-hospoda-u-kamenika-olomouc-neredin.html;4.6;3;17.225601;49.596571;;
https://www.firmy.cz/detail/13618841-vojtova-hospoda-chomyz.html;4.6;16;17.644760;49.361446;;
https://www.firmy.cz/detail/13787540-hospoda-valy-valy.html;5;1;15.614901;50.030189;;
https://www.firmy.cz/detail/13648331-hospudka-na-hristi-metylovice.html;None;None;18.334202;49.609951;;
https://www.firmy.cz/detail/13779644-adam-s-pub-trebic-horka-domky.html;None;None;15.884508;49.211796;;
https://www.firmy.cz/detail/13178410-hostinec-u-srdicka-brezany.html;5;1;13.586104;50.006604;;
https://www.firmy.cz/detail/13118017-hospoda-u-gajdosu-valasske-klobouky-lipina.html;5;29;17.985181;49.131793;;
https://www.firmy.cz/detail/13808657-hospoda-bezbab-chodova-plana-hostickov.html;5;1;12.821858;49.902093;;
https://www.firmy.cz/detail/13134116-hospudka-na-navsi-sobenov.html;4.6;55;14.546045;48.762731;;
https://www.firmy.cz/detail/13118003-hospoda-stribrska-260-cernosin.html;5;1;12.891780;49.814464;;
https://www.firmy.cz/detail/13329312-na-olympii-praha-seberov.html;1;1;14.513206;50.010602;;
https://www.firmy.cz/detail/13138057-u-pepy-ostrava-koblov.html;4.6;10;18.313099;49.898861;;
https://www.firmy.cz/detail/12997296-hospoda-stara-orechovka-praha-stresovice.html;5;7;14.380443;50.095183;;
https://www.firmy.cz/detail/13490555-hospoda-u-kamenika-olomouc-neredin.html;4.6;3;17.225601;49.596571;;
https://www.firmy.cz/detail/13618841-vojtova-hospoda-chomyz.html;4.6;None;17.644760;49.361446;;
https://www.firmy.cz/detail/13787540-hospoda-valy-valy.html;5;1;15.614901;50.030189;;
https://www.firmy.cz/detail/13648331-hospudka-na-hristi-metylovice.html;4.9;21;18.334202;49.609951;;
https://www.firmy.cz/detail/13779644-adam-s-pub-trebic-horka-domky.html;5;3;15.884508;49.211796;;
https://www.firmy.cz/detail/13178410-hostinec-u-srdicka-brezany.html;5;1;13.586104;50.006604;;
https://www.firmy.cz/detail/13118017-hospoda-u-gajdosu-valasske-klobouky-lipina.html;5;29;17.985181;49.131793;;
https://www.firmy.cz/detail/13808657-hospoda-bezbab-chodova-plana-hostickov.html;5;1;12.821858;49.902093;;
https://www.firmy.cz/detail/12959827-hostinec-u-cendy-baska-hodonovice.html;4.4;26;18.353950;49.635023;;
https://www.firmy.cz/detail/13324239-tri-kotatka-petrovice-u-karvine-dolni-marklovice.html;5;5;18.562061;49.891697;;
https://www.firmy.cz/detail/13895065-hospoda-u-hasica-unicov-benkov.html;None;None;17.075748;49.765567;;
https://www.firmy.cz/detail/13110548-hostinec-u-karlose-nezbavetice.html;5;4;13.476050;49.655364;;
https://www.firmy.cz/detail/13113113-hostinec-hela-peruc-patek.html;3.9;25;13.936983;50.379203;;
https://www.firmy.cz/detail/313386-hostinec-u-mysaka-plzen-bolevec.html;2.5;6;13.377651;49.775571;;
https://www.firmy.cz/detail/13202385-pub-u-sousedu-praha-hostivar.html;4.7;16;14.538223;50.050692;;
https://www.firmy.cz/detail/2537295-hostinec-u-zmatlu-novy-rychnov-sazava.html;4.8;47;15.330129;49.393885;;
https://www.firmy.cz/detail/13109884-hostinec-pravy-pravy.html;5;2;15.625331;50.131385;;
https://www.firmy.cz/detail/13665347-u-dvou-blaznu-opocno.html;4.5;46;16.115064;50.269344;;
https://www.firmy.cz/detail/12920460-statek-chmelovice-kraliky-chmelovice.html;1;1;15.559161;50.274463;;
https://www.firmy.cz/detail/13107855-kurnik-sopa-hospoda-ostrava-moravska-ostrava.html;4.8;39;18.279860;49.849985;;
https://www.firmy.cz/detail/13509083-hospudka-pod-lipou-dlouha-lhota.html;1.5;1;15.054429;50.419957;;
https://www.firmy.cz/detail/13185468-hospudka-havirov-sumbark.html;4.8;3;18.414489;49.801342;;
https://www.firmy.cz/detail/13132192-czech-deposit-ceske-budejovice-1.html;4;22;14.474738;48.975280;;
https://www.firmy.cz/detail/13123104-hotel-elba-pivnice-bohumin-novy-bohumin.html;4.9;33;18.352589;49.902659;;
https://www.firmy.cz/detail/13542877-hospudka-za-kovarnou-unin.html;4.8;125;16.488962;49.381261;;
https://www.firmy.cz/detail/13860212-hospudka-u-petry-rudnik.html;4.8;81;15.736595;50.598100;;
https://www.firmy.cz/detail/13010469-hospoda-na-navsi-ledcice.html;4.8;51;14.293785;50.340744;;
https://www.firmy.cz/detail/13377996-putyka-osik-osik.html;4.7;22;16.284578;49.842928;;
https://www.firmy.cz/detail/13112706-olga-nova-odrepsy.html;4.9;41;15.191889;50.143102;;
https://www.firmy.cz/detail/13665788-hospudka-pod-bousovem-vsekary.html;4.9;5;13.042559;49.604731;;
https://www.firmy.cz/detail/13108814-klub-u-libase-jihlava.html;5;2;15.589877;49.393678;;
https://www.firmy.cz/detail/13123127-country-club-volyne.html;3.5;1;13.888843;49.167150;;
https://www.firmy.cz/detail/2119066-stara-hospoda-galerie-brno-novy-liskovec.html;4.9;None;16.562713;49.183976;;
https://www.firmy.cz/detail/1979969-hostinec-na-oflende-hlinsko.html;4.3;2;15.912349;49.763876;;
https://www.firmy.cz/detail/13364363-hospoda-u-krbu-vitkov.html;2.1;2;17.756001;49.779209;;
https://www.firmy.cz/detail/13519238-hospudka-u-hriste-brumovice.html;3.7;5;16.896093;48.964197;;
https://www.firmy.cz/detail/13177605-hostinec-milec-milec.html;5;1;13.604274;49.469551;;
https://www.firmy.cz/detail/13860212-hospudka-u-petry-rudnik.html;4.8;81;15.736595;50.598100;;
https://www.firmy.cz/detail/13010469-hospoda-na-navsi-ledcice.html;4.8;51;14.293785;50.340744;;
https://www.firmy.cz/detail/13111114-hospoda-lomnice-nad-popelkou-lomnice-nad-popelkou.html;4.8;70;15.372504;50.537631;;
https://www.firmy.cz/detail/13377996-putyka-osik-osik.html;4.7;22;16.284578;49.842928;;
https://www.firmy.cz/detail/13112706-olga-nova-odrepsy.html;4.9;41;15.191889;50.143102;;
https://www.firmy.cz/detail/13665788-hospudka-pod-bousovem-vsekary.html;4.9;5;13.042559;49.604731;;
https://www.firmy.cz/detail/13108814-klub-u-libase-jihlava.html;5;2;15.589877;49.393678;;
https://www.firmy.cz/detail/13123127-country-club-volyne.html;3.5;1;13.888843;49.167150;;
https://www.firmy.cz/detail/2119066-stara-hospoda-galerie-brno-novy-liskovec.html;None;None;16.562713;49.183976;;
https://www.firmy.cz/detail/1979969-hostinec-na-oflende-hlinsko.html;4.3;2;15.912349;49.763876;;
https://www.firmy.cz/detail/13364363-hospoda-u-krbu-vitkov.html;2.1;2;17.756001;49.779209;;
https://www.firmy.cz/detail/13519238-hospudka-u-hriste-brumovice.html;3.7;5;16.896093;48.964197;;
https://www.firmy.cz/detail/13177605-hostinec-milec-milec.html;None;None;13.604274;49.469551;;
https://www.firmy.cz/detail/13860212-hospudka-u-petry-rudnik.html;4.8;81;15.736595;50.598100;;
https://www.firmy.cz/detail/13010469-hospoda-na-navsi-ledcice.html;4.8;51;14.293785;50.340744;;
https://www.firmy.cz/detail/13111114-hospoda-lomnice-nad-popelkou-lomnice-nad-popelkou.html;4.8;70;15.372504;50.537631;;
https://www.firmy.cz/detail/13377996-putyka-osik-osik.html;4.7;22;16.284578;49.842928;;
https://www.firmy.cz/detail/13665788-hospudka-pod-bousovem-vsekary.html;4.9;5;13.042559;49.604731;;
https://www.firmy.cz/detail/13108814-klub-u-libase-jihlava.html;5;2;15.589877;49.393678;;
https://www.firmy.cz/detail/13123127-country-club-volyne.html;3.5;1;13.888843;49.167150;;
https://www.firmy.cz/detail/2119066-stara-hospoda-galerie-brno-novy-liskovec.html;4.9;30;16.562713;49.183976;;
https://www.firmy.cz/detail/1979969-hostinec-na-oflende-hlinsko.html;4.3;2;15.912349;49.763876;;
https://www.firmy.cz/detail/13364363-hospoda-u-krbu-vitkov.html;2.1;2;17.756001;49.779209;;
https://www.firmy.cz/detail/13519238-hospudka-u-hriste-brumovice.html;3.7;5;16.896093;48.964197;;
https://www.firmy.cz/detail/13177605-hostinec-milec-milec.html;5;1;13.604274;49.469551;;
https://www.firmy.cz/detail/13860212-hospudka-u-petry-rudnik.html;4.8;81;15.736595;50.598100;;
https://www.firmy.cz/detail/13010469-hospoda-na-navsi-ledcice.html;4.8;51;14.293785;50.340744;;
https://www.firmy.cz/detail/13111114-hospoda-lomnice-nad-popelkou-lomnice-nad-popelkou.html;4.8;70;15.372504;50.537631;;
https://www.firmy.cz/detail/13756594-hospudka-nihov-nihov.html;4.5;1;16.256231;49.341539;;
https://www.firmy.cz/detail/13872890-pivnice-kufr-jindrichuv-hradec-iii.html;5;109;15.005566;49.140107;;
https://www.firmy.cz/detail/13852259-domecek-ostrava-pustkovec.html;5;4;18.166770;49.839986;;
https://www.firmy.cz/detail/13581797-pivnice-golem-mikulov.html;4.5;14;16.636077;48.808151;;
https://www.firmy.cz/detail/13499438-pivovar-balik-sebirov-vosna.html;4.9;24;14.805880;49.583853;;
https://www.firmy.cz/detail/13823744-hospoda-garaz-neplachovice.html;5;10;17.812943;49.993138;;
https://www.firmy.cz/detail/13147590-chmelnice-u-pepy-ceska-lipa.html;4.9;7;14.549387;50.689555;;
https://www.firmy.cz/detail/13361569-hospudka-sokolovna-radostice.html;4.9;203;16.479043;49.132642;;
https://www.firmy.cz/detail/13109697-hostinec-kozovska-19-velke-pritocno.html;4.7;34;14.126404;50.117095;;
https://www.firmy.cz/detail/13109081-hostinec-sportovni-857-mnichovice.html;5;2;14.709492;49.932892;;
https://www.firmy.cz/detail/13137683-jidelna-cercanska-94-porici-nad-sazavou.html;4.8;2;14.675538;49.837617;;
https://www.firmy.cz/detail/13110762-hospudka-pod-lipou-brezi-nad-oslavou.html;4.4;107;15.935654;49.502462;;
https://www.firmy.cz/detail/12898494-ing-petr-dostal-male-hradisko.html;5;2;16.878753;49.493722;;
https://www.firmy.cz/detail/13078689-hospoda-skala-zasova-zasova.html;4.6;4;18.042042;49.484136;;
https://www.firmy.cz/detail/2239619-hospudka-hriste-vsetuly-holesov-vsetuly.html;4.9;11;17.555253;49.327792;;
https://www.firmy.cz/detail/13134371-hospoda-predotice-24-predotice.html;4.8;51;14.053514;49.364939;;
https://www.firmy.cz/detail/13011052-hospoda-u-borovice-usobi.html;4.7;63;15.497291;49.507017;;
https://www.firmy.cz/detail/13051015-restaurace-vlcetin-bila-vlcetin.html;4.6;15;15.016744;50.682581;;
https://www.firmy.cz/detail/13110027-hostinec-mozdenice-vysocina-mozdenice.html;4.9;33;15.795100;49.764583;;
https://www.firmy.cz/detail/13636028-hospudka-u-toma-drazovice.html;5;1;16.942833;49.194021;;
https://www.firmy.cz/detail/13111497-hospoda-oleska-oleska.html;5;1;14.915751;49.971132;;
https://www.firmy.cz/detail/13109697-hostinec-kozovska-19-velke-pritocno.html;4.7;34;14.126404;50.117095;;
https://www.firmy.cz/detail/13109081-hostinec-sportovni-857-mnichovice.html;5;2;14.709492;49.932892;;
https://www.firmy.cz/detail/13137683-jidelna-cercanska-94-porici-nad-sazavou.html;4.8;2;14.675538;49.837617;;
https://www.firmy.cz/detail/13110762-hospudka-pod-lipou-brezi-nad-oslavou.html;4.4;107;15.935654;49.502462;;
https://www.firmy.cz/detail/12898494-ing-petr-dostal-male-hradisko.html;5;2;16.878753;49.493722;;
https://www.firmy.cz/detail/13078689-hospoda-skala-zasova-zasova.html;4.6;4;18.042042;49.484136;;
https://www.firmy.cz/detail/2239619-hospudka-hriste-vsetuly-holesov-vsetuly.html;4.9;11;17.555253;49.327792;;
https://www.firmy.cz/detail/13134371-hospoda-predotice-24-predotice.html;4.8;51;14.053514;49.364939;;
https://www.firmy.cz/detail/13011052-hospoda-u-borovice-usobi.html;4.7;63;15.497291;49.507017;;
https://www.firmy.cz/detail/13051015-restaurace-vlcetin-bila-vlcetin.html;4.6;15;15.016744;50.682581;;
https://www.firmy.cz/detail/13110027-hostinec-mozdenice-vysocina-mozdenice.html;4.9;33;15.795100;49.764583;;
https://www.firmy.cz/detail/13636028-hospudka-u-toma-drazovice.html;5;1;16.942833;49.194021;;
https://www.firmy.cz/detail/13111497-hospoda-oleska-oleska.html;5;1;14.915751;49.971132;;
https://www.firmy.cz/detail/13109697-hostinec-kozovska-19-velke-pritocno.html;4.7;34;14.126404;50.117095;;
https://www.firmy.cz/detail/13109081-hostinec-sportovni-857-mnichovice.html;5;2;14.709492;49.932892;;
https://www.firmy.cz/detail/13137683-jidelna-cercanska-94-porici-nad-sazavou.html;4.8;2;14.675538;49.837617;;
https://www.firmy.cz/detail/13110762-hospudka-pod-lipou-brezi-nad-oslavou.html;4.4;107;15.935654;49.502462;;
https://www.firmy.cz/detail/13078689-hospoda-skala-zasova-zasova.html;4.6;4;18.042042;49.484136;;
https://www.firmy.cz/detail/2239619-hospudka-hriste-vsetuly-holesov-vsetuly.html;4.9;None;17.555253;49.327792;;
https://www.firmy.cz/detail/13134371-hospoda-predotice-24-predotice.html;4.8;51;14.053514;49.364939;;
https://www.firmy.cz/detail/13011052-hospoda-u-borovice-usobi.html;4.7;63;15.497291;49.507017;;
https://www.firmy.cz/detail/13051015-restaurace-vlcetin-bila-vlcetin.html;4.6;15;15.016744;50.682581;;
https://www.firmy.cz/detail/13110027-hostinec-mozdenice-vysocina-mozdenice.html;5;2;15.795100;49.764583;;
https://www.firmy.cz/detail/13636028-hospudka-u-toma-drazovice.html;5;1;16.942833;49.194021;;
https://www.firmy.cz/detail/13111497-hospoda-oleska-oleska.html;5;1;14.915751;49.971132;;
https://www.firmy.cz/detail/13151266-green-pub-koprivnice.html;4.6;162;18.143644;49.598419;;
https://www.firmy.cz/detail/329620-hospudka-u-kocoura-kladno-krocehlavy.html;4;2;14.131519;50.135726;;
https://www.firmy.cz/detail/12948610-pivnice-pegas-brno-veveri.html;4.6;6;16.595911;49.203135;;
https://www.firmy.cz/detail/2469139-hospudka-na-rohu-jablonec-nad-nisou.html;5;2;15.154624;50.722778;;
https://www.firmy.cz/detail/13050840-hostinec-pod-kovarnou-neveklov-jablonna.html;4.6;8;14.450593;49.780423;;
https://www.firmy.cz/detail/13111742-hospoda-hrachovec-55-valasske-mezirici-hrachovec.html;5;2;17.998957;49.460814;;
https://www.firmy.cz/detail/12980786-pivni-burza-brno-mesto.html;None;None;16.611644;49.194746;;
https://www.firmy.cz/detail/13117005-hostinec-hlinka-hlinka.html;4.7;40;17.670201;50.279135;;
https://www.firmy.cz/detail/13759883-hospudka-u-petrosu-budisov-nad-budisovkou.html;None;None;17.629268;49.795021;;
https://www.firmy.cz/detail/13109480-restaurace-terasa-basty-brno-mesto.html;2;4;16.610589;49.190775;;
https://www.firmy.cz/detail/13108699-antonin-hruska-bernartice-svatkovice.html;3.8;3;14.367788;49.342819;;
https://www.firmy.cz/detail/12881874-enjoy-cocktail-bar-jihlava.html;5;2;15.589186;49.397373;;
https://www.firmy.cz/detail/317624-pivnice-sokolovna-bystrice-pod-hostynem.html;4.9;4;17.670002;49.397469;;
https://www.firmy.cz/detail/13303803-zdarecka-hospudka-zdarec.html;4.9;18;16.267341;49.379308;;
https://www.firmy.cz/detail/329620-hospudka-u-kocoura-kladno-krocehlavy.html;4;2;14.131519;50.135726;;
https://www.firmy.cz/detail/12948610-pivnice-pegas-brno-veveri.html;4.6;6;16.595911;49.203135;;
https://www.firmy.cz/detail/2469139-hospudka-na-rohu-jablonec-nad-nisou.html;5;2;15.154624;50.722778;;
https://www.firmy.cz/detail/13111742-hospoda-hrachovec-55-valasske-mezirici-hrachovec.html;5;2;17.998957;49.460814;;
https://www.firmy.cz/detail/12980786-pivni-burza-brno-mesto.html;3.7;19;16.611644;49.194746;;
https://www.firmy.cz/detail/13117005-hostinec-hlinka-hlinka.html;4.7;40;17.670201;50.279135;;
https://www.firmy.cz/detail/13111431-hospudka-u-hasicu-petrvald-2-petrvaldik.html;4.4;3;18.135699;49.719080;;
https://www.firmy.cz/detail/13620080-hostinec-opat-opatovice-nad-labem.html;4.3;11;15.791349;50.152971;;
https://www.firmy.cz/detail/13251527-hospoda-na-radnici-vlasim-domasin.html;5;3;14.878591;49.713947;;
https://www.firmy.cz/detail/13111566-pohostinstvi-u-helleru-letovice.html;5;2;16.579936;49.541134;;
https://www.firmy.cz/detail/13669988-hospudka-u-parku-olomouc.html;5;1;17.248356;49.586973;;
https://www.firmy.cz/detail/2463275-hospudka-jaris-ostrava-stara-bela.html;3.9;9;18.237732;49.771420;;
https://www.firmy.cz/detail/13134760-klubovna-u-bohuslava-sumvald-brevenec.html;5;38;17.155358;49.857109;;
https://www.firmy.cz/detail/13229280-obecni-hospoda-vlkov-hospudka-pod-lipami-vlkov.html;4.9;4;15.896464;50.311411;;
https://www.firmy.cz/detail/13117280-u-studanky-lysa-nad-labem.html;4.8;5;14.835867;50.199946;;
https://www.firmy.cz/detail/13574775-nadrazni-restaurace-jedlova-jiretin-pod-jedlovou-jedlova.html;4.6;248;14.570634;50.842835;;
https://www.firmy.cz/detail/13602774-pivnice-slunce-zatec.html;3.7;2;13.541941;50.324417;;
https://www.firmy.cz/detail/13502641-na-bouchalce-vysocina-drevikov.html;5;2;15.827589;49.763031;;
https://www.firmy.cz/detail/13327617-hospoda-kulecnik-pool-chomutov.html;4.9;20;13.406955;50.470805;;
https://www.firmy.cz/detail/13146459-klubovna-na-hristi-celakovice-zaluzi.html;4.7;69;14.744112;50.144434;;
https://www.firmy.cz/detail/13111431-hospudka-u-hasicu-petrvald-2-petrvaldik.html;4.4;3;18.135699;49.719080;;
https://www.firmy.cz/detail/13620080-hostinec-opat-opatovice-nad-labem.html;4.3;11;15.791349;50.152971;;
https://www.firmy.cz/detail/13251527-hospoda-na-radnici-vlasim-domasin.html;5;3;14.878591;49.713947;;
https://www.firmy.cz/detail/13111566-pohostinstvi-u-helleru-letovice.html;5;2;16.579936;49.541134;;
https://www.firmy.cz/detail/13669988-hospudka-u-parku-olomouc.html;5;1;17.248356;49.586973;;
https://www.firmy.cz/detail/2463275-hospudka-jaris-ostrava-stara-bela.html;3.9;9;18.237732;49.771420;;
https://www.firmy.cz/detail/13134760-klubovna-u-bohuslava-sumvald-brevenec.html;5;38;17.155358;49.857109;;
https://www.firmy.cz/detail/13229280-obecni-hospoda-vlkov-hospudka-pod-lipami-vlkov.html;4.9;4;15.896464;50.311411;;
https://www.firmy.cz/detail/13117280-u-studanky-lysa-nad-labem.html;4.8;5;14.835867;50.199946;;
https://www.firmy.cz/detail/13574775-nadrazni-restaurace-jedlova-jiretin-pod-jedlovou-jedlova.html;4.6;248;14.570634;50.842835;;
https://www.firmy.cz/detail/13602774-pivnice-slunce-zatec.html;3.7;2;13.541941;50.324417;;
https://www.firmy.cz/detail/13502641-na-bouchalce-vysocina-drevikov.html;5;2;15.827589;49.763031;;
https://www.firmy.cz/detail/13327617-hospoda-kulecnik-pool-chomutov.html;4.9;20;13.406955;50.470805;;
https://www.firmy.cz/detail/1966873-hostinec-u-psoty-ostrava-proskovice.html;4.8;3;18.195879;49.750952;;
https://www.firmy.cz/detail/13682222-hospoda-na-baste-vlkancice.html;5;4;14.893848;49.898947;;
https://www.firmy.cz/detail/12920070-hospudka-na-hristi-hroznetin.html;5;4;12.873590;50.310706;;
https://www.firmy.cz/detail/13774976-u-svateho-huberta-hlinsko.html;4.6;32;15.905794;49.762577;;
https://www.firmy.cz/detail/13121280-hospoda-serikova-35-plzen-koterov.html;4.7;4;13.407374;49.722433;;
https://www.firmy.cz/detail/13517090-myslivecky-spolek-kladeruby-nad-oslavou-kladeruby-nad-oslavou.html;5;3;16.170213;49.145606;;
https://www.firmy.cz/detail/13469153-hospoda-u-medveda-milovice.html;3.9;42;16.698565;48.852602;;
https://www.firmy.cz/detail/13202395-hospoda-na-hristi-olomouc-nemilany.html;3.5;3;17.254066;49.554934;;
https://www.firmy.cz/detail/13488020-hospudka-apolena-troskovice.html;4.8;26;15.225715;50.510112;;
https://www.firmy.cz/detail/12948543-pivnice-u-edisona-ostrava-hrabuvka.html;3.3;4;18.270699;49.791268;;
https://www.firmy.cz/detail/13010566-hostinec-novy-raj-rancirov.html;4.5;1;15.588738;49.362564;;
https://www.firmy.cz/detail/479233-pivnice-na-kopecku-jirkov.html;4.2;4;13.430899;50.500375;;
https://www.firmy.cz/detail/13847435-hospudka-pod-lipami-albrechtice-mesto-albrechtice.html;4.5;2;17.558815;50.170113;;
https://www.firmy.cz/detail/13315702-hostinec-na-jestrebici-dobren-jestrebice.html;3.9;99;14.575884;50.464004;;
https://www.firmy.cz/detail/1966873-hostinec-u-psoty-ostrava-proskovice.html;4.8;3;18.195879;49.750952;;
https://www.firmy.cz/detail/13682222-hospoda-na-baste-vlkancice.html;5;4;14.893848;49.898947;;
https://www.firmy.cz/detail/12920070-hospudka-na-hristi-hroznetin.html;5;4;12.873590;50.310706;;
https://www.firmy.cz/detail/13774976-u-svateho-huberta-hlinsko.html;4.6;32;15.905794;49.762577;;
https://www.firmy.cz/detail/13121280-hospoda-serikova-35-plzen-koterov.html;4.7;4;13.407374;49.722433;;
https://www.firmy.cz/detail/13517090-myslivecky-spolek-kladeruby-nad-oslavou-kladeruby-nad-oslavou.html;5;3;16.170213;49.145606;;
https://www.firmy.cz/detail/13469153-hospoda-u-medveda-milovice.html;3.9;42;16.698565;48.852602;;
https://www.firmy.cz/detail/13202395-hospoda-na-hristi-olomouc-nemilany.html;3.5;3;17.254066;49.554934;;
https://www.firmy.cz/detail/13488020-hospudka-apolena-troskovice.html;4.8;26;15.225715;50.510112;;
https://www.firmy.cz/detail/12948543-pivnice-u-edisona-ostrava-hrabuvka.html;3.3;4;18.270699;49.791268;;
https://www.firmy.cz/detail/13010566-hostinec-novy-raj-rancirov.html;4.5;1;15.588738;49.362564;;
https://www.firmy.cz/detail/479233-pivnice-na-kopecku-jirkov.html;4.2;4;13.430899;50.500375;;
https://www.firmy.cz/detail/13847435-hospudka-pod-lipami-albrechtice-mesto-albrechtice.html;4.5;2;17.558815;50.170113;;
https://www.firmy.cz/detail/13315702-hostinec-na-jestrebici-dobren-jestrebice.html;3.9;99;14.575884;50.464004;;
https://www.firmy.cz/detail/1966873-hostinec-u-psoty-ostrava-proskovice.html;4.8;3;18.195879;49.750952;;
https://www.firmy.cz/detail/13682222-hospoda-na-baste-vlkancice.html;5;4;14.893848;49.898947;;
https://www.firmy.cz/detail/12920070-hospudka-na-hristi-hroznetin.html;5;4;12.873590;50.310706;;
https://www.firmy.cz/detail/13774976-u-svateho-huberta-hlinsko.html;4.6;32;15.905794;49.762577;;
https://www.firmy.cz/detail/13121280-hospoda-serikova-35-plzen-koterov.html;4.7;4;13.407374;49.722433;;
https://www.firmy.cz/detail/13517090-myslivecky-spolek-kladeruby-nad-oslavou-kladeruby-nad-oslavou.html;5;3;16.170213;49.145606;;
https://www.firmy.cz/detail/13469153-hospoda-u-medveda-milovice.html;3.9;42;16.698565;48.852602;;
https://www.firmy.cz/detail/13202395-hospoda-na-hristi-olomouc-nemilany.html;3.5;3;17.254066;49.554934;;
https://www.firmy.cz/detail/13910950-hospudka-ve-snekach-plesna.html;4.6;20;12.350476;50.213566;;
https://www.firmy.cz/detail/13143507-hospudka-dolni-stropnice-rimov-dolni-stropnice.html;4.8;5;14.507771;48.877558;;
https://www.firmy.cz/detail/13503987-obecni-hospoda-lodin-lodin.html;1;1;15.610696;50.270887;;
https://www.firmy.cz/detail/13452239-bar-svarov-velke-bilovice.html;4.5;3;16.887895;48.852077;;
https://www.firmy.cz/detail/13327606-hospudka-u-koupaliste-lube.html;5;6;16.524891;49.396119;;
https://www.firmy.cz/detail/13134066-hospudka-drevenice-drevenice.html;5;1;15.444321;50.452082;;
https://www.firmy.cz/detail/13362714-hospudka-u-zabaka-topolna.html;None;None;17.539346;49.121189;;
https://www.firmy.cz/detail/13000103-restaurace-pod-ronovem-blizevedly.html;4.3;27;14.395894;50.610186;;
https://www.firmy.cz/detail/13557198-grey-wolf-club-trebic-nove-mesto.html;4.8;13;15.893678;49.215329;;
https://www.firmy.cz/detail/13110282-novy-zalak-ostrava-marianske-hory.html;4.8;2;18.254149;49.830728;;
https://www.firmy.cz/detail/13732734-hospudka-u-sacha-beroun-mesto.html;4.9;19;14.064662;49.967637;;
https://www.firmy.cz/detail/252042-restaurace-krkonosska-198-vrchlabi.html;4.5;2;15.609523;50.628729;;
https://www.firmy.cz/detail/13505700-u-feny-ratiborske-hory.html;5;5;14.772154;49.460513;;
https://www.firmy.cz/detail/13034372-restaurace-sport-billy-kyjov-netcice.html;4;4;17.128121;49.014510;;
https://www.firmy.cz/detail/13910950-hospudka-ve-snekach-plesna.html;5;7;12.350476;50.213566;;
https://www.firmy.cz/detail/13143507-hospudka-dolni-stropnice-rimov-dolni-stropnice.html;4.8;5;14.507771;48.877558;;
https://www.firmy.cz/detail/13503987-obecni-hospoda-lodin-lodin.html;1;1;15.610696;50.270887;;
https://www.firmy.cz/detail/13452239-bar-svarov-velke-bilovice.html;4.5;3;16.887895;48.852077;;
https://www.firmy.cz/detail/13327606-hospudka-u-koupaliste-lube.html;5;6;16.524891;49.396119;;
https://www.firmy.cz/detail/13134066-hospudka-drevenice-drevenice.html;5;1;15.444321;50.452082;;
https://www.firmy.cz/detail/13362714-hospudka-u-zabaka-topolna.html;5;4;17.539346;49.121189;;
https://www.firmy.cz/detail/13000103-restaurace-pod-ronovem-blizevedly.html;4.3;27;14.395894;50.610186;;
https://www.firmy.cz/detail/13557198-grey-wolf-club-trebic-nove-mesto.html;4.8;13;15.893678;49.215329;;
https://www.firmy.cz/detail/13110282-novy-zalak-ostrava-marianske-hory.html;4.8;2;18.254149;49.830728;;
https://www.firmy.cz/detail/13732734-hospudka-u-sacha-beroun-mesto.html;4.9;19;14.064662;49.967637;;
https://www.firmy.cz/detail/252042-restaurace-krkonosska-198-vrchlabi.html;4.5;2;15.609523;50.628729;;
https://www.firmy.cz/detail/13505700-u-feny-ratiborske-hory.html;5;5;14.772154;49.460513;;
https://www.firmy.cz/detail/13034372-restaurace-sport-billy-kyjov-netcice.html;4;4;17.128121;49.014510;;
https://www.firmy.cz/detail/13835915-hospoda-u-strnadu-celakovice-sedlcanky.html;4.7;69;14.787046;50.167799;;
https://www.firmy.cz/detail/13733898-hospudka-na-kamenci-baska-hodonovice.html;3;2;18.360101;49.625400;;
https://www.firmy.cz/detail/13110820-hospoda-hresihlavy-kladruby-hresihlavy.html;5;3;13.617843;49.929682;;
https://www.firmy.cz/detail/13065523-hospoda-provodov-provodov.html;4;2;17.736132;49.159504;;
https://www.firmy.cz/detail/13806459-muzi-v-ofsajdu-usti-nad-labem-mojzir.html;5;1;14.118356;50.681048;;
https://www.firmy.cz/detail/327057-dublin-pub-ostrava-moravska-ostrava.html;4;5;18.284518;49.835588;;
https://www.firmy.cz/detail/13139553-hospoda-u-marusku-chrastava.html;2.6;2;14.957902;50.806052;;
https://www.firmy.cz/detail/13283491-hospudka-drevenice-otrokovice-kvitkovice.html;4.7;2;17.542866;49.205004;;
https://www.firmy.cz/detail/13149043-vidoninska-hospudka-vidonin.html;4.4;107;16.221605;49.377244;;
https://www.firmy.cz/detail/13139297-disco-babylon-skvoretice.html;4.8;19;13.948410;49.402042;;
https://www.firmy.cz/detail/12806999-hospoda-kollarova-337-varnsdorf.html;4.5;1;14.634882;50.916816;;
https://www.firmy.cz/detail/13849311-zborovska-bumbalka-ledenice-zborov.html;4.7;148;14.564323;48.936423;;
https://www.firmy.cz/detail/13503309-pohostinstvi-u-svetliku-suchov.html;4.7;97;17.576975;48.884722;;
https://www.firmy.cz/detail/13110721-pivnice-korbel-most.html;3.3;3;13.650350;50.487502;;
https://www.firmy.cz/detail/13835915-hospoda-u-strnadu-celakovice-sedlcanky.html;4.8;2;14.787046;50.167799;;
https://www.firmy.cz/detail/13733898-hospudka-na-kamenci-baska-hodonovice.html;3;2;18.360101;49.625400;;
https://www.firmy.cz/detail/13110820-hospoda-hresihlavy-kladruby-hresihlavy.html;5;3;13.617843;49.929682;;
https://www.firmy.cz/detail/13065523-hospoda-provodov-provodov.html;4;2;17.736132;49.159504;;
https://www.firmy.cz/detail/13806459-muzi-v-ofsajdu-usti-nad-labem-mojzir.html;5;1;14.118356;50.681048;;
https://www.firmy.cz/detail/327057-dublin-pub-ostrava-moravska-ostrava.html;4;5;18.284518;49.835588;;
https://www.firmy.cz/detail/13139553-hospoda-u-marusku-chrastava.html;2.6;2;14.957902;50.806052;;
https://www.firmy.cz/detail/13283491-hospudka-drevenice-otrokovice-kvitkovice.html;4.7;2;17.542866;49.205004;;
https://www.firmy.cz/detail/13149043-vidoninska-hospudka-vidonin.html;4.4;107;16.221605;49.377244;;
https://www.firmy.cz/detail/13139297-disco-babylon-skvoretice.html;4.8;19;13.948410;49.402042;;
https://www.firmy.cz/detail/12806999-hospoda-kollarova-337-varnsdorf.html;4.5;1;14.634882;50.916816;;
https://www.firmy.cz/detail/13849311-zborovska-bumbalka-ledenice-zborov.html;4.7;148;14.564323;48.936423;;
https://www.firmy.cz/detail/13503309-pohostinstvi-u-svetliku-suchov.html;4.7;97;17.576975;48.884722;;
https://www.firmy.cz/detail/13110721-pivnice-korbel-most.html;3.3;3;13.650350;50.487502;;
https://www.firmy.cz/detail/13733898-hospudka-na-kamenci-baska-hodonovice.html;3;2;18.360101;49.625400;;
https://www.firmy.cz/detail/13110820-hospoda-hresihlavy-kladruby-hresihlavy.html;5;3;13.617843;49.929682;;
https://www.firmy.cz/detail/13065523-hospoda-provodov-provodov.html;4;2;17.736132;49.159504;;
https://www.firmy.cz/detail/13806459-muzi-v-ofsajdu-usti-nad-labem-mojzir.html;5;1;14.118356;50.681048;;
https://www.firmy.cz/detail/13140608-hospoda-breznice-breznice.html;5;1;13.950635;49.564752;;
https://www.firmy.cz/detail/13110979-bistro-krhova-krhova.html;5;1;17.995233;49.494153;;
https://www.firmy.cz/detail/13820609-hospoda-sobekury-sobekury.html;4.9;15;13.239312;49.575830;;
https://www.firmy.cz/detail/13496693-hospoda-utery-utery.html;4.4;13;13.001011;49.939349;;
https://www.firmy.cz/detail/12944568-hospoda-u-prouzu-zabrodi.html;4.5;66;16.101018;50.462500;;
https://www.firmy.cz/detail/13332224-hospudka-na-navsi-voderady.html;5;1;16.559804;49.481869;;
https://www.firmy.cz/detail/13591930-motodul-litomerice-predmesti.html;5;1;14.123460;50.542224;;
https://www.firmy.cz/detail/12975863-hostinnec-dolni-dvoriste.html;4.6;41;14.451833;48.656703;;
https://www.firmy.cz/detail/13024721-u-alberta-brno-mesto.html;4.9;32;16.600858;49.192809;;
https://www.firmy.cz/detail/13110384-hospudka-pod-lipou-leskovec.html;4.7;3;17.999108;49.286505;;
https://www.firmy.cz/detail/12901130-hospudka-peklo-tremosnice-stary-dvur.html;4.3;27;15.610564;49.868896;;
https://www.firmy.cz/detail/13379482-hostinec-pod-buky-pojbuky.html;5;1;14.896178;49.497501;;
https://www.firmy.cz/detail/13117403-hospudka-lipec-80-lipec.html;4.7;2;15.364525;50.083728;;
https://www.firmy.cz/detail/13539244-adela-nepejchalova-dolni-rozinka.html;4.4;107;16.211153;49.473325;;
https://www.firmy.cz/detail/13547320-pivnice-raj-horni-slavkov.html;5;1;12.793135;50.138766;;
https://www.firmy.cz/detail/13323501-hospoda-na-hristi-rozdalovice.html;3.9;4;15.162656;50.307442;;
https://www.firmy.cz/detail/13113844-hospudka-u-capa-mohelnice-libiva.html;4.9;42;16.913958;49.797611;;
https://www.firmy.cz/detail/13009975-restaurace-na-mustku-brno-cerna-pole.html;4.3;6;16.613638;49.201055;;
https://www.firmy.cz/detail/13280134-hospoda-u-kocoura-bohutin-vysoka-pec.html;4.5;2;13.962807;49.665307;;
https://www.firmy.cz/detail/13891411-hospoda-na-skole-opatov.html;5;1;15.392873;49.428267;;
https://www.firmy.cz/detail/2097075-pohostinstvi-u-stojanu-zadverice-rakova-zadverice.html;5;17;17.805517;49.216747;;
https://www.firmy.cz/detail/13762727-saloon-brandys-brandys-nad-labem-stara-boleslav-brandys-nad-labem.html;4.7;2;14.663732;50.187221;;
https://www.firmy.cz/detail/13273413-hostinec-u-kudlicku-bozice.html;1;1;16.291792;48.834788;;
https://www.firmy.cz/detail/13110384-hospudka-pod-lipou-leskovec.html;4.7;3;17.999108;49.286505;;
https://www.firmy.cz/detail/12901130-hospudka-peklo-tremosnice-stary-dvur.html;4.3;27;15.610564;49.868896;;
https://www.firmy.cz/detail/13379482-hostinec-pod-buky-pojbuky.html;5;1;14.896178;49.497501;;
https://www.firmy.cz/detail/13117403-hospudka-lipec-80-lipec.html;4.7;2;15.364525;50.083728;;
https://www.firmy.cz/detail/13539244-adela-nepejchalova-dolni-rozinka.html;4.4;107;16.211153;49.473325;;
https://www.firmy.cz/detail/13547320-pivnice-raj-horni-slavkov.html;5;1;12.793135;50.138766;;
https://www.firmy.cz/detail/13323501-hospoda-na-hristi-rozdalovice.html;3.9;4;15.162656;50.307442;;
https://www.firmy.cz/detail/13113844-hospudka-u-capa-mohelnice-libiva.html;4.9;42;16.913958;49.797611;;
https://www.firmy.cz/detail/13009975-restaurace-na-mustku-brno-cerna-pole.html;4.3;6;16.613638;49.201055;;
https://www.firmy.cz/detail/13280134-hospoda-u-kocoura-bohutin-vysoka-pec.html;4.5;2;13.962807;49.665307;;
https://www.firmy.cz/detail/13891411-hospoda-na-skole-opatov.html;5;1;15.392873;49.428267;;
https://www.firmy.cz/detail/2097075-pohostinstvi-u-stojanu-zadverice-rakova-zadverice.html;5;17;17.805517;49.216747;;
https://www.firmy.cz/detail/13762727-saloon-brandys-brandys-nad-labem-stara-boleslav-brandys-nad-labem.html;4.7;2;14.663732;50.187221;;
https://www.firmy.cz/detail/13273413-hostinec-u-kudlicku-bozice.html;None;None;16.291792;48.834788;;
https://www.firmy.cz/detail/13776296-pivnice-na-spici-prerov-i-mesto.html;4.8;9;17.449476;49.446940;;
https://www.firmy.cz/detail/13134431-hospudka-u-ruzenky-vimperk-vyskovice.html;4.5;1;13.781693;49.088043;;
https://www.firmy.cz/detail/13118303-hostinec-u-dostalu-horni-lhota.html;4.8;39;18.068162;49.853194;;
https://www.firmy.cz/detail/13432752-kartago-plzen-bolevec.html;4.4;6;13.363432;49.772320;;
https://www.firmy.cz/detail/13705187-u-benyho-teplice-prosetice.html;4.6;3;13.841416;50.635075;;
https://www.firmy.cz/detail/13116522-hostinec-na-rychte-kruh.html;5;4;15.480299;50.565432;;
https://www.firmy.cz/detail/13315913-liberecky-vycep-liberec-iii-jerab.html;4.9;4;15.043902;50.758635;;
https://www.firmy.cz/detail/13147524-sluzby-mesta-jihlavy-jihlava.html;5;15;15.571348;49.402124;;
https://www.firmy.cz/detail/13145783-hospoda-u-hriste-nemotice.html;None;None;17.120114;49.129972;;
https://www.firmy.cz/detail/13485976-pivnice-sokolovna-litomerice-pokratice.html;4.7;2;14.125000;50.546523;;
https://www.firmy.cz/detail/13154168-restaurace-ke-koupalisti-161-14-dehylov.html;4.3;3;18.171087;49.874119;;
https://www.firmy.cz/detail/13825484-candys-bar-sezimovo-usti.html;4.8;42;14.708489;49.376039;;
https://www.firmy.cz/detail/13579795-hospudka-na-vsi-zdirec-nad-doubravou-horni-studenec.html;4.7;63;15.799350;49.716264;;
https://www.firmy.cz/detail/2455236-snack-drahuse-mikolaskova-belcice.html;3;5;13.875800;49.502303;;
https://www.firmy.cz/detail/2465023-pohostinstvi-pod-borovici-svaty-jiri.html;1;1;16.267353;49.970367;;
https://www.firmy.cz/detail/13610144-hospudka-u-zamku-troubky-zdislavice-zdislavice.html;5;1;17.261551;49.223365;;
https://www.firmy.cz/detail/13114347-hostinec-u-pacienta-okrouhlice-babice.html;5;1;15.474603;49.634623;;
https://www.firmy.cz/detail/13416020-bar-osmicka-ostrava-poruba.html;5;7;18.177942;49.841812;;
https://www.firmy.cz/detail/13705187-u-benyho-teplice-prosetice.html;4.6;3;13.841416;50.635075;;
https://www.firmy.cz/detail/13116522-hostinec-na-rychte-kruh.html;5;4;15.480299;50.565432;;
https://www.firmy.cz/detail/13315913-liberecky-vycep-liberec-iii-jerab.html;4.9;4;15.043902;50.758635;;
https://www.firmy.cz/detail/13147524-sluzby-mesta-jihlavy-jihlava.html;5;15;15.571348;49.402124;;
https://www.firmy.cz/detail/13145783-hospoda-u-hriste-nemotice.html;3.6;3;17.120114;49.129972;;
https://www.firmy.cz/detail/13485976-pivnice-sokolovna-litomerice-pokratice.html;4.7;2;14.125000;50.546523;;
https://www.firmy.cz/detail/13154168-restaurace-ke-koupalisti-161-14-dehylov.html;4.3;3;18.171087;49.874119;;
https://www.firmy.cz/detail/13825484-candys-bar-sezimovo-usti.html;4.8;42;14.708489;49.376039;;
https://www.firmy.cz/detail/13579795-hospudka-na-vsi-zdirec-nad-doubravou-horni-studenec.html;4.7;63;15.799350;49.716264;;
https://www.firmy.cz/detail/2455236-snack-drahuse-mikolaskova-belcice.html;None;None;13.875800;49.502303;;
https://www.firmy.cz/detail/2465023-pohostinstvi-pod-borovici-svaty-jiri.html;None;None;16.267353;49.970367;;
https://www.firmy.cz/detail/13610144-hospudka-u-zamku-troubky-zdislavice-zdislavice.html;5;1;17.261551;49.223365;;
https://www.firmy.cz/detail/13114347-hostinec-u-pacienta-okrouhlice-babice.html;5;1;15.474603;49.634623;;
https://www.firmy.cz/detail/13416020-bar-osmicka-ostrava-poruba.html;5;7;18.177942;49.841812;;
https://www.firmy.cz/detail/13705187-u-benyho-teplice-prosetice.html;4.6;3;13.841416;50.635075;;
https://www.firmy.cz/detail/13116522-hostinec-na-rychte-kruh.html;5;4;15.480299;50.565432;;
https://www.firmy.cz/detail/13315913-liberecky-vycep-liberec-iii-jerab.html;4.9;4;15.043902;50.758635;;
https://www.firmy.cz/detail/13147524-sluzby-mesta-jihlavy-jihlava.html;5;15;15.571348;49.402124;;
https://www.firmy.cz/detail/13145783-hospoda-u-hriste-nemotice.html;3.6;3;17.120114;49.129972;;
https://www.firmy.cz/detail/13485976-pivnice-sokolovna-litomerice-pokratice.html;4.7;2;14.125000;50.546523;;
https://www.firmy.cz/detail/13154168-restaurace-ke-koupalisti-161-14-dehylov.html;4.3;3;18.171087;49.874119;;
https://www.firmy.cz/detail/13825484-candys-bar-sezimovo-usti.html;4.8;42;14.708489;49.376039;;
https://www.firmy.cz/detail/13579795-hospudka-na-vsi-zdirec-nad-doubravou-horni-studenec.html;4.7;63;15.799350;49.716264;;
https://www.firmy.cz/detail/2455236-snack-drahuse-mikolaskova-belcice.html;3;5;13.875800;49.502303;;
https://www.firmy.cz/detail/2465023-pohostinstvi-pod-borovici-svaty-jiri.html;1;1;16.267353;49.970367;;
https://www.firmy.cz/detail/13610144-hospudka-u-zamku-troubky-zdislavice-zdislavice.html;None;None;17.261551;49.223365;;
https://www.firmy.cz/detail/13114347-hostinec-u-pacienta-okrouhlice-babice.html;5;1;15.474603;49.634623;;
https://www.firmy.cz/detail/13416020-bar-osmicka-ostrava-poruba.html;5;7;18.177942;49.841812;;
https://www.firmy.cz/detail/13705187-u-benyho-teplice-prosetice.html;4.6;3;13.841416;50.635075;;
https://www.firmy.cz/detail/13116522-hostinec-na-rychte-kruh.html;5;4;15.480299;50.565432;;
https://www.firmy.cz/detail/13315913-liberecky-vycep-liberec-iii-jerab.html;4.9;4;15.043902;50.758635;;
https://www.firmy.cz/detail/13147524-sluzby-mesta-jihlavy-jihlava.html;5;15;15.571348;49.402124;;
https://www.firmy.cz/detail/13145783-hospoda-u-hriste-nemotice.html;3.6;3;17.120114;49.129972;;
https://www.firmy.cz/detail/13485976-pivnice-sokolovna-litomerice-pokratice.html;4.7;2;14.125000;50.546523;;
https://www.firmy.cz/detail/13154168-restaurace-ke-koupalisti-161-14-dehylov.html;4.3;3;18.171087;49.874119;;
https://www.firmy.cz/detail/13825484-candys-bar-sezimovo-usti.html;4.8;42;14.708489;49.376039;;
https://www.firmy.cz/detail/13579795-hospudka-na-vsi-zdirec-nad-doubravou-horni-studenec.html;4.7;63;15.799350;49.716264;;
https://www.firmy.cz/detail/13110614-obecni-hospoda-horni-bojanovice.html;4.5;1;16.800236;48.949832;;
https://www.firmy.cz/detail/13022963-hospoda-na-trestnaku-banov.html;4;1;17.719034;48.989732;;
https://www.firmy.cz/detail/13094805-hospoda-na-vitezne-sokolov.html;5;1;12.644975;50.174285;;
https://www.firmy.cz/detail/13871675-hospudka-na-zamecku-tatenice.html;4;1;16.698023;49.867474;;
https://www.firmy.cz/detail/13108382-hospoda-pecnov-3-pecnov.html;5;10;13.942320;49.053336;;
https://www.firmy.cz/detail/2471905-hospoda-za-vetrem-praha-zizkov.html;5;10;14.479799;50.091375;;
https://www.firmy.cz/detail/204115-pivnice-skalka-praha-strasnice.html;4.6;4;14.509466;50.068358;;
https://www.firmy.cz/detail/13117588-hospudka-u-jarouse-hostivice.html;4.8;2;14.259912;50.076812;;
https://www.firmy.cz/detail/13011392-pohostinstvi-u-nevyhostenych-straziste.html;4.4;29;14.930221;50.592757;;
https://www.firmy.cz/detail/13867364-hostinec-u-josefa-senicka.html;5;38;17.056956;49.632324;;
https://www.firmy.cz/detail/13137016-sokolovna-plavy.html;4.9;4;15.317562;50.701001;;
https://www.firmy.cz/detail/13815779-hospoda-u-kina-pardubice-svitkov.html;4.5;2;15.729364;50.027248;;
https://www.firmy.cz/detail/13110614-obecni-hospoda-horni-bojanovice.html;4.5;1;16.800236;48.949832;;
https://www.firmy.cz/detail/13022963-hospoda-na-trestnaku-banov.html;4;1;17.719034;48.989732;;
https://www.firmy.cz/detail/13094805-hospoda-na-vitezne-sokolov.html;5;1;12.644975;50.174285;;
https://www.firmy.cz/detail/13871675-hospudka-na-zamecku-tatenice.html;4;1;16.698023;49.867474;;
https://www.firmy.cz/detail/13108382-hospoda-pecnov-3-pecnov.html;5;10;13.942320;49.053336;;
https://www.firmy.cz/detail/2471905-hospoda-za-vetrem-praha-zizkov.html;5;10;14.479799;50.091375;;
https://www.firmy.cz/detail/13116115-hajecka-hospoda-hajek.html;4;1;12.917728;50.280375;;
https://www.firmy.cz/detail/204115-pivnice-skalka-praha-strasnice.html;4.6;4;14.509466;50.068358;;
https://www.firmy.cz/detail/13117588-hospudka-u-jarouse-hostivice.html;4.8;2;14.259912;50.076812;;
https://www.firmy.cz/detail/13011392-pohostinstvi-u-nevyhostenych-straziste.html;4.4;29;14.930221;50.592757;;
https://www.firmy.cz/detail/13765001-zahajska-hospoda-zahaji.html;5;21;14.370997;49.088790;;
https://www.firmy.cz/detail/13867364-hostinec-u-josefa-senicka.html;5;2;17.056956;49.632324;;
https://www.firmy.cz/detail/13137016-sokolovna-plavy.html;4.9;4;15.317562;50.701001;;
https://www.firmy.cz/detail/13815779-hospoda-u-kina-pardubice-svitkov.html;4.5;2;15.729364;50.027248;;
https://www.firmy.cz/detail/13110614-obecni-hospoda-horni-bojanovice.html;4.5;1;16.800236;48.949832;;
https://www.firmy.cz/detail/13022963-hospoda-na-trestnaku-banov.html;4;1;17.719034;48.989732;;
https://www.firmy.cz/detail/13094805-hospoda-na-vitezne-sokolov.html;5;1;12.644975;50.174285;;
https://www.firmy.cz/detail/13871675-hospudka-na-zamecku-tatenice.html;4;1;16.698023;49.867474;;
https://www.firmy.cz/detail/13108382-hospoda-pecnov-3-pecnov.html;5;10;13.942320;49.053336;;
https://www.firmy.cz/detail/2471905-hospoda-za-vetrem-praha-zizkov.html;None;None;14.479799;50.091375;;
https://www.firmy.cz/detail/13116115-hajecka-hospoda-hajek.html;4;1;12.917728;50.280375;;
https://www.firmy.cz/detail/204115-pivnice-skalka-praha-strasnice.html;4.6;4;14.509466;50.068358;;
https://www.firmy.cz/detail/13117588-hospudka-u-jarouse-hostivice.html;4.8;2;14.259912;50.076812;;
https://www.firmy.cz/detail/13011392-pohostinstvi-u-nevyhostenych-straziste.html;4.4;29;14.930221;50.592757;;
https://www.firmy.cz/detail/13765001-zahajska-hospoda-zahaji.html;5;21;14.370997;49.088790;;
https://www.firmy.cz/detail/13867364-hostinec-u-josefa-senicka.html;5;38;17.056956;49.632324;;
https://www.firmy.cz/detail/13137016-sokolovna-plavy.html;4.9;4;15.317562;50.701001;;
https://www.firmy.cz/detail/13815779-hospoda-u-kina-pardubice-svitkov.html;4.5;2;15.729364;50.027248;;
https://www.firmy.cz/detail/13110614-obecni-hospoda-horni-bojanovice.html;4.5;1;16.800236;48.949832;;
https://www.firmy.cz/detail/13022963-hospoda-na-trestnaku-banov.html;4;1;17.719034;48.989732;;
https://www.firmy.cz/detail/13094805-hospoda-na-vitezne-sokolov.html;5;1;12.644975;50.174285;;
https://www.firmy.cz/detail/13871675-hospudka-na-zamecku-tatenice.html;4;1;16.698023;49.867474;;
https://www.firmy.cz/detail/13108382-hospoda-pecnov-3-pecnov.html;5;10;13.942320;49.053336;;
https://www.firmy.cz/detail/2471905-hospoda-za-vetrem-praha-zizkov.html;5;10;14.479799;50.091375;;
https://www.firmy.cz/detail/13116115-hajecka-hospoda-hajek.html;4;1;12.917728;50.280375;;
https://www.firmy.cz/detail/204115-pivnice-skalka-praha-strasnice.html;4.6;4;14.509466;50.068358;;
https://www.firmy.cz/detail/13117588-hospudka-u-jarouse-hostivice.html;4.8;2;14.259912;50.076812;;
https://www.firmy.cz/detail/13011392-pohostinstvi-u-nevyhostenych-straziste.html;4.4;29;14.930221;50.592757;;
https://www.firmy.cz/detail/13765001-zahajska-hospoda-zahaji.html;5;21;14.370997;49.088790;;
https://www.firmy.cz/detail/13867364-hostinec-u-josefa-senicka.html;5;38;17.056956;49.632324;;
https://www.firmy.cz/detail/13137016-sokolovna-plavy.html;4.9;4;15.317562;50.701001;;
https://www.firmy.cz/detail/13815779-hospoda-u-kina-pardubice-svitkov.html;4.5;2;15.729364;50.027248;;
https://www.firmy.cz/detail/12754544-u-ceskeho-lva-mimon-i.html;5;2;14.735196;50.653540;;
https://www.firmy.cz/detail/12980691-hospoda-na-hristi-maly-bor.html;4.5;1;13.649395;49.329615;;
https://www.firmy.cz/detail/13115291-u-supa-decin-xvii-jaluvci.html;4.7;4;14.190678;50.789974;;
https://www.firmy.cz/detail/12891152-hostinec-na-obecnim-ondratice.html;4.5;2;17.062495;49.363369;;
https://www.firmy.cz/detail/13468073-hospudka-na-zatisi-frydek-mistek-frydek.html;4.9;6;18.361970;49.698500;;
https://www.firmy.cz/detail/13353918-penzion-u-pacosu-malenovice.html;4.8;78;18.414901;49.583363;;
https://www.firmy.cz/detail/13117227-hostinec-lisnice-lisnice.html;1.5;1;16.878249;49.754870;;
https://www.firmy.cz/detail/13624550-hospoda-na-hristi-stratov.html;4.9;41;14.906202;50.193857;;
https://www.firmy.cz/detail/13122363-ing-huu-sang-vu-kadan.html;4.9;20;13.269048;50.377484;;
https://www.firmy.cz/detail/13227416-zizniva-gumovka-ceske-budejovice-1.html;4.7;26;14.471728;48.977366;;
https://www.firmy.cz/detail/13787537-penzion-cesky-herslak-horni-dvoriste-cesky-herslak.html;4.6;30;14.420359;48.598748;;
https://www.firmy.cz/detail/13859585-hostinec-u-lutheru-uhlirska-lhota-rasochy.html;5;1;15.408799;50.090339;;
https://www.firmy.cz/detail/13824581-hospoda-vranov-vranov.html;4.2;7;14.776569;49.852749;;
https://www.firmy.cz/detail/12800120-bowling-plechova-pacov.html;4.6;195;15.006534;49.475274;;
https://www.firmy.cz/detail/12754544-u-ceskeho-lva-mimon-i.html;5;2;14.735196;50.653540;;
https://www.firmy.cz/detail/12980691-hospoda-na-hristi-maly-bor.html;4.5;1;13.649395;49.329615;;
https://www.firmy.cz/detail/13115291-u-supa-decin-xvii-jaluvci.html;4.7;4;14.190678;50.789974;;
https://www.firmy.cz/detail/12891152-hostinec-na-obecnim-ondratice.html;4.5;2;17.062495;49.363369;;
https://www.firmy.cz/detail/13468073-hospudka-na-zatisi-frydek-mistek-frydek.html;4.9;6;18.361970;49.698500;;
https://www.firmy.cz/detail/13353918-penzion-u-pacosu-malenovice.html;4.8;78;18.414901;49.583363;;
https://www.firmy.cz/detail/13117227-hostinec-lisnice-lisnice.html;4.9;42;16.878249;49.754870;;
https://www.firmy.cz/detail/13624550-hospoda-na-hristi-stratov.html;4.9;41;14.906202;50.193857;;
https://www.firmy.cz/detail/13122363-ing-huu-sang-vu-kadan.html;4.9;20;13.269048;50.377484;;
https://www.firmy.cz/detail/13787537-penzion-cesky-herslak-horni-dvoriste-cesky-herslak.html;4.6;30;14.420359;48.598748;;
https://www.firmy.cz/detail/13859585-hostinec-u-lutheru-uhlirska-lhota-rasochy.html;5;1;15.408799;50.090339;;
https://www.firmy.cz/detail/13824581-hospoda-vranov-vranov.html;4.2;7;14.776569;49.852749;;
https://www.firmy.cz/detail/12800120-bowling-plechova-pacov.html;4.6;195;15.006534;49.475274;;
https://www.firmy.cz/detail/12754544-u-ceskeho-lva-mimon-i.html;5;2;14.735196;50.653540;;
https://www.firmy.cz/detail/12980691-hospoda-na-hristi-maly-bor.html;4.5;1;13.649395;49.329615;;
https://www.firmy.cz/detail/13115291-u-supa-decin-xvii-jaluvci.html;4.7;4;14.190678;50.789974;;
https://www.firmy.cz/detail/12891152-hostinec-na-obecnim-ondratice.html;4.5;2;17.062495;49.363369;;
https://www.firmy.cz/detail/13468073-hospudka-na-zatisi-frydek-mistek-frydek.html;4.9;6;18.361970;49.698500;;
https://www.firmy.cz/detail/13353918-penzion-u-pacosu-malenovice.html;4.8;78;18.414901;49.583363;;
https://www.firmy.cz/detail/13117227-hostinec-lisnice-lisnice.html;4.9;42;16.878249;49.754870;;
https://www.firmy.cz/detail/13624550-hospoda-na-hristi-stratov.html;4.9;41;14.906202;50.193857;;
https://www.firmy.cz/detail/13122363-ing-huu-sang-vu-kadan.html;4.9;20;13.269048;50.377484;;
https://www.firmy.cz/detail/13227416-zizniva-gumovka-ceske-budejovice-1.html;4.7;26;14.471728;48.977366;;
https://www.firmy.cz/detail/13787537-penzion-cesky-herslak-horni-dvoriste-cesky-herslak.html;4.6;None;14.420359;48.598748;;
https://www.firmy.cz/detail/13859585-hostinec-u-lutheru-uhlirska-lhota-rasochy.html;5;1;15.408799;50.090339;;
https://www.firmy.cz/detail/13824581-hospoda-vranov-vranov.html;4.2;7;14.776569;49.852749;;
https://www.firmy.cz/detail/12800120-bowling-plechova-pacov.html;4.6;195;15.006534;49.475274;;
https://www.firmy.cz/detail/12754544-u-ceskeho-lva-mimon-i.html;5;2;14.735196;50.653540;;
https://www.firmy.cz/detail/12980691-hospoda-na-hristi-maly-bor.html;4.5;1;13.649395;49.329615;;
https://www.firmy.cz/detail/12925406-hospudka-podlistany-nasavrky-podlistany.html;5;3;15.842601;49.852696;;
https://www.firmy.cz/detail/13375776-restaurace-kotelna-tremosnice.html;4.2;43;15.577957;49.872131;;
https://www.firmy.cz/detail/13300305-klubovna-u-hriste-zelezna-ruda.html;4.8;27;13.227799;49.135447;;
https://www.firmy.cz/detail/13147276-miroslav-makovsky-dolni-ujezd.html;4.8;2;16.261468;49.827111;;
https://www.firmy.cz/detail/13132444-hospudka-u-dvou-pisaru-terlicko-dolni-terlicko.html;4.5;13;18.494981;49.769075;;
https://www.firmy.cz/detail/12716695-hospoda-hamburg-usti-nad-labem-centrum.html;4.8;3;14.032428;50.662614;;
https://www.firmy.cz/detail/13442694-hospudka-na-jedno-loucna-nad-desnou-kouty-nad-desnou.html;4.8;29;17.107820;50.100896;;
https://www.firmy.cz/detail/13812269-hospudka-zaolsi-vendryne.html;5;2;18.701695;49.631458;;
https://www.firmy.cz/detail/13109880-hostinec-u-stuchelu-kratusin.html;4.6;4;13.927896;49.019572;;
https://www.firmy.cz/detail/13139574-hospoda-na-hristi-luzice.html;5;1;17.066397;48.834728;;
https://www.firmy.cz/detail/13354204-bar-myslivna-opava-opava-mesto.html;5;4;17.903050;49.936092;;
https://www.firmy.cz/detail/13214096-obyvak-tvuj-pivni-bar-praha-strasnice.html;4.5;14;14.488460;50.078666;;
https://www.firmy.cz/detail/13137338-hospoda-okrinek-63-okrinek.html;4.9;41;15.193098;50.165345;;
https://www.firmy.cz/detail/13400890-hospudka-u-beranka-usti-nad-labem-centrum.html;4.4;7;14.033536;50.661183;;
https://www.firmy.cz/detail/12925406-hospudka-podlistany-nasavrky-podlistany.html;5;3;15.842601;49.852696;;
https://www.firmy.cz/detail/13375776-restaurace-kotelna-tremosnice.html;4.2;43;15.577957;49.872131;;
https://www.firmy.cz/detail/13300305-klubovna-u-hriste-zelezna-ruda.html;None;None;13.227799;49.135447;;
https://www.firmy.cz/detail/13147276-miroslav-makovsky-dolni-ujezd.html;4.8;2;16.261468;49.827111;;
https://www.firmy.cz/detail/13132444-hospudka-u-dvou-pisaru-terlicko-dolni-terlicko.html;4.5;13;18.494981;49.769075;;
https://www.firmy.cz/detail/12716695-hospoda-hamburg-usti-nad-labem-centrum.html;4.8;3;14.032428;50.662614;;
https://www.firmy.cz/detail/13442694-hospudka-na-jedno-loucna-nad-desnou-kouty-nad-desnou.html;4.8;29;17.107820;50.100896;;
https://www.firmy.cz/detail/13812269-hospudka-zaolsi-vendryne.html;5;2;18.701695;49.631458;;
https://www.firmy.cz/detail/13109880-hostinec-u-stuchelu-kratusin.html;4.6;4;13.927896;49.019572;;
https://www.firmy.cz/detail/13139574-hospoda-na-hristi-luzice.html;5;1;17.066397;48.834728;;
https://www.firmy.cz/detail/12888232-restaurace-na-zamysli-praha-kosire.html;4.7;3;14.374017;50.069385;;
https://www.firmy.cz/detail/13896034-hospudka-v-ceskem-stredohori-malecov-rydec.html;5;2;14.162125;50.606737;;
https://www.firmy.cz/detail/13504803-hospudka-u-kone-stod.html;4.2;2;13.166364;49.636288;;
https://www.firmy.cz/detail/13594309-hostinec-u-olinka-lhotka.html;4.8;8;17.410558;49.498868;;
https://www.firmy.cz/detail/13114880-hospoda-dobrikov-kdyne-dobrikov.html;4.9;5;13.081686;49.379143;;
https://www.firmy.cz/detail/573112-hostinec-u-prochazku-praha-krc.html;4.9;None;14.441216;50.047933;;
https://www.firmy.cz/detail/13136571-hospudka-u-pechu-mohelnice.html;None;None;16.914925;49.778948;;
https://www.firmy.cz/detail/13714026-hostinec-michalov-prerov-i-mesto.html;4.7;14;17.456797;49.460542;;
https://www.firmy.cz/detail/13118007-hostinec-belusice-1-belusice.html;4.2;48;15.322754;50.070458;;
https://www.firmy.cz/detail/13637981-chodovlicky-pohost-chodovlice.html;5;1;13.992814;50.462488;;
https://www.firmy.cz/detail/13118445-hostinec-u-cernu-chudir.html;5;9;15.010892;50.307931;;
https://www.firmy.cz/detail/13464281-hospoda-u-tlustocha-castkov.html;3.4;4;12.673708;49.755707;;
https://www.firmy.cz/detail/13842695-hospoda-zlukov-zlukovska-hospoda-zlukov.html;5;2;14.745175;49.192765;;
https://www.firmy.cz/detail/13314209-hospoda-meduza-racice.html;4.5;3;14.338547;50.456404;;
https://www.firmy.cz/detail/12888232-restaurace-na-zamysli-praha-kosire.html;None;None;14.374017;50.069385;;
https://www.firmy.cz/detail/13896034-hospudka-v-ceskem-stredohori-malecov-rydec.html;5;2;14.162125;50.606737;;
https://www.firmy.cz/detail/13606961-hospoda-u-krystofa-krystofovo-udoli.html;4.3;60;14.932486;50.772807;;
https://www.firmy.cz/detail/12737481-hostinec-u-blahovky-brno-veveri.html;4.5;86;16.592344;49.199196;;
https://www.firmy.cz/detail/13140331-hospoda-u-sokola-krechor.html;4.3;3;15.126733;50.024503;;
https://www.firmy.cz/detail/12871792-bufet-na-nadrazi-studenec.html;4.8;46;16.068743;49.222397;;
https://www.firmy.cz/detail/13600753-hospudka-na-konirne-hradec-kralove-vekose.html;4.9;34;15.831736;50.227721;;
https://www.firmy.cz/detail/2566652-brdska-kozlovna-mnisek-pod-brdy.html;1;1;14.237156;49.863519;;
https://www.firmy.cz/detail/13289137-dole-v-dole-sokolov.html;4.4;12;12.645059;50.181382;;
https://www.firmy.cz/detail/13675583-obecni-hospoda-cicenice.html;5;1;14.230809;49.155142;;
https://www.firmy.cz/detail/13143941-hospoda-na-hristi-kozojedy.html;4.7;135;13.540694;49.933411;;
https://www.firmy.cz/detail/13588613-hospudka-cecko-horni-lidec.html;4.7;3;18.061444;49.180491;;
https://www.firmy.cz/detail/13143292-rybarska-hospoda-tipsport-stepanov.html;4.1;3;17.227021;49.674736;;
https://www.firmy.cz/detail/13282443-hospudka-pikolo-trinec-dolni-listna.html;4.8;2;18.680144;49.682203;;
https://www.firmy.cz/detail/13737723-hospoda-vyskytna-vyskytna.html;4.6;195;15.363087;49.430766;;
https://www.firmy.cz/detail/13257060-restaurace-barbara-krnov-pod-bezrucovym-vrchem.html;4.7;6;17.701781;50.092460;;
https://www.firmy.cz/detail/13606961-hospoda-u-krystofa-krystofovo-udoli.html;4.3;None;14.932486;50.772807;;
https://www.firmy.cz/detail/13872617-hospoda-u-vaclava-bukovka.html;1;1;15.629931;50.100548;;
https://www.firmy.cz/detail/13302556-knezicka-knajpa-knezice.html;4.9;33;15.528128;49.859885;;
https://www.firmy.cz/detail/13479587-minipivovar-hadak-strakonice-i.html;4.4;7;13.904028;49.259628;;
https://www.firmy.cz/detail/13138247-hospoda-u-hriste-zubri.html;3.5;1;18.090195;49.465580;;
https://www.firmy.cz/detail/13119124-u-me-a-u-tebe-sosuvka.html;5;2;16.751409;49.411691;;
https://www.firmy.cz/detail/13118401-restauracejungmannova-602-5-jablonec-nad-nisou.html;4.8;25;15.172769;50.724405;;
https://www.firmy.cz/detail/13010207-hospoda-u-spartana-belusice.html;4.9;11;13.763277;50.450546;;
https://www.firmy.cz/detail/13445438-hospoda-na-mestecku-mysliborice.html;5;1;15.984109;49.102743;;
https://www.firmy.cz/detail/13858922-hospoda-u-hriste-lipa.html;4.5;2;15.540121;49.555822;;
https://www.firmy.cz/detail/13116188-hostinec-u-hynka-znojmo-naceratice.html;3.5;2;16.110323;48.818767;;
https://www.firmy.cz/detail/13113552-pohostinstvi-kozlov-kozlov.html;3;1;15.696379;49.414100;;
https://www.firmy.cz/detail/13372495-hospudka-na-vysinach-praha-vrsovice.html;5;3;14.460367;50.071625;;
https://www.firmy.cz/detail/2555295-pivnice-havrlant-frenstat-pod-radhostem.html;None;None;18.212806;49.547179;;
https://www.firmy.cz/detail/13141860-hospudka-u-filipa-beroun-mesto.html;4.1;3;14.073845;49.960971;;
https://www.firmy.cz/detail/13872617-hospoda-u-vaclava-bukovka.html;1;1;15.629931;50.100548;;
https://www.firmy.cz/detail/13302556-knezicka-knajpa-knezice.html;3.7;4;15.528128;49.859885;;
https://www.firmy.cz/detail/13479587-minipivovar-hadak-strakonice-i.html;4.4;7;13.904028;49.259628;;
https://www.firmy.cz/detail/13108792-mazelovska-hospudka-mazelov.html;1;1;14.616800;49.100872;;
https://www.firmy.cz/detail/13135527-u-kostela-rybna-nad-zdobnici.html;4.5;46;16.367476;50.108616;;
https://www.firmy.cz/detail/13116372-prima-hospoda-cernikovice.html;4.5;46;16.209092;50.185144;;
https://www.firmy.cz/detail/13110714-hospoda-vyskytna-nad-jihlavou-vyskytna-nad-jihlavou-jirin.html;4.6;13;15.470405;49.433117;;
https://www.firmy.cz/detail/13224331-obecni-hospoda-pod-lipami-kosice.html;4.9;34;15.535211;50.180068;;
https://www.firmy.cz/detail/13112665-hospoda-zachrastany-zachrastany.html;4.9;34;15.486779;50.211646;;
https://www.firmy.cz/detail/13520774-hodpoda-u-hasicu-stare-sedliste-nove-sedliste.html;5;1;12.673294;49.730041;;
https://www.firmy.cz/detail/12891070-hospoda-strizovice-66-strizovice.html;4.9;15;13.458184;49.611757;;
https://www.firmy.cz/detail/13151808-u-kalci-olomouc-nove-sady.html;4.9;3;17.256851;49.572772;;
https://www.firmy.cz/detail/2255008-hospoda-u-kastanu-kovarov-predborice.html;5;2;14.272939;49.547353;;
https://www.firmy.cz/detail/2604252-pivnice-pansky-mlyn-rakovnik-ii.html;4.7;69;13.721735;50.105776;;
https://www.firmy.cz/detail/13122697-restaurace-bohunov-50-bohunov.html;5;3;16.203336;49.559488;;
https://www.firmy.cz/detail/13118731-hostinec-u-dubu-pulecny.html;4.8;15;15.165958;50.675821;;
https://www.firmy.cz/detail/13109522-hostinec-u-lipy-brezany-i.html;5;1;15.078127;50.037021;;
https://www.firmy.cz/detail/13831130-hospoda-u-anicky-bilovec-vyskovice.html;4.9;26;17.988863;49.808033;;
https://www.firmy.cz/detail/13248421-hospoda-na-hristi-udlice.html;4;1;13.450635;50.440910;;
https://www.firmy.cz/detail/13141234-restaurace-sk-bozicany-bozicany.html;5;3;12.769641;50.257248;;
https://www.firmy.cz/detail/13252204-hostinec-antonin-bartak-nespeky-mestecko.html;4.6;164;14.675122;49.851835;;
https://www.firmy.cz/detail/13902850-lidovy-hostinec-dobris.html;4.9;28;14.177395;49.789892;;
https://www.firmy.cz/detail/13706789-obecni-hospoda-lipa-nad-orlici-lipa-nad-orlici.html;5;2;16.098835;50.134890;;
https://www.firmy.cz/detail/12836107-pivnice-u-slimoka-bystrice.html;4.2;2;18.720066;49.636681;;
https://www.firmy.cz/detail/12891070-hospoda-strizovice-66-strizovice.html;4.9;15;13.458184;49.611757;;
https://www.firmy.cz/detail/13151808-u-kalci-olomouc-nove-sady.html;4.9;3;17.256851;49.572772;;
https://www.firmy.cz/detail/13259819-garaz-praha-hodkovicky.html;4.8;6;14.412071;50.022265;;
https://www.firmy.cz/detail/13467644-hospudka-u-kamzika-bohunovice.html;4.7;5;17.282547;49.658370;;
https://www.firmy.cz/detail/12943833-hospudka-u-jezibaby-havirov-dolni-sucha.html;4.5;25;18.426059;49.810104;;
https://www.firmy.cz/detail/13135048-hospoda-svornost-rousinovec.html;3.5;4;16.884080;49.198568;;
https://www.firmy.cz/detail/12943672-pivnice-dno-pytle-praha-vinohrady.html;4.1;33;14.442861;50.077109;;
https://www.firmy.cz/detail/13535506-hospudka-ve-lhotce-ostrovec-lhotka-lhotka.html;4.6;33;13.729624;49.906966;;
https://www.firmy.cz/detail/13178687-hostinec-cheznovice-cheznovice.html;4.5;1;13.780689;49.778158;;
https://www.firmy.cz/detail/13112492-hospoda-u-zamastilu-pardubice-ohrazenice.html;4.4;11;15.758221;50.062437;;
https://www.firmy.cz/detail/13671092-hospoda-klubovna-podlesi-valasske-mezirici-podlesi.html;4.9;4;17.976676;49.455869;;
https://www.firmy.cz/detail/13153912-hospudka-u-standy-praha-vrsovice.html;3.6;7;14.453592;50.070236;;
https://www.firmy.cz/detail/13111253-hospoda-u-hopa-lazany.html;5;1;16.550380;49.353707;;
https://www.firmy.cz/detail/13016068-obecni-hospudka-chorusice-chorousky.html;5;1;14.663830;50.399546;;
https://www.firmy.cz/detail/13502361-hostinec-sokoli-trebic-sokoli.html;4.6;11;15.832128;49.227050;;
https://www.firmy.cz/detail/13139414-hostinec-u-koupaliste-vaclavovice.html;5;2;18.372594;49.756271;;
https://www.firmy.cz/detail/13259819-garaz-praha-hodkovicky.html;4.8;6;14.412071;50.022265;;
https://www.firmy.cz/detail/13467644-hospudka-u-kamzika-bohunovice.html;4.7;5;17.282547;49.658370;;
https://www.firmy.cz/detail/12943833-hospudka-u-jezibaby-havirov-dolni-sucha.html;4.5;25;18.426059;49.810104;;
https://www.firmy.cz/detail/13135048-hospoda-svornost-rousinovec.html;3.5;4;16.884080;49.198568;;
https://www.firmy.cz/detail/12943672-pivnice-dno-pytle-praha-vinohrady.html;4.1;33;14.442861;50.077109;;
https://www.firmy.cz/detail/13535506-hospudka-ve-lhotce-ostrovec-lhotka-lhotka.html;4.6;33;13.729624;49.906966;;
https://www.firmy.cz/detail/13178687-hostinec-cheznovice-cheznovice.html;4.5;1;13.780689;49.778158;;
https://www.firmy.cz/detail/13112492-hospoda-u-zamastilu-pardubice-ohrazenice.html;4.4;11;15.758221;50.062437;;
https://www.firmy.cz/detail/13671092-hospoda-klubovna-podlesi-valasske-mezirici-podlesi.html;4.9;4;17.976676;49.455869;;
https://www.firmy.cz/detail/13153912-hospudka-u-standy-praha-vrsovice.html;3.6;7;14.453592;50.070236;;
https://www.firmy.cz/detail/13111253-hospoda-u-hopa-lazany.html;5;1;16.550380;49.353707;;
https://www.firmy.cz/detail/13016068-obecni-hospudka-chorusice-chorousky.html;5;1;14.663830;50.399546;;
https://www.firmy.cz/detail/13867511-hospudka-u-zourku-javornik.html;5;4;17.006911;50.392802;;
https://www.firmy.cz/detail/12723884-u-kunstatu-praha-stare-mesto.html;3.2;3;14.417006;50.085338;;
https://www.firmy.cz/detail/13138722-hospudka-u-ludmiry-pencin-hut.html;3.6;3;15.250591;50.694798;;
https://www.firmy.cz/detail/13595905-pipa-tremosna-tremosna.html;5;4;13.395083;49.815861;;
https://www.firmy.cz/detail/13083616-hospoda-na-ruzku-petrovice-u-karvine-prstna.html;5;5;18.548192;49.911122;;
https://www.firmy.cz/detail/13116395-hospudka-na-tancaku-mistrice.html;4.5;2;17.538659;49.085792;;
https://www.firmy.cz/detail/13114677-katerina-tyleckova-katerinice.html;4.8;5;18.183487;49.674935;;
https://www.firmy.cz/detail/12953616-pivnice-firovka-usti-nad-labem-centrum.html;4;9;14.029579;50.670706;;
https://www.firmy.cz/detail/13717362-pivnice-sutka-praha-troja.html;5;4;14.444764;50.125339;;
https://www.firmy.cz/detail/13120166-hospoda-pod-zamkem-breclav.html;4.6;8;16.875619;48.760428;;
https://www.firmy.cz/detail/12875459-hospudka-u-cibicha-most.html;4.9;11;13.634813;50.504775;;
https://www.firmy.cz/detail/13117935-jaroslava-hubnerova-lustenice-voderady.html;5;1;14.944463;50.336569;;
https://www.firmy.cz/detail/13587140-spinar-bar-trest.html;4.9;7;15.482606;49.292914;;
https://www.firmy.cz/detail/13192808-hospoda-na-hristi-olomouc-nedvezi.html;3;1;17.208533;49.555667;;
https://www.firmy.cz/detail/13217637-mackovska-hospoda-mackov.html;4.8;19;13.886564;49.402224;;
https://www.firmy.cz/detail/13365388-olomoucka-citadela-olomouc.html;4.4;16;17.253223;49.592984;;
https://www.firmy.cz/detail/13138722-hospudka-u-ludmiry-pencin-hut.html;3.6;3;15.250591;50.694798;;
https://www.firmy.cz/detail/13595905-pipa-tremosna-tremosna.html;5;4;13.395083;49.815861;;
https://www.firmy.cz/detail/13083616-hospoda-na-ruzku-petrovice-u-karvine-prstna.html;5;5;18.548192;49.911122;;
https://www.firmy.cz/detail/13116395-hospudka-na-tancaku-mistrice.html;4.5;2;17.538659;49.085792;;
https://www.firmy.cz/detail/13114677-katerina-tyleckova-katerinice.html;4.8;5;18.183487;49.674935;;
https://www.firmy.cz/detail/12953616-pivnice-firovka-usti-nad-labem-centrum.html;4;9;14.029579;50.670706;;
https://www.firmy.cz/detail/13717362-pivnice-sutka-praha-troja.html;5;4;14.444764;50.125339;;
https://www.firmy.cz/detail/13120166-hospoda-pod-zamkem-breclav.html;4.6;8;16.875619;48.760428;;
https://www.firmy.cz/detail/13212302-hospudka-u-komina-sternberk.html;5;2;17.283302;49.726036;;
https://www.firmy.cz/detail/13481198-hospudka-u-kanara-podivin.html;4.4;3;16.854103;48.836820;;
https://www.firmy.cz/detail/13108819-hospudka-u-konase-krupka.html;5;13;13.862109;50.681348;;
https://www.firmy.cz/detail/13081546-hospudka-letnak-hradec-kralove.html;2.6;2;15.835623;50.205560;;
https://www.firmy.cz/detail/1972106-chalupa-na-rozcesti-pec-pod-snezkou.html;4.8;141;15.674846;50.705697;;
https://www.firmy.cz/detail/13771169-mecholupsky-hostinec-mecholupy.html;4.9;15;13.533192;49.519213;;
https://www.firmy.cz/detail/13381792-hospudka-na-hrabecim-cheb.html;5;2;12.376389;50.067994;;
https://www.firmy.cz/detail/13811711-hospoda-pod-kastany-kvasice.html;5;1;17.470351;49.242648;;
https://www.firmy.cz/detail/13155295-geliatan-group-ostrava-moravska-ostrava.html;4.8;39;18.284777;49.835982;;
https://www.firmy.cz/detail/13683491-obecni-hospudka-rudnik-rudnik.html;4;1;15.737722;50.577733;;
https://www.firmy.cz/detail/13646306-hospoda-u-posty-stary-hrozenkov.html;3.2;6;17.861984;48.966357;;
https://www.firmy.cz/detail/13148921-frantisek-schneider-brezova-rudolec.html;5;1;12.615781;50.133639;;
https://www.firmy.cz/detail/13117239-restaurace-slavicin-30-slavicin-divnice.html;1;1;17.912040;49.086419;;
https://www.firmy.cz/detail/13488458-hospoda-u-gajdosa-knezpole.html;5;1;17.515591;49.099951;;
https://www.firmy.cz/detail/13212302-hospudka-u-komina-sternberk.html;5;2;17.283302;49.726036;;
https://www.firmy.cz/detail/13481198-hospudka-u-kanara-podivin.html;4.4;3;16.854103;48.836820;;
https://www.firmy.cz/detail/13901602-sousedska-hospudka-okrouhla.html;4.9;31;16.735496;49.510246;;
https://www.firmy.cz/detail/13683230-hostinec-jindris-rodvinov-jindris.html;4.7;6;15.060929;49.148974;;
https://www.firmy.cz/detail/13114513-bar-montana-opocno.html;4.5;46;16.111209;50.269793;;
https://www.firmy.cz/detail/13117038-hostinec-lhota-lhota.html;4.5;2;17.615955;49.497481;;
https://www.firmy.cz/detail/13203250-pub-cafe-bar-polanka-moravsky-krumlov-polanka.html;3.5;1;16.302134;49.069407;;
https://www.firmy.cz/detail/12720695-prague-beer-museum-praha-stare-mesto.html;3.2;5;14.413984;50.085012;;
https://www.firmy.cz/detail/12713013-hospoda-u-kisky-jakartovice-destne.html;None;None;17.707999;49.895395;;
https://www.firmy.cz/detail/13099400-pivnice-assen-poruba-ostrava-poruba.html;3.9;13;18.179085;49.825021;;
https://www.firmy.cz/detail/12873339-hostinec-u-kaplicky-naklo-mezice.html;4.3;17;17.118902;49.659343;;
https://www.firmy.cz/detail/13517858-hospudka-u-kacaby-sanov.html;5;18;16.378756;48.800792;;
https://www.firmy.cz/detail/13667558-strezimirska-hospoda-strezimir.html;4.8;5;14.609681;49.532751;;
https://www.firmy.cz/detail/13437297-hostinec-a-prodejna-u-tomcu-krajnicko.html;5;2;14.028801;49.147617;;
https://www.firmy.cz/detail/13245482-posezeni-na-hristi-lestina.html;3.8;6;16.926133;49.866170;;
https://www.firmy.cz/detail/13113578-dum-u-kastanu-techlovice.html;5;2;14.205654;50.696664;;
https://www.firmy.cz/detail/13117818-hospoda-svatonovice-80-svatonovice.html;5;4;17.668727;49.799281;;
https://www.firmy.cz/detail/13138463-hospudka-u-kaplicky-vratimov-horni-datyne.html;4.9;5;18.344059;49.759706;;
https://www.firmy.cz/detail/12934744-hospoda-sport-moravske-budejovice.html;4.8;3;15.807053;49.053847;;
https://www.firmy.cz/detail/12996744-krcma-u-opileho-draka-zdar-nad-sazavou-1.html;5;4;15.939319;49.563282;;
https://www.firmy.cz/detail/13583559-restaurace-grusbach-hrusovany-nad-jevisovkou.html;3.8;19;16.399013;48.826374;;
https://www.firmy.cz/detail/13631354-hostinec-na-stare-poste-kamenny-privoz.html;3.5;11;14.503591;49.861001;;
https://www.firmy.cz/detail/13185310-hostinec-stika-domazlice-horejsi-predmesti.html;5;4;12.921261;49.440194;;
https://www.firmy.cz/detail/13133927-jasankova-hospudka-vlachovo-brezi.html;None;None;13.958760;49.080911;;
https://www.firmy.cz/detail/13105407-kamenna-hospoda-u-sotka-pardubice-bile-predmesti.html;4.6;6;15.784888;50.039026;;
https://www.firmy.cz/detail/13134391-hospudka-udoli-usti-nad-labem-centrum.html;3.2;3;14.044247;50.669537;;
https://www.firmy.cz/detail/13630830-kiosek-u-nemocnice-v-broumove-broumov.html;4.8;81;16.333830;50.580104;;
https://www.firmy.cz/detail/2459985-beach-park-mlekojedy-neratovice-mlekojedy.html;3.7;23;14.542125;50.264761;;
https://www.firmy.cz/detail/13011303-hospudka-u-tety-zaluzi.html;3;1;13.858581;49.842439;;
https://www.firmy.cz/detail/13577250-hospudka-na-spici-ostrava-zabreh.html;None;None;18.237507;49.789817;;
https://www.firmy.cz/detail/13112946-hostinec-pod-lipou-podoli.html;4.7;112;17.859877;49.429157;;
https://www.firmy.cz/detail/13217409-obcerstveni-u-weinlichu-mseno-raj.html;4.3;21;14.614343;50.465287;;
https://www.firmy.cz/detail/13762199-hospoda-u-hejduku-lhotka.html;1;1;13.996128;49.831971;;
https://www.firmy.cz/detail/12996744-krcma-u-opileho-draka-zdar-nad-sazavou-1.html;5;4;15.939319;49.563282;;
https://www.firmy.cz/detail/13583559-restaurace-grusbach-hrusovany-nad-jevisovkou.html;3.8;19;16.399013;48.826374;;
https://www.firmy.cz/detail/13631354-hostinec-na-stare-poste-kamenny-privoz.html;3.5;11;14.503591;49.861001;;
https://www.firmy.cz/detail/13185310-hostinec-stika-domazlice-horejsi-predmesti.html;5;4;12.921261;49.440194;;
https://www.firmy.cz/detail/13133927-jasankova-hospudka-vlachovo-brezi.html;5;10;13.958760;49.080911;;
https://www.firmy.cz/detail/13105407-kamenna-hospoda-u-sotka-pardubice-bile-predmesti.html;4.6;6;15.784888;50.039026;;
https://www.firmy.cz/detail/13134391-hospudka-udoli-usti-nad-labem-centrum.html;3.2;3;14.044247;50.669537;;
https://www.firmy.cz/detail/13630830-kiosek-u-nemocnice-v-broumove-broumov.html;4.8;81;16.333830;50.580104;;
https://www.firmy.cz/detail/2459985-beach-park-mlekojedy-neratovice-mlekojedy.html;3.7;23;14.542125;50.264761;;
https://www.firmy.cz/detail/13011303-hospudka-u-tety-zaluzi.html;3;1;13.858581;49.842439;;
https://www.firmy.cz/detail/13577250-hospudka-na-spici-ostrava-zabreh.html;3.8;8;18.237507;49.789817;;
https://www.firmy.cz/detail/13112946-hostinec-pod-lipou-podoli.html;4.7;112;17.859877;49.429157;;
https://www.firmy.cz/detail/13217409-obcerstveni-u-weinlichu-mseno-raj.html;4.3;21;14.614343;50.465287;;
https://www.firmy.cz/detail/13762199-hospoda-u-hejduku-lhotka.html;1;1;13.996128;49.831971;;
https://www.firmy.cz/detail/12996744-krcma-u-opileho-draka-zdar-nad-sazavou-1.html;5;4;15.939319;49.563282;;
https://www.firmy.cz/detail/13583559-restaurace-grusbach-hrusovany-nad-jevisovkou.html;3.8;19;16.399013;48.826374;;
https://www.firmy.cz/detail/13631354-hostinec-na-stare-poste-kamenny-privoz.html;3.5;11;14.503591;49.861001;;
https://www.firmy.cz/detail/13185310-hostinec-stika-domazlice-horejsi-predmesti.html;5;4;12.921261;49.440194;;
https://www.firmy.cz/detail/13133927-jasankova-hospudka-vlachovo-brezi.html;5;10;13.958760;49.080911;;
https://www.firmy.cz/detail/13105407-kamenna-hospoda-u-sotka-pardubice-bile-predmesti.html;4.6;6;15.784888;50.039026;;
https://www.firmy.cz/detail/13134391-hospudka-udoli-usti-nad-labem-centrum.html;3.2;3;14.044247;50.669537;;
https://www.firmy.cz/detail/13630830-kiosek-u-nemocnice-v-broumove-broumov.html;4.8;81;16.333830;50.580104;;
https://www.firmy.cz/detail/2459985-beach-park-mlekojedy-neratovice-mlekojedy.html;3.7;23;14.542125;50.264761;;
https://www.firmy.cz/detail/13011303-hospudka-u-tety-zaluzi.html;3;1;13.858581;49.842439;;
https://www.firmy.cz/detail/13577250-hospudka-na-spici-ostrava-zabreh.html;3.8;8;18.237507;49.789817;;
https://www.firmy.cz/detail/13112946-hostinec-pod-lipou-podoli.html;4.7;112;17.859877;49.429157;;
https://www.firmy.cz/detail/13217409-obcerstveni-u-weinlichu-mseno-raj.html;4.3;None;14.614343;50.465287;;
https://www.firmy.cz/detail/13762199-hospoda-u-hejduku-lhotka.html;1;1;13.996128;49.831971;;
https://www.firmy.cz/detail/12996744-krcma-u-opileho-draka-zdar-nad-sazavou-1.html;5;4;15.939319;49.563282;;
https://www.firmy.cz/detail/13583559-restaurace-grusbach-hrusovany-nad-jevisovkou.html;3.8;19;16.399013;48.826374;;
https://www.firmy.cz/detail/13631354-hostinec-na-stare-poste-kamenny-privoz.html;3.5;11;14.503591;49.861001;;
https://www.firmy.cz/detail/13185310-hostinec-stika-domazlice-horejsi-predmesti.html;5;4;12.921261;49.440194;;
https://www.firmy.cz/detail/13133927-jasankova-hospudka-vlachovo-brezi.html;5;10;13.958760;49.080911;;
https://www.firmy.cz/detail/13105407-kamenna-hospoda-u-sotka-pardubice-bile-predmesti.html;4.6;6;15.784888;50.039026;;
https://www.firmy.cz/detail/13134391-hospudka-udoli-usti-nad-labem-centrum.html;3.2;3;14.044247;50.669537;;
https://www.firmy.cz/detail/13630830-kiosek-u-nemocnice-v-broumove-broumov.html;4.8;81;16.333830;50.580104;;
https://www.firmy.cz/detail/2459985-beach-park-mlekojedy-neratovice-mlekojedy.html;3.7;23;14.542125;50.264761;;
https://www.firmy.cz/detail/13011303-hospudka-u-tety-zaluzi.html;3;1;13.858581;49.842439;;
https://www.firmy.cz/detail/13577250-hospudka-na-spici-ostrava-zabreh.html;None;None;18.237507;49.789817;;
https://www.firmy.cz/detail/13112946-hostinec-pod-lipou-podoli.html;4.7;112;17.859877;49.429157;;
https://www.firmy.cz/detail/13217409-obcerstveni-u-weinlichu-mseno-raj.html;4.3;21;14.614343;50.465287;;
https://www.firmy.cz/detail/13762199-hospoda-u-hejduku-lhotka.html;1;1;13.996128;49.831971;;
https://www.firmy.cz/detail/12996744-krcma-u-opileho-draka-zdar-nad-sazavou-1.html;5;4;15.939319;49.563282;;
https://www.firmy.cz/detail/13631354-hostinec-na-stare-poste-kamenny-privoz.html;3.5;11;14.503591;49.861001;;
https://www.firmy.cz/detail/13185310-hostinec-stika-domazlice-horejsi-predmesti.html;None;None;12.921261;49.440194;;
https://www.firmy.cz/detail/13133927-jasankova-hospudka-vlachovo-brezi.html;3.3;16;13.958760;49.080911;;
https://www.firmy.cz/detail/13105407-kamenna-hospoda-u-sotka-pardubice-bile-predmesti.html;4.6;6;15.784888;50.039026;;
https://www.firmy.cz/detail/13134391-hospudka-udoli-usti-nad-labem-centrum.html;3.2;3;14.044247;50.669537;;
https://www.firmy.cz/detail/13630830-kiosek-u-nemocnice-v-broumove-broumov.html;4.8;81;16.333830;50.580104;;
https://www.firmy.cz/detail/2459985-beach-park-mlekojedy-neratovice-mlekojedy.html;3.7;23;14.542125;50.264761;;
https://www.firmy.cz/detail/13011303-hospudka-u-tety-zaluzi.html;3;1;13.858581;49.842439;;
https://www.firmy.cz/detail/13577250-hospudka-na-spici-ostrava-zabreh.html;3.8;8;18.237507;49.789817;;
https://www.firmy.cz/detail/13112946-hostinec-pod-lipou-podoli.html;4.7;112;17.859877;49.429157;;
https://www.firmy.cz/detail/13217409-obcerstveni-u-weinlichu-mseno-raj.html;4.3;21;14.614343;50.465287;;
https://www.firmy.cz/detail/13762199-hospoda-u-hejduku-lhotka.html;1;1;13.996128;49.831971;;
https://www.firmy.cz/detail/12996744-krcma-u-opileho-draka-zdar-nad-sazavou-1.html;5;4;15.939319;49.563282;;
https://www.firmy.cz/detail/13583559-restaurace-grusbach-hrusovany-nad-jevisovkou.html;3.8;19;16.399013;48.826374;;
https://www.firmy.cz/detail/13631354-hostinec-na-stare-poste-kamenny-privoz.html;3.5;11;14.503591;49.861001;;
https://www.firmy.cz/detail/13185310-hostinec-stika-domazlice-horejsi-predmesti.html;5;4;12.921261;49.440194;;
https://www.firmy.cz/detail/13133927-jasankova-hospudka-vlachovo-brezi.html;5;10;13.958760;49.080911;;
https://www.firmy.cz/detail/13105407-kamenna-hospoda-u-sotka-pardubice-bile-predmesti.html;4.6;6;15.784888;50.039026;;
https://www.firmy.cz/detail/13134391-hospudka-udoli-usti-nad-labem-centrum.html;3.2;3;14.044247;50.669537;;
https://www.firmy.cz/detail/13630830-kiosek-u-nemocnice-v-broumove-broumov.html;4.8;81;16.333830;50.580104;;
https://www.firmy.cz/detail/2459985-beach-park-mlekojedy-neratovice-mlekojedy.html;3.7;23;14.542125;50.264761;;
https://www.firmy.cz/detail/13011303-hospudka-u-tety-zaluzi.html;3;1;13.858581;49.842439;;
https://www.firmy.cz/detail/13112946-hostinec-pod-lipou-podoli.html;4.7;112;17.859877;49.429157;;
https://www.firmy.cz/detail/13217409-obcerstveni-u-weinlichu-mseno-raj.html;4.3;21;14.614343;50.465287;;
https://www.firmy.cz/detail/13762199-hospoda-u-hejduku-lhotka.html;1;1;13.996128;49.831971;;
https://www.firmy.cz/detail/12996744-krcma-u-opileho-draka-zdar-nad-sazavou-1.html;5;4;15.939319;49.563282;;
https://www.firmy.cz/detail/13583559-restaurace-grusbach-hrusovany-nad-jevisovkou.html;3.8;19;16.399013;48.826374;;
https://www.firmy.cz/detail/13631354-hostinec-na-stare-poste-kamenny-privoz.html;3.5;11;14.503591;49.861001;;
https://www.firmy.cz/detail/13185310-hostinec-stika-domazlice-horejsi-predmesti.html;5;4;12.921261;49.440194;;
https://www.firmy.cz/detail/13133927-jasankova-hospudka-vlachovo-brezi.html;None;None;13.958760;49.080911;;
https://www.firmy.cz/detail/13372764-hospoda-paci-sa-uhersky-brod-ujezdec.html;4.9;4;17.682391;49.032525;;
https://www.firmy.cz/detail/13886200-hospudka-u-jerabku-straz-nad-nezarkou-dolni-lhota.html;5;109;14.945462;49.061772;;
https://www.firmy.cz/detail/13137929-hostinec-za-vodou-litomysl-mesto.html;4.3;8;16.310025;49.869442;;
https://www.firmy.cz/detail/13135393-western-saloon-pecky-pecky.html;5;5;15.030778;50.084576;;
https://www.firmy.cz/detail/13120905-hospoda-budejovicka-11-veseli-nad-luznici-i.html;2.6;4;14.698660;49.185181;;
https://www.firmy.cz/detail/13118851-pivnice-u-jarmilky-zelesice.html;5;1;16.573565;49.116491;;
https://www.firmy.cz/detail/337671-pivnice-u-svejka-praha-dejvice.html;4.2;16;14.394514;50.105310;;
https://www.firmy.cz/detail/13850543-orli-hnizdo-kunice-kunice-vidovice.html;4.7;69;14.669403;49.929584;;
https://www.firmy.cz/detail/13354811-radegastovna-alfa-trebic-horka-domky.html;5;1;15.886719;49.206365;;
https://www.firmy.cz/detail/322753-hostinec-tatina-tatina.html;4.7;135;13.301115;49.849515;;
https://www.firmy.cz/detail/2488211-hostinec-u-polnich-myslivcu-vsestary-lipa.html;4.5;47;15.739613;50.278663;;
https://www.firmy.cz/detail/13339338-u-pitkina-ratiskovice.html;5;1;17.167841;48.917887;;
https://www.firmy.cz/detail/12921600-hostinec-u-hasku-male-svatonovice.html;4.8;19;16.049325;50.534040;;
https://www.firmy.cz/detail/13769927-hospudka-onomysl-onomysl.html;5;10;15.124354;49.899353;;
https://www.firmy.cz/detail/13782929-hostinec-radost-cerna-voda.html;4.7;10;17.158050;50.300324;;
https://www.firmy.cz/detail/13837352-ripecka-hospoda-ripec.html;4.8;42;14.736789;49.214021;;
https://www.firmy.cz/detail/13120586-na-rychte-decin-vi-letna.html;5;1;14.183264;50.760088;;
https://www.firmy.cz/detail/13663883-hospoda-u-lucyka-kokorin.html;4.3;19;14.565774;50.430514;;
https://www.firmy.cz/detail/13872683-hospoda-na-hristi-bochor.html;4.9;9;17.425032;49.417690;;
https://www.firmy.cz/detail/13120101-horac-klub-u-nudle-prerov-i-mesto.html;4.9;9;17.469560;49.453072;;
https://www.firmy.cz/detail/337671-pivnice-u-svejka-praha-dejvice.html;4.2;16;14.394514;50.105310;;
https://www.firmy.cz/detail/13850543-orli-hnizdo-kunice-kunice-vidovice.html;4.4;11;14.669403;49.929584;;
https://www.firmy.cz/detail/13354811-radegastovna-alfa-trebic-horka-domky.html;5;1;15.886719;49.206365;;
https://www.firmy.cz/detail/322753-hostinec-tatina-tatina.html;4.7;135;13.301115;49.849515;;
https://www.firmy.cz/detail/2488211-hostinec-u-polnich-myslivcu-vsestary-lipa.html;None;None;15.739613;50.278663;;
https://www.firmy.cz/detail/13339338-u-pitkina-ratiskovice.html;5;1;17.167841;48.917887;;
https://www.firmy.cz/detail/12921600-hostinec-u-hasku-male-svatonovice.html;4.8;19;16.049325;50.534040;;
https://www.firmy.cz/detail/13769927-hospudka-onomysl-onomysl.html;5;10;15.124354;49.899353;;
https://www.firmy.cz/detail/13782929-hostinec-radost-cerna-voda.html;4.7;None;17.158050;50.300324;;
https://www.firmy.cz/detail/13837352-ripecka-hospoda-ripec.html;4.8;42;14.736789;49.214021;;
https://www.firmy.cz/detail/13120586-na-rychte-decin-vi-letna.html;5;1;14.183264;50.760088;;
https://www.firmy.cz/detail/13663883-hospoda-u-lucyka-kokorin.html;4.3;19;14.565774;50.430514;;
https://www.firmy.cz/detail/13120101-horac-klub-u-nudle-prerov-i-mesto.html;4.9;9;17.469560;49.453072;;
https://www.firmy.cz/detail/337671-pivnice-u-svejka-praha-dejvice.html;4.2;16;14.394514;50.105310;;
https://www.firmy.cz/detail/13850543-orli-hnizdo-kunice-kunice-vidovice.html;4.4;11;14.669403;49.929584;;
https://www.firmy.cz/detail/13354811-radegastovna-alfa-trebic-horka-domky.html;5;1;15.886719;49.206365;;
https://www.firmy.cz/detail/322753-hostinec-tatina-tatina.html;4.7;135;13.301115;49.849515;;
https://www.firmy.cz/detail/2488211-hostinec-u-polnich-myslivcu-vsestary-lipa.html;4.5;47;15.739613;50.278663;;
https://www.firmy.cz/detail/13339338-u-pitkina-ratiskovice.html;5;1;17.167841;48.917887;;
https://www.firmy.cz/detail/12921600-hostinec-u-hasku-male-svatonovice.html;4.8;19;16.049325;50.534040;;
https://www.firmy.cz/detail/13769927-hospudka-onomysl-onomysl.html;5;10;15.124354;49.899353;;
https://www.firmy.cz/detail/13782929-hostinec-radost-cerna-voda.html;4.7;10;17.158050;50.300324;;
https://www.firmy.cz/detail/13837352-ripecka-hospoda-ripec.html;4.8;42;14.736789;49.214021;;
https://www.firmy.cz/detail/13120586-na-rychte-decin-vi-letna.html;5;1;14.183264;50.760088;;
https://www.firmy.cz/detail/13663883-hospoda-u-lucyka-kokorin.html;4.3;19;14.565774;50.430514;;
https://www.firmy.cz/detail/13872683-hospoda-na-hristi-bochor.html;4.9;9;17.425032;49.417690;;
https://www.firmy.cz/detail/13120101-horac-klub-u-nudle-prerov-i-mesto.html;4.9;9;17.469560;49.453072;;
https://www.firmy.cz/detail/337671-pivnice-u-svejka-praha-dejvice.html;4.2;16;14.394514;50.105310;;
https://www.firmy.cz/detail/13850543-orli-hnizdo-kunice-kunice-vidovice.html;4.7;69;14.669403;49.929584;;
https://www.firmy.cz/detail/13354811-radegastovna-alfa-trebic-horka-domky.html;5;1;15.886719;49.206365;;
https://www.firmy.cz/detail/322753-hostinec-tatina-tatina.html;4.7;135;13.301115;49.849515;;
https://www.firmy.cz/detail/2488211-hostinec-u-polnich-myslivcu-vsestary-lipa.html;4.5;47;15.739613;50.278663;;
https://www.firmy.cz/detail/13339338-u-pitkina-ratiskovice.html;5;1;17.167841;48.917887;;
https://www.firmy.cz/detail/12921600-hostinec-u-hasku-male-svatonovice.html;4.8;19;16.049325;50.534040;;
https://www.firmy.cz/detail/13769927-hospudka-onomysl-onomysl.html;5;10;15.124354;49.899353;;
https://www.firmy.cz/detail/13782929-hostinec-radost-cerna-voda.html;4.7;10;17.158050;50.300324;;
https://www.firmy.cz/detail/13837352-ripecka-hospoda-ripec.html;4.8;42;14.736789;49.214021;;
https://www.firmy.cz/detail/13120586-na-rychte-decin-vi-letna.html;5;1;14.183264;50.760088;;
https://www.firmy.cz/detail/13663883-hospoda-u-lucyka-kokorin.html;4.3;19;14.565774;50.430514;;
https://www.firmy.cz/detail/13872683-hospoda-na-hristi-bochor.html;4.9;9;17.425032;49.417690;;
https://www.firmy.cz/detail/337671-pivnice-u-svejka-praha-dejvice.html;4.2;16;14.394514;50.105310;;
https://www.firmy.cz/detail/13850543-orli-hnizdo-kunice-kunice-vidovice.html;4.7;69;14.669403;49.929584;;
https://www.firmy.cz/detail/13354811-radegastovna-alfa-trebic-horka-domky.html;5;1;15.886719;49.206365;;
https://www.firmy.cz/detail/322753-hostinec-tatina-tatina.html;4.7;135;13.301115;49.849515;;
https://www.firmy.cz/detail/2488211-hostinec-u-polnich-myslivcu-vsestary-lipa.html;4.5;47;15.739613;50.278663;;
https://www.firmy.cz/detail/13339338-u-pitkina-ratiskovice.html;5;1;17.167841;48.917887;;
https://www.firmy.cz/detail/12921600-hostinec-u-hasku-male-svatonovice.html;4.8;19;16.049325;50.534040;;
https://www.firmy.cz/detail/13769927-hospudka-onomysl-onomysl.html;5;10;15.124354;49.899353;;
https://www.firmy.cz/detail/13782929-hostinec-radost-cerna-voda.html;4.7;10;17.158050;50.300324;;
https://www.firmy.cz/detail/13837352-ripecka-hospoda-ripec.html;4.8;42;14.736789;49.214021;;
https://www.firmy.cz/detail/13120586-na-rychte-decin-vi-letna.html;5;1;14.183264;50.760088;;
https://www.firmy.cz/detail/13663883-hospoda-u-lucyka-kokorin.html;4.3;19;14.565774;50.430514;;
https://www.firmy.cz/detail/13872683-hospoda-na-hristi-bochor.html;4.9;9;17.425032;49.417690;;
https://www.firmy.cz/detail/13120101-horac-klub-u-nudle-prerov-i-mesto.html;4.9;9;17.469560;49.453072;;
https://www.firmy.cz/detail/13110115-hostinec-u-brazdilu-karolin.html;4.9;11;17.431193;49.231318;;
https://www.firmy.cz/detail/13123015-bad-flash-bar-praha-karlin.html;3.7;13;14.456169;50.093841;;
https://www.firmy.cz/detail/13266105-hospudka-u-kovare-karany.html;4.5;26;14.740813;50.175049;;
https://www.firmy.cz/detail/2123854-restaurace-u-mateje-modrice.html;4.1;2;16.614359;49.131454;;
https://www.firmy.cz/detail/13114476-hostinec-pepi-nause-kejnice.html;5;1;13.694259;49.267770;;
https://www.firmy.cz/detail/13572489-hospoda-oksford-pysely-zajecice.html;4.6;30;14.683764;49.896136;;
https://www.firmy.cz/detail/13478567-brodska-hospudka-kladruby-brod-u-stribra.html;5;3;12.918867;49.693968;;
https://www.firmy.cz/detail/13659659-restaurace-u-buchlovskeho-zamku-buchlovice.html;4.7;54;17.334514;49.084480;;
https://www.firmy.cz/detail/13117064-hospoda-u-hasice-jenikov.html;4.9;33;15.956994;49.743845;;
https://www.firmy.cz/detail/13664765-hospudka-na-stare-kovarne-tecovice.html;5;1;17.587519;49.219697;;
https://www.firmy.cz/detail/13504695-corso-hospoda-praha-modrany.html;5;48;14.430931;50.007631;;
https://www.firmy.cz/detail/13117291-obecni-hospoda-horni-ves.html;4.6;195;15.306740;49.292371;;
https://www.firmy.cz/detail/13140086-restaurace-postoloprtska-180-stankovice.html;4.9;18;13.574556;50.351882;;
https://www.firmy.cz/detail/13118964-hospudka-u-primy-lomnice.html;5;1;17.421438;49.880524;;
https://www.firmy.cz/detail/13110115-hostinec-u-brazdilu-karolin.html;4.9;11;17.431193;49.231318;;
https://www.firmy.cz/detail/13123015-bad-flash-bar-praha-karlin.html;3.7;13;14.456169;50.093841;;
https://www.firmy.cz/detail/13266105-hospudka-u-kovare-karany.html;4.5;26;14.740813;50.175049;;
https://www.firmy.cz/detail/2123854-restaurace-u-mateje-modrice.html;4.1;2;16.614359;49.131454;;
https://www.firmy.cz/detail/13114476-hostinec-pepi-nause-kejnice.html;5;1;13.694259;49.267770;;
https://www.firmy.cz/detail/13572489-hospoda-oksford-pysely-zajecice.html;4.6;30;14.683764;49.896136;;
https://www.firmy.cz/detail/13478567-brodska-hospudka-kladruby-brod-u-stribra.html;5;3;12.918867;49.693968;;
https://www.firmy.cz/detail/13659659-restaurace-u-buchlovskeho-zamku-buchlovice.html;4.7;54;17.334514;49.084480;;
https://www.firmy.cz/detail/13117064-hospoda-u-hasice-jenikov.html;4.9;33;15.956994;49.743845;;
https://www.firmy.cz/detail/13664765-hospudka-na-stare-kovarne-tecovice.html;5;1;17.587519;49.219697;;
https://www.firmy.cz/detail/13504695-corso-hospoda-praha-modrany.html;5;48;14.430931;50.007631;;
https://www.firmy.cz/detail/13117291-obecni-hospoda-horni-ves.html;4.6;195;15.306740;49.292371;;
https://www.firmy.cz/detail/13140086-restaurace-postoloprtska-180-stankovice.html;4.9;18;13.574556;50.351882;;
https://www.firmy.cz/detail/13118964-hospudka-u-primy-lomnice.html;5;1;17.421438;49.880524;;
https://www.firmy.cz/detail/13120075-hvozdecka-hospoda-hvozdec.html;5;47;16.425264;49.247437;;
https://www.firmy.cz/detail/1691538-hostinec-na-kopecku-velke-brezno-valtirov.html;4.6;3;14.121454;50.672867;;
https://www.firmy.cz/detail/13224609-hostinec-u-bizona-zator.html;4.8;15;17.590195;50.043686;;
https://www.firmy.cz/detail/13484657-hospoda-cernozice-cernozice.html;4.5;3;15.873266;50.318389;;
https://www.firmy.cz/detail/12730878-hostinec-na-navsi-uhelna.html;3.8;5;17.027048;50.365740;;
https://www.firmy.cz/detail/13182781-branicka-hospoda-tehov-tehov.html;4.7;69;14.693498;49.971049;;
https://www.firmy.cz/detail/13108957-hospudka-u-rihu-ceske-budejovice-5.html;2.5;1;14.557062;48.958387;;
https://www.firmy.cz/detail/13543324-valecska-hospoda-valec.html;4.7;2;13.254735;50.174053;;
https://www.firmy.cz/detail/13149227-vladimir-vaigl-valasske-mezirici-hrachovec.html;5;1;18.002837;49.465354;;
https://www.firmy.cz/detail/13730322-hospoda-na-kopecku-olesnice.html;4.5;13;14.704983;48.841208;;
https://www.firmy.cz/detail/13320431-pivnice-spilka-ostrolovsky-ujezd.html;3.7;2;14.600214;48.880671;;
https://www.firmy.cz/detail/12880156-hostinec-na-navsi-skrben.html;5;5;17.179211;49.642501;;
https://www.firmy.cz/detail/13356523-soptik-bar-zlin.html;5;2;17.644923;49.218810;;
https://www.firmy.cz/detail/13668911-hostinec-u-krivanku-sezimovo-usti.html;5;3;14.681289;49.385247;;
https://www.firmy.cz/detail/13120075-hvozdecka-hospoda-hvozdec.html;5;47;16.425264;49.247437;;
https://www.firmy.cz/detail/1691538-hostinec-na-kopecku-velke-brezno-valtirov.html;4.6;3;14.121454;50.672867;;
https://www.firmy.cz/detail/13224609-hostinec-u-bizona-zator.html;4.8;15;17.590195;50.043686;;
https://www.firmy.cz/detail/13484657-hospoda-cernozice-cernozice.html;4.5;3;15.873266;50.318389;;
https://www.firmy.cz/detail/12730878-hostinec-na-navsi-uhelna.html;3.8;5;17.027048;50.365740;;
https://www.firmy.cz/detail/13182781-branicka-hospoda-tehov-tehov.html;4.7;69;14.693498;49.971049;;
https://www.firmy.cz/detail/13108957-hospudka-u-rihu-ceske-budejovice-5.html;2.5;1;14.557062;48.958387;;
https://www.firmy.cz/detail/13543324-valecska-hospoda-valec.html;4.7;2;13.254735;50.174053;;
https://www.firmy.cz/detail/13149227-vladimir-vaigl-valasske-mezirici-hrachovec.html;5;1;18.002837;49.465354;;
https://www.firmy.cz/detail/13730322-hospoda-na-kopecku-olesnice.html;4.5;13;14.704983;48.841208;;
https://www.firmy.cz/detail/13320431-pivnice-spilka-ostrolovsky-ujezd.html;3.7;2;14.600214;48.880671;;
https://www.firmy.cz/detail/12880156-hostinec-na-navsi-skrben.html;5;5;17.179211;49.642501;;
https://www.firmy.cz/detail/13356523-soptik-bar-zlin.html;5;2;17.644923;49.218810;;
https://www.firmy.cz/detail/13668911-hostinec-u-krivanku-sezimovo-usti.html;5;3;14.681289;49.385247;;
https://www.firmy.cz/detail/13120075-hvozdecka-hospoda-hvozdec.html;5;47;16.425264;49.247437;;
https://www.firmy.cz/detail/1691538-hostinec-na-kopecku-velke-brezno-valtirov.html;4.6;3;14.121454;50.672867;;
https://www.firmy.cz/detail/13224609-hostinec-u-bizona-zator.html;4.8;15;17.590195;50.043686;;
https://www.firmy.cz/detail/13484657-hospoda-cernozice-cernozice.html;None;None;15.873266;50.318389;;
https://www.firmy.cz/detail/12730878-hostinec-na-navsi-uhelna.html;3.8;5;17.027048;50.365740;;
https://www.firmy.cz/detail/13182781-branicka-hospoda-tehov-tehov.html;4.7;69;14.693498;49.971049;;
https://www.firmy.cz/detail/13108957-hospudka-u-rihu-ceske-budejovice-5.html;2.5;1;14.557062;48.958387;;
https://www.firmy.cz/detail/13543324-valecska-hospoda-valec.html;4.7;2;13.254735;50.174053;;
https://www.firmy.cz/detail/13149227-vladimir-vaigl-valasske-mezirici-hrachovec.html;5;1;18.002837;49.465354;;
https://www.firmy.cz/detail/13730322-hospoda-na-kopecku-olesnice.html;4.5;13;14.704983;48.841208;;
https://www.firmy.cz/detail/13320431-pivnice-spilka-ostrolovsky-ujezd.html;3.7;2;14.600214;48.880671;;
https://www.firmy.cz/detail/12880156-hostinec-na-navsi-skrben.html;5;5;17.179211;49.642501;;
https://www.firmy.cz/detail/13356523-soptik-bar-zlin.html;5;2;17.644923;49.218810;;
https://www.firmy.cz/detail/13668911-hostinec-u-krivanku-sezimovo-usti.html;5;3;14.681289;49.385247;;
https://www.firmy.cz/detail/13120075-hvozdecka-hospoda-hvozdec.html;5;47;16.425264;49.247437;;
https://www.firmy.cz/detail/1691538-hostinec-na-kopecku-velke-brezno-valtirov.html;4.6;3;14.121454;50.672867;;
https://www.firmy.cz/detail/13224609-hostinec-u-bizona-zator.html;4.8;15;17.590195;50.043686;;
https://www.firmy.cz/detail/13484657-hospoda-cernozice-cernozice.html;4.5;3;15.873266;50.318389;;
https://www.firmy.cz/detail/12730878-hostinec-na-navsi-uhelna.html;3.8;5;17.027048;50.365740;;
https://www.firmy.cz/detail/13182781-branicka-hospoda-tehov-tehov.html;4.7;69;14.693498;49.971049;;
https://www.firmy.cz/detail/13108957-hospudka-u-rihu-ceske-budejovice-5.html;2.5;1;14.557062;48.958387;;
https://www.firmy.cz/detail/13543324-valecska-hospoda-valec.html;4.7;2;13.254735;50.174053;;
https://www.firmy.cz/detail/13149227-vladimir-vaigl-valasske-mezirici-hrachovec.html;5;1;18.002837;49.465354;;
https://www.firmy.cz/detail/13730322-hospoda-na-kopecku-olesnice.html;4.5;13;14.704983;48.841208;;
https://www.firmy.cz/detail/13320431-pivnice-spilka-ostrolovsky-ujezd.html;3.7;2;14.600214;48.880671;;
https://www.firmy.cz/detail/12880156-hostinec-na-navsi-skrben.html;5;5;17.179211;49.642501;;
https://www.firmy.cz/detail/13356523-soptik-bar-zlin.html;5;2;17.644923;49.218810;;
https://www.firmy.cz/detail/13668911-hostinec-u-krivanku-sezimovo-usti.html;5;3;14.681289;49.385247;;
https://www.firmy.cz/detail/13120075-hvozdecka-hospoda-hvozdec.html;5;47;16.425264;49.247437;;
https://www.firmy.cz/detail/1691538-hostinec-na-kopecku-velke-brezno-valtirov.html;4.6;3;14.121454;50.672867;;
https://www.firmy.cz/detail/13224609-hostinec-u-bizona-zator.html;4.8;15;17.590195;50.043686;;
https://www.firmy.cz/detail/13484657-hospoda-cernozice-cernozice.html;4.5;3;15.873266;50.318389;;
https://www.firmy.cz/detail/12730878-hostinec-na-navsi-uhelna.html;3.8;5;17.027048;50.365740;;
https://www.firmy.cz/detail/13182781-branicka-hospoda-tehov-tehov.html;4.6;33;14.693498;49.971049;;
https://www.firmy.cz/detail/13108957-hospudka-u-rihu-ceske-budejovice-5.html;2.5;1;14.557062;48.958387;;
https://www.firmy.cz/detail/13543324-valecska-hospoda-valec.html;4.7;2;13.254735;50.174053;;
https://www.firmy.cz/detail/13149227-vladimir-vaigl-valasske-mezirici-hrachovec.html;5;1;18.002837;49.465354;;
https://www.firmy.cz/detail/13730322-hospoda-na-kopecku-olesnice.html;4.5;13;14.704983;48.841208;;
https://www.firmy.cz/detail/13320431-pivnice-spilka-ostrolovsky-ujezd.html;3.7;2;14.600214;48.880671;;
https://www.firmy.cz/detail/12880156-hostinec-na-navsi-skrben.html;5;5;17.179211;49.642501;;
https://www.firmy.cz/detail/13356523-soptik-bar-zlin.html;5;2;17.644923;49.218810;;
https://www.firmy.cz/detail/13668911-hostinec-u-krivanku-sezimovo-usti.html;5;3;14.681289;49.385247;;
https://www.firmy.cz/detail/13120075-hvozdecka-hospoda-hvozdec.html;5;47;16.425264;49.247437;;
https://www.firmy.cz/detail/1691538-hostinec-na-kopecku-velke-brezno-valtirov.html;4.6;3;14.121454;50.672867;;
https://www.firmy.cz/detail/13224609-hostinec-u-bizona-zator.html;4.8;15;17.590195;50.043686;;
https://www.firmy.cz/detail/13484657-hospoda-cernozice-cernozice.html;4.5;3;15.873266;50.318389;;
https://www.firmy.cz/detail/12730878-hostinec-na-navsi-uhelna.html;3.8;5;17.027048;50.365740;;
https://www.firmy.cz/detail/13182781-branicka-hospoda-tehov-tehov.html;4.7;69;14.693498;49.971049;;
https://www.firmy.cz/detail/13108957-hospudka-u-rihu-ceske-budejovice-5.html;2.5;1;14.557062;48.958387;;
https://www.firmy.cz/detail/13543324-valecska-hospoda-valec.html;4.7;2;13.254735;50.174053;;
https://www.firmy.cz/detail/13381861-bledy-usvit-cesky-tesin.html;4.9;5;18.624935;49.743078;;
https://www.firmy.cz/detail/13829012-hospudka-na-zukalove-rybniku-podoli.html;3.2;4;16.720226;49.194834;;
https://www.firmy.cz/detail/564635-hostinec-fojtik-nedasova-lhota.html;1.8;2;18.080243;49.121732;;
https://www.firmy.cz/detail/13136151-prichovicka-hospudka-korenov-prichovice.html;4.2;40;15.349465;50.741937;;
https://www.firmy.cz/detail/13363508-pivnice-manhattan-moravska-trebova-predmesti.html;2;1;16.660430;49.757487;;
https://www.firmy.cz/detail/13328471-hostinec-na-huse-svaty-mikulas.html;3.9;56;15.348095;49.983866;;
https://www.firmy.cz/detail/13075898-hostinec-na-stare-nucice.html;4.7;18;14.231642;50.016688;;
https://www.firmy.cz/detail/2608649-hospudka-na-terase-strakonice.html;3.4;10;13.886770;49.256749;;
https://www.firmy.cz/detail/13133520-milan-drdla-vojnuv-mestec.html;3.8;18;15.877196;49.679915;;
https://www.firmy.cz/detail/2116301-pivnice-u-chemicky-sokolov.html;3.8;3;12.654765;50.179824;;
https://www.firmy.cz/detail/13519208-hospudka-na-konci-sveta-odry-vitovka.html;4.8;52;17.827147;49.691318;;
https://www.firmy.cz/detail/13470290-hospoda-u-tramvaje-a-saliny-bitovcice.html;4.8;7;15.736510;49.360047;;
https://www.firmy.cz/detail/246116-hostinec-boudy-21-boudy.html;5;3;14.035791;49.449145;;
https://www.firmy.cz/detail/13302309-hasic-pub-iii-opava-predmesti.html;4;None;17.897263;49.939999;;
https://www.firmy.cz/detail/13381861-bledy-usvit-cesky-tesin.html;4.9;5;18.624935;49.743078;;
https://www.firmy.cz/detail/13829012-hospudka-na-zukalove-rybniku-podoli.html;3.2;4;16.720226;49.194834;;
https://www.firmy.cz/detail/564635-hostinec-fojtik-nedasova-lhota.html;1.8;2;18.080243;49.121732;;
https://www.firmy.cz/detail/13136151-prichovicka-hospudka-korenov-prichovice.html;4.2;None;15.349465;50.741937;;
https://www.firmy.cz/detail/13363508-pivnice-manhattan-moravska-trebova-predmesti.html;2;1;16.660430;49.757487;;
https://www.firmy.cz/detail/13009164-hospudka-na-prefe-olomouc-hodolany.html;1;1;17.270958;49.587220;;
https://www.firmy.cz/detail/13730509-hostinec-u-bindru-brno-chrlice.html;4.3;2;16.654659;49.134147;;
https://www.firmy.cz/detail/13245215-pohostinstvi-u-stresnaku-rozsochy.html;4.4;107;16.202119;49.519189;;
https://www.firmy.cz/detail/13078857-hospudka-kamenak-horni-plana.html;4.3;2;14.035763;48.770239;;
https://www.firmy.cz/detail/13066155-hostinec-na-terase-kninice.html;4.9;3;16.696461;49.540416;;
https://www.firmy.cz/detail/13118045-hostinec-u-mamuta-prerov-ii-predmosti.html;4.5;1;17.440600;49.470094;;
https://www.firmy.cz/detail/13212255-smrzovska-hospoda-smrzov.html;4.8;131;14.686412;49.076822;;
https://www.firmy.cz/detail/13110832-stara-hospoda-u-binu-polni-chrcice.html;4.8;3;15.298026;50.109625;;
https://www.firmy.cz/detail/13520768-hospoda-damnov-bor-damnov.html;5;1;12.792466;49.788527;;
https://www.firmy.cz/detail/13733514-hospudka-tri-jednicky-nove-sedlo.html;5;2;13.473048;50.338861;;
https://www.firmy.cz/detail/13152862-areal-na-vode-breclav.html;5;2;16.883334;48.782397;;
https://www.firmy.cz/detail/13302614-hospudka-golf-plzen-radcice.html;5;4;13.329526;49.763883;;
https://www.firmy.cz/detail/13370168-svehluv-dum-karlin.html;4.7;97;16.977903;48.977177;;
https://www.firmy.cz/detail/13745806-cross-bernard-jalubi.html;4.5;19;17.426154;49.119461;;
https://www.firmy.cz/detail/13009164-hospudka-na-prefe-olomouc-hodolany.html;1;1;17.270958;49.587220;;
https://www.firmy.cz/detail/13730509-hostinec-u-bindru-brno-chrlice.html;4.3;2;16.654659;49.134147;;
https://www.firmy.cz/detail/13245215-pohostinstvi-u-stresnaku-rozsochy.html;4.4;107;16.202119;49.519189;;
https://www.firmy.cz/detail/13078857-hospudka-kamenak-horni-plana.html;4.3;2;14.035763;48.770239;;
https://www.firmy.cz/detail/13066155-hostinec-na-terase-kninice.html;4.9;3;16.696461;49.540416;;
https://www.firmy.cz/detail/13118045-hostinec-u-mamuta-prerov-ii-predmosti.html;4.5;1;17.440600;49.470094;;
https://www.firmy.cz/detail/13212255-smrzovska-hospoda-smrzov.html;4.8;131;14.686412;49.076822;;
https://www.firmy.cz/detail/13110832-stara-hospoda-u-binu-polni-chrcice.html;4.8;3;15.298026;50.109625;;
https://www.firmy.cz/detail/13520768-hospoda-damnov-bor-damnov.html;5;1;12.792466;49.788527;;
https://www.firmy.cz/detail/13733514-hospudka-tri-jednicky-nove-sedlo.html;5;2;13.473048;50.338861;;
https://www.firmy.cz/detail/13152862-areal-na-vode-breclav.html;5;2;16.883334;48.782397;;
https://www.firmy.cz/detail/13302614-hospudka-golf-plzen-radcice.html;5;4;13.329526;49.763883;;
https://www.firmy.cz/detail/13370168-svehluv-dum-karlin.html;4.7;97;16.977903;48.977177;;
https://www.firmy.cz/detail/13745806-cross-bernard-jalubi.html;4.5;19;17.426154;49.119461;;
https://www.firmy.cz/detail/13009164-hospudka-na-prefe-olomouc-hodolany.html;1;1;17.270958;49.587220;;
https://www.firmy.cz/detail/13730509-hostinec-u-bindru-brno-chrlice.html;4.3;2;16.654659;49.134147;;
https://www.firmy.cz/detail/13245215-pohostinstvi-u-stresnaku-rozsochy.html;4.4;107;16.202119;49.519189;;
https://www.firmy.cz/detail/13078857-hospudka-kamenak-horni-plana.html;4.3;2;14.035763;48.770239;;
https://www.firmy.cz/detail/13066155-hostinec-na-terase-kninice.html;4.9;3;16.696461;49.540416;;
https://www.firmy.cz/detail/13118045-hostinec-u-mamuta-prerov-ii-predmosti.html;4.5;1;17.440600;49.470094;;
https://www.firmy.cz/detail/13212255-smrzovska-hospoda-smrzov.html;None;None;14.686412;49.076822;;
https://www.firmy.cz/detail/13110832-stara-hospoda-u-binu-polni-chrcice.html;4.8;3;15.298026;50.109625;;
https://www.firmy.cz/detail/13520768-hospoda-damnov-bor-damnov.html;None;None;12.792466;49.788527;;
https://www.firmy.cz/detail/13733514-hospudka-tri-jednicky-nove-sedlo.html;5;2;13.473048;50.338861;;
https://www.firmy.cz/detail/13152862-areal-na-vode-breclav.html;5;2;16.883334;48.782397;;
https://www.firmy.cz/detail/13302614-hospudka-golf-plzen-radcice.html;5;4;13.329526;49.763883;;
https://www.firmy.cz/detail/13370168-svehluv-dum-karlin.html;4.7;97;16.977903;48.977177;;
https://www.firmy.cz/detail/13745806-cross-bernard-jalubi.html;4.5;19;17.426154;49.119461;;
https://www.firmy.cz/detail/13009164-hospudka-na-prefe-olomouc-hodolany.html;1;1;17.270958;49.587220;;
https://www.firmy.cz/detail/13730509-hostinec-u-bindru-brno-chrlice.html;4.3;2;16.654659;49.134147;;
https://www.firmy.cz/detail/13245215-pohostinstvi-u-stresnaku-rozsochy.html;4.4;107;16.202119;49.519189;;
https://www.firmy.cz/detail/13078857-hospudka-kamenak-horni-plana.html;4.3;2;14.035763;48.770239;;
https://www.firmy.cz/detail/13066155-hostinec-na-terase-kninice.html;4.9;3;16.696461;49.540416;;
https://www.firmy.cz/detail/13118045-hostinec-u-mamuta-prerov-ii-predmosti.html;4.5;1;17.440600;49.470094;;
https://www.firmy.cz/detail/13212255-smrzovska-hospoda-smrzov.html;4.8;131;14.686412;49.076822;;
https://www.firmy.cz/detail/13110832-stara-hospoda-u-binu-polni-chrcice.html;4.8;3;15.298026;50.109625;;
https://www.firmy.cz/detail/13520768-hospoda-damnov-bor-damnov.html;5;1;12.792466;49.788527;;
https://www.firmy.cz/detail/13733514-hospudka-tri-jednicky-nove-sedlo.html;None;None;13.473048;50.338861;;
https://www.firmy.cz/detail/13152862-areal-na-vode-breclav.html;5;2;16.883334;48.782397;;
https://www.firmy.cz/detail/13302614-hospudka-golf-plzen-radcice.html;5;4;13.329526;49.763883;;
https://www.firmy.cz/detail/13370168-svehluv-dum-karlin.html;4.7;97;16.977903;48.977177;;
https://www.firmy.cz/detail/13745806-cross-bernard-jalubi.html;4.5;19;17.426154;49.119461;;
https://www.firmy.cz/detail/13009164-hospudka-na-prefe-olomouc-hodolany.html;1;1;17.270958;49.587220;;
https://www.firmy.cz/detail/13730509-hostinec-u-bindru-brno-chrlice.html;4.3;2;16.654659;49.134147;;
https://www.firmy.cz/detail/13245215-pohostinstvi-u-stresnaku-rozsochy.html;4.4;107;16.202119;49.519189;;
https://www.firmy.cz/detail/13078857-hospudka-kamenak-horni-plana.html;4.3;2;14.035763;48.770239;;
https://www.firmy.cz/detail/13066155-hostinec-na-terase-kninice.html;4.9;3;16.696461;49.540416;;
https://www.firmy.cz/detail/13118045-hostinec-u-mamuta-prerov-ii-predmosti.html;4.5;1;17.440600;49.470094;;
https://www.firmy.cz/detail/13212255-smrzovska-hospoda-smrzov.html;4.8;131;14.686412;49.076822;;
https://www.firmy.cz/detail/13110832-stara-hospoda-u-binu-polni-chrcice.html;4.8;3;15.298026;50.109625;;
https://www.firmy.cz/detail/13296434-pivnice-13-chabarovice.html;4.7;2;13.935192;50.672543;;
https://www.firmy.cz/detail/13073119-hospoda-u-bartecka-detmarovice.html;4.7;58;18.468211;49.892537;;
https://www.firmy.cz/detail/1356108-pivnice-cerna-plzen-karlovy-vary.html;4.1;11;12.861881;50.227983;;
https://www.firmy.cz/detail/708325-alfabar-pavlovice-u-prerova.html;4.9;9;17.542239;49.469889;;
https://www.firmy.cz/detail/13551486-hospoda-u-krmelce-krasovice.html;5;2;13.303994;49.872293;;
https://www.firmy.cz/detail/13332686-hospoda-janstejn-horni-dubenky.html;3.8;7;15.321730;49.250160;;
https://www.firmy.cz/detail/1981674-hospoda-ponorka-pardubice-zelene-predmesti.html;4.6;8;15.782023;50.035688;;
https://www.firmy.cz/detail/13832243-hospoda-trnavka-trnavka.html;5;1;15.460589;50.032931;;
https://www.firmy.cz/detail/13490762-hospudka-u-neostichu-praha-smichov.html;4.5;4;14.400114;50.067038;;
https://www.firmy.cz/detail/1954461-pohostinstvi-u-moniky-rosice-brcekoly.html;4.9;33;15.964629;49.935903;;
https://www.firmy.cz/detail/13120742-hostinec-u-spicaku-bystrec.html;4.6;29;16.622047;50.009749;;
https://www.firmy.cz/detail/13137506-hospudka-kolarka-troubky.html;5;2;17.343578;49.431717;;
https://www.firmy.cz/detail/13138249-obecni-hospoda-radetice-radetice.html;4.8;42;14.443142;49.319777;;
https://www.firmy.cz/detail/13178862-hostinec-pod-radcem-lhota-pod-radcem.html;None;None;13.710299;49.827212;;
https://www.firmy.cz/detail/12750530-hospudka-u-pepana-jindrichov.html;4.7;40;17.498554;50.253777;;
https://www.firmy.cz/detail/13109561-hostinec-radcice-plzen-radcice.html;5;2;13.324127;49.763506;;
https://www.firmy.cz/detail/13111136-u-stresne-babice.html;5;1;17.475745;49.120184;;
https://www.firmy.cz/detail/13540969-hospoda-a-ubytovani-u-rybnika-bartousov.html;4.7;63;15.645786;49.579362;;
https://www.firmy.cz/detail/13109515-pohostinstvi-na-osmeku-hvozdna.html;4.9;4;17.756978;49.256877;;
https://www.firmy.cz/detail/13636997-obecni-hostinec-kuks-kuks.html;4.2;62;15.889876;50.400938;;
https://www.firmy.cz/detail/13102530-hostinec-bernartice-bernartice.html;5;2;17.078942;50.389269;;
https://www.firmy.cz/detail/13110274-pohostinstvi-na-rychte-bohuslavice.html;5;1;16.941770;49.826513;;
https://www.firmy.cz/detail/13137836-obecni-hospoda-hlavnice.html;5;10;17.728554;49.924543;;
https://www.firmy.cz/detail/13676912-hospudka-u-posty-smilovice.html;None;None;18.571670;49.661176;;
https://www.firmy.cz/detail/12889301-hospoda-u-dvou-kancu-usti-nad-labem.html;None;None;14.005223;50.690252;;
https://www.firmy.cz/detail/13137506-hospudka-kolarka-troubky.html;5;2;17.343578;49.431717;;
https://www.firmy.cz/detail/13138249-obecni-hospoda-radetice-radetice.html;None;None;14.443142;49.319777;;
https://www.firmy.cz/detail/13178862-hostinec-pod-radcem-lhota-pod-radcem.html;4.8;7;13.710299;49.827212;;
https://www.firmy.cz/detail/12750530-hospudka-u-pepana-jindrichov.html;4.7;40;17.498554;50.253777;;
https://www.firmy.cz/detail/13109561-hostinec-radcice-plzen-radcice.html;None;None;13.324127;49.763506;;
https://www.firmy.cz/detail/13111136-u-stresne-babice.html;5;1;17.475745;49.120184;;
https://www.firmy.cz/detail/13540969-hospoda-a-ubytovani-u-rybnika-bartousov.html;4.7;63;15.645786;49.579362;;
https://www.firmy.cz/detail/13109515-pohostinstvi-na-osmeku-hvozdna.html;4.9;4;17.756978;49.256877;;
https://www.firmy.cz/detail/13636997-obecni-hostinec-kuks-kuks.html;4.2;62;15.889876;50.400938;;
https://www.firmy.cz/detail/13102530-hostinec-bernartice-bernartice.html;None;None;17.078942;50.389269;;
https://www.firmy.cz/detail/13110274-pohostinstvi-na-rychte-bohuslavice.html;5;1;16.941770;49.826513;;
https://www.firmy.cz/detail/13137836-obecni-hospoda-hlavnice.html;5;10;17.728554;49.924543;;
https://www.firmy.cz/detail/13676912-hospudka-u-posty-smilovice.html;5;1;18.571670;49.661176;;
https://www.firmy.cz/detail/12889301-hospoda-u-dvou-kancu-usti-nad-labem.html;4.1;12;14.005223;50.690252;;
https://www.firmy.cz/detail/13137506-hospudka-kolarka-troubky.html;5;2;17.343578;49.431717;;
https://www.firmy.cz/detail/13138249-obecni-hospoda-radetice-radetice.html;None;None;14.443142;49.319777;;
https://www.firmy.cz/detail/13178862-hostinec-pod-radcem-lhota-pod-radcem.html;None;None;13.710299;49.827212;;
https://www.firmy.cz/detail/12750530-hospudka-u-pepana-jindrichov.html;4.7;40;17.498554;50.253777;;
https://www.firmy.cz/detail/13109561-hostinec-radcice-plzen-radcice.html;5;2;13.324127;49.763506;;
https://www.firmy.cz/detail/13111136-u-stresne-babice.html;5;1;17.475745;49.120184;;
https://www.firmy.cz/detail/13540969-hospoda-a-ubytovani-u-rybnika-bartousov.html;None;None;15.645786;49.579362;;
https://www.firmy.cz/detail/13109515-pohostinstvi-na-osmeku-hvozdna.html;None;None;17.756978;49.256877;;
https://www.firmy.cz/detail/13636997-obecni-hostinec-kuks-kuks.html;4.2;62;15.889876;50.400938;;
https://www.firmy.cz/detail/13102530-hostinec-bernartice-bernartice.html;5;2;17.078942;50.389269;;
https://www.firmy.cz/detail/13110274-pohostinstvi-na-rychte-bohuslavice.html;5;1;16.941770;49.826513;;
https://www.firmy.cz/detail/13137836-obecni-hospoda-hlavnice.html;5;10;17.728554;49.924543;;
https://www.firmy.cz/detail/13676912-hospudka-u-posty-smilovice.html;5;1;18.571670;49.661176;;
https://www.firmy.cz/detail/12889301-hospoda-u-dvou-kancu-usti-nad-labem.html;4.1;None;14.005223;50.690252;;
https://www.firmy.cz/detail/13137506-hospudka-kolarka-troubky.html;5;2;17.343578;49.431717;;
https://www.firmy.cz/detail/13138249-obecni-hospoda-radetice-radetice.html;4.8;42;14.443142;49.319777;;
https://www.firmy.cz/detail/13178862-hostinec-pod-radcem-lhota-pod-radcem.html;4.8;None;13.710299;49.827212;;
https://www.firmy.cz/detail/12750530-hospudka-u-pepana-jindrichov.html;4.7;40;17.498554;50.253777;;
https://www.firmy.cz/detail/13111136-u-stresne-babice.html;5;1;17.475745;49.120184;;
https://www.firmy.cz/detail/13540969-hospoda-a-ubytovani-u-rybnika-bartousov.html;4.7;47;15.645786;49.579362;;
https://www.firmy.cz/detail/13109515-pohostinstvi-na-osmeku-hvozdna.html;4.9;4;17.756978;49.256877;;
https://www.firmy.cz/detail/13636997-obecni-hostinec-kuks-kuks.html;4.2;62;15.889876;50.400938;;
https://www.firmy.cz/detail/13102530-hostinec-bernartice-bernartice.html;5;2;17.078942;50.389269;;
https://www.firmy.cz/detail/13110274-pohostinstvi-na-rychte-bohuslavice.html;None;None;16.941770;49.826513;;
https://www.firmy.cz/detail/13137836-obecni-hospoda-hlavnice.html;5;10;17.728554;49.924543;;
https://www.firmy.cz/detail/13676912-hospudka-u-posty-smilovice.html;5;1;18.571670;49.661176;;
https://www.firmy.cz/detail/12889301-hospoda-u-dvou-kancu-usti-nad-labem.html;4.1;12;14.005223;50.690252;;
https://www.firmy.cz/detail/13137506-hospudka-kolarka-troubky.html;5;2;17.343578;49.431717;;
https://www.firmy.cz/detail/13138249-obecni-hospoda-radetice-radetice.html;4.8;42;14.443142;49.319777;;
https://www.firmy.cz/detail/13178862-hostinec-pod-radcem-lhota-pod-radcem.html;4.8;7;13.710299;49.827212;;
https://www.firmy.cz/detail/12750530-hospudka-u-pepana-jindrichov.html;4.7;40;17.498554;50.253777;;
https://www.firmy.cz/detail/13109561-hostinec-radcice-plzen-radcice.html;5;2;13.324127;49.763506;;
https://www.firmy.cz/detail/13111136-u-stresne-babice.html;5;1;17.475745;49.120184;;
https://www.firmy.cz/detail/13540969-hospoda-a-ubytovani-u-rybnika-bartousov.html;4.7;63;15.645786;49.579362;;
https://www.firmy.cz/detail/13109515-pohostinstvi-na-osmeku-hvozdna.html;4.9;4;17.756978;49.256877;;
https://www.firmy.cz/detail/13636997-obecni-hostinec-kuks-kuks.html;4.2;62;15.889876;50.400938;;
https://www.firmy.cz/detail/13102530-hostinec-bernartice-bernartice.html;5;2;17.078942;50.389269;;
https://www.firmy.cz/detail/13110274-pohostinstvi-na-rychte-bohuslavice.html;5;1;16.941770;49.826513;;
https://www.firmy.cz/detail/13137836-obecni-hospoda-hlavnice.html;5;10;17.728554;49.924543;;
https://www.firmy.cz/detail/13676912-hospudka-u-posty-smilovice.html;5;1;18.571670;49.661176;;
https://www.firmy.cz/detail/12889301-hospoda-u-dvou-kancu-usti-nad-labem.html;4.1;12;14.005223;50.690252;;
https://www.firmy.cz/detail/13137506-hospudka-kolarka-troubky.html;5;2;17.343578;49.431717;;
https://www.firmy.cz/detail/13138249-obecni-hospoda-radetice-radetice.html;4.7;98;14.443142;49.319777;;
https://www.firmy.cz/detail/13178862-hostinec-pod-radcem-lhota-pod-radcem.html;4.8;7;13.710299;49.827212;;
https://www.firmy.cz/detail/12750530-hospudka-u-pepana-jindrichov.html;4.7;40;17.498554;50.253777;;
https://www.firmy.cz/detail/13109561-hostinec-radcice-plzen-radcice.html;5;2;13.324127;49.763506;;
https://www.firmy.cz/detail/13111136-u-stresne-babice.html;5;1;17.475745;49.120184;;
https://www.firmy.cz/detail/13540969-hospoda-a-ubytovani-u-rybnika-bartousov.html;4.7;63;15.645786;49.579362;;
https://www.firmy.cz/detail/13109515-pohostinstvi-na-osmeku-hvozdna.html;4.9;4;17.756978;49.256877;;
https://www.firmy.cz/detail/13636997-obecni-hostinec-kuks-kuks.html;4.2;62;15.889876;50.400938;;
https://www.firmy.cz/detail/13102530-hostinec-bernartice-bernartice.html;5;2;17.078942;50.389269;;
https://www.firmy.cz/detail/13110274-pohostinstvi-na-rychte-bohuslavice.html;5;1;16.941770;49.826513;;
https://www.firmy.cz/detail/13137836-obecni-hospoda-hlavnice.html;5;10;17.728554;49.924543;;
https://www.firmy.cz/detail/13676912-hospudka-u-posty-smilovice.html;5;1;18.571670;49.661176;;
https://www.firmy.cz/detail/12889301-hospoda-u-dvou-kancu-usti-nad-labem.html;4.1;12;14.005223;50.690252;;
https://www.firmy.cz/detail/13137506-hospudka-kolarka-troubky.html;5;2;17.343578;49.431717;;
https://www.firmy.cz/detail/13138249-obecni-hospoda-radetice-radetice.html;4.8;42;14.443142;49.319777;;
https://www.firmy.cz/detail/13178862-hostinec-pod-radcem-lhota-pod-radcem.html;4.8;7;13.710299;49.827212;;
https://www.firmy.cz/detail/12750530-hospudka-u-pepana-jindrichov.html;4.7;40;17.498554;50.253777;;
https://www.firmy.cz/detail/13109561-hostinec-radcice-plzen-radcice.html;5;2;13.324127;49.763506;;
https://www.firmy.cz/detail/13111136-u-stresne-babice.html;5;1;17.475745;49.120184;;
https://www.firmy.cz/detail/13109515-pohostinstvi-na-osmeku-hvozdna.html;4.9;4;17.756978;49.256877;;
https://www.firmy.cz/detail/13636997-obecni-hostinec-kuks-kuks.html;4.2;62;15.889876;50.400938;;
https://www.firmy.cz/detail/13108837-hospoda-u-vase-nasedlovice.html;5;1;16.957101;49.011581;;
https://www.firmy.cz/detail/13492373-hospudka-na-hristi-dobroviz.html;5;8;14.221686;50.114140;;
https://www.firmy.cz/detail/13111021-hospoda-na-statku-havirov-dolni-datyne.html;4.6;16;18.418668;49.758943;;
https://www.firmy.cz/detail/611560-pohostinstvi-u-potapece-kysice.html;4.7;34;14.107447;50.091224;;
https://www.firmy.cz/detail/12979439-hospoda-u-magery-kanovice.html;3.1;3;18.374998;49.739686;;
https://www.firmy.cz/detail/2616177-hospudka-za-peci-sedlec-prcice-veletin.html;4.6;34;14.475708;49.553919;;
https://www.firmy.cz/detail/13365362-hospoda-u-kubiku-hronov-velky-drevic.html;4.8;24;16.182918;50.496702;;
https://www.firmy.cz/detail/13261528-hostinec-na-kopecku-podhradi-nad-dyji.html;4.6;47;15.688410;48.900661;;
https://www.firmy.cz/detail/13120924-hospoda-v-zatacce-opatov-opatov.html;4.2;2;16.504452;49.822864;;
https://www.firmy.cz/detail/13368480-hospoda-u-menclu-bzova.html;5;4;13.860938;49.899007;;
https://www.firmy.cz/detail/13108806-obecni-hostinec-sendrazice-sendrazice.html;5;1;15.792173;50.292473;;
https://www.firmy.cz/detail/13546468-obecni-hospoda-pocinovice-pocinovice.html;4.7;46;13.133005;49.342861;;
https://www.firmy.cz/detail/13111551-u-kobylaka-ujezdecek.html;4.5;1;13.790938;50.646541;;
https://www.firmy.cz/detail/13552128-hospoda-na-hristi-jarcova.html;4.5;2;17.967819;49.440371;;
https://www.firmy.cz/detail/13108837-hospoda-u-vase-nasedlovice.html;5;1;16.957101;49.011581;;
https://www.firmy.cz/detail/13492373-hospudka-na-hristi-dobroviz.html;5;8;14.221686;50.114140;;
https://www.firmy.cz/detail/13111021-hospoda-na-statku-havirov-dolni-datyne.html;4.6;16;18.418668;49.758943;;
https://www.firmy.cz/detail/13124006-hospudka-u-kudeje-olomouc-nova-ulice.html;4.7;21;17.243661;49.593278;;
https://www.firmy.cz/detail/13911700-hostinec-chorusice-chorusice.html;4.8;51;14.671677;50.391031;;
https://www.firmy.cz/detail/12885686-mexiko-vysoke-nad-jizerou-sklenarice.html;4.1;19;15.386420;50.702926;;
https://www.firmy.cz/detail/13111605-hospoda-u-vasila-cervene-pecky-bohounovice-i.html;4.7;20;15.180975;49.977056;;
https://www.firmy.cz/detail/13133900-hospoda-na-hristi-vsetin.html;4.4;2;17.998193;49.336957;;
https://www.firmy.cz/detail/13115463-hospoda-v-kulturnim-dome-kyskovice.html;4.7;113;14.285354;50.447728;;
https://www.firmy.cz/detail/13632707-hospoda-artex-spindleruv-mlyn-bedrichov.html;4.8;81;15.594736;50.725496;;
https://www.firmy.cz/detail/13508274-pivnice-u-tri-karafiatu-teplice.html;5;4;13.837788;50.640174;;
https://www.firmy.cz/detail/13112077-hospoda-vlci-habrina-vlci-habrina.html;4.7;51;15.592478;50.084812;;
https://www.firmy.cz/detail/13891699-hospudka-u-sklenaru-bystrovany.html;5;1;17.322353;49.595223;;
https://www.firmy.cz/detail/13491068-hospoda-na-hristi-ostra.html;4.9;9;14.894202;50.184504;;
https://www.firmy.cz/detail/2310875-hospoda-u-kreutzeru-drysice.html;3.7;3;17.057669;49.334942;;
https://www.firmy.cz/detail/2099947-hostinec-u-jeni-buk.html;5;1;13.844317;49.038699;;
https://www.firmy.cz/detail/13215691-hostinec-zlata-hvezda-zdarek.html;4.7;109;15.111190;50.635138;;
https://www.firmy.cz/detail/13744906-stare-zatisi-praha-bubenec.html;4.8;2;14.398264;50.103235;;
https://www.firmy.cz/detail/13449623-hospoda-peklo-lipova-palic.html;5;7;12.480132;50.010002;;
https://www.firmy.cz/detail/2350393-zajezdni-hostinec-kamen-kamen.html;4.5;40;15.519657;49.711599;;
https://www.firmy.cz/detail/13109770-hospudka-u-certa-teplice-trnovany.html;4.8;2;13.838822;50.656882;;
https://www.firmy.cz/detail/13262578-hospoda-u-chlumcaka-jemniky.html;5;1;14.117615;50.206036;;
https://www.firmy.cz/detail/1983739-hostinec-u-malinaku-ujezd.html;5;1;17.906162;49.169062;;
https://www.firmy.cz/detail/13088179-chlumecka-pivnice-chlumec-nad-cidlinou-i.html;3.4;2;15.459224;50.154658;;
https://www.firmy.cz/detail/13217693-hospudka-pod-kastany-velke-zernoseky.html;None;None;14.063792;50.538828;;
https://www.firmy.cz/detail/13849460-hruskovna-kutna-hora-zizkov.html;None;None;15.262406;49.952483;;
https://www.firmy.cz/detail/13083817-hospudka-u-irenky-semice.html;None;None;14.875299;50.164375;;
https://www.firmy.cz/detail/13120634-hostinec-new-fitness-dubne-krenovice.html;None;None;14.359148;48.986151;;
https://www.firmy.cz/detail/13394125-hospoda-u-zbrojnice-laskov.html;None;None;17.001543;49.583585;;
https://www.firmy.cz/detail/13488056-hospoda-na-podhaji-modrisice.html;None;None;15.125462;50.565147;;
https://www.firmy.cz/detail/13120218-obecni-hostinec-nikolcice-nikolcice.html;None;None;16.753570;48.995791;;
https://www.firmy.cz/detail/13744906-stare-zatisi-praha-bubenec.html;None;None;14.398264;50.103235;;
https://www.firmy.cz/detail/13449623-hospoda-peklo-lipova-palic.html;None;None;12.480132;50.010002;;
https://www.firmy.cz/detail/2350393-zajezdni-hostinec-kamen-kamen.html;4.5;40;15.519657;49.711599;;
https://www.firmy.cz/detail/13109770-hospudka-u-certa-teplice-trnovany.html;4.8;2;13.838822;50.656882;;
https://www.firmy.cz/detail/13262578-hospoda-u-chlumcaka-jemniky.html;5;1;14.117615;50.206036;;
https://www.firmy.cz/detail/1983739-hostinec-u-malinaku-ujezd.html;5;1;17.906162;49.169062;;
https://www.firmy.cz/detail/13088179-chlumecka-pivnice-chlumec-nad-cidlinou-i.html;3.4;2;15.459224;50.154658;;
https://www.firmy.cz/detail/13217693-hospudka-pod-kastany-velke-zernoseky.html;4.9;37;14.063792;50.538828;;
https://www.firmy.cz/detail/13849460-hruskovna-kutna-hora-zizkov.html;5;3;15.262406;49.952483;;
https://www.firmy.cz/detail/13083817-hospudka-u-irenky-semice.html;4.9;4;14.875299;50.164375;;
https://www.firmy.cz/detail/13120634-hostinec-new-fitness-dubne-krenovice.html;4.1;9;14.359148;48.986151;;
https://www.firmy.cz/detail/13394125-hospoda-u-zbrojnice-laskov.html;4.6;3;17.001543;49.583585;;
https://www.firmy.cz/detail/13488056-hospoda-na-podhaji-modrisice.html;5;1;15.125462;50.565147;;
https://www.firmy.cz/detail/13120218-obecni-hostinec-nikolcice-nikolcice.html;None;None;16.753570;48.995791;;
https://www.firmy.cz/detail/13744906-stare-zatisi-praha-bubenec.html;4.8;2;14.398264;50.103235;;
https://www.firmy.cz/detail/13449623-hospoda-peklo-lipova-palic.html;5;7;12.480132;50.010002;;
https://www.firmy.cz/detail/2350393-zajezdni-hostinec-kamen-kamen.html;4.5;40;15.519657;49.711599;;
https://www.firmy.cz/detail/13109770-hospudka-u-certa-teplice-trnovany.html;4.8;2;13.838822;50.656882;;
https://www.firmy.cz/detail/13262578-hospoda-u-chlumcaka-jemniky.html;5;1;14.117615;50.206036;;
https://www.firmy.cz/detail/1983739-hostinec-u-malinaku-ujezd.html;5;1;17.906162;49.169062;;
https://www.firmy.cz/detail/13088179-chlumecka-pivnice-chlumec-nad-cidlinou-i.html;3.4;2;15.459224;50.154658;;
https://www.firmy.cz/detail/13217693-hospudka-pod-kastany-velke-zernoseky.html;None;None;14.063792;50.538828;;
https://www.firmy.cz/detail/13849460-hruskovna-kutna-hora-zizkov.html;5;3;15.262406;49.952483;;
https://www.firmy.cz/detail/13083817-hospudka-u-irenky-semice.html;4.9;4;14.875299;50.164375;;
https://www.firmy.cz/detail/13120634-hostinec-new-fitness-dubne-krenovice.html;4.1;9;14.359148;48.986151;;
https://www.firmy.cz/detail/13394125-hospoda-u-zbrojnice-laskov.html;4.6;3;17.001543;49.583585;;
https://www.firmy.cz/detail/13488056-hospoda-na-podhaji-modrisice.html;5;1;15.125462;50.565147;;
https://www.firmy.cz/detail/13109916-hospudka-u-vildy-pasinka.html;4.6;13;15.189503;49.995902;;
https://www.firmy.cz/detail/12822663-pivnice-u-mrtvoly-svitavy-predmesti.html;5;4;16.476264;49.755786;;
https://www.firmy.cz/detail/13678847-pivnice-u-vousatyho-pulitru-ceske-budejovice-1.html;4.2;30;14.472640;48.972812;;
https://www.firmy.cz/detail/13185438-crazy-club-pracka-trinec.html;3.3;2;18.674784;49.666265;;
https://www.firmy.cz/detail/13111020-hospoda-u-klimesu-brno-bystrc.html;4.2;15;16.535034;49.220990;;
https://www.firmy.cz/detail/13140055-pohostinstvi-pod-kastany-radslavice.html;3.3;2;17.521756;49.477306;;
https://www.firmy.cz/detail/13118977-u-jestraba-jestrebi.html;4.9;42;16.865970;49.852940;;
https://www.firmy.cz/detail/13146314-telocvicna-jednota-sokol-benesov-benesov.html;4.7;4;16.770234;49.509864;;
https://www.firmy.cz/detail/13671422-slavecska-hospoda-slavce.html;4;1;14.614593;48.798141;;
https://www.firmy.cz/detail/13203963-hospoda-kd-zdarky-zdarky.html;5;10;16.229123;50.467187;;
https://www.firmy.cz/detail/12982896-u-kulate-baby-tyniste-nad-orlici.html;4.2;17;16.066259;50.150084;;
https://www.firmy.cz/detail/270524-hospoda-u-maxe-pardubice-studanka.html;4.6;5;15.807927;50.042661;;
https://www.firmy.cz/detail/13122800-hospoda-na-stare-poste-okrouhlice.html;4.1;27;15.490749;49.629786;;
https://www.firmy.cz/detail/13145208-svec-sport-klub-zlin.html;5;1;17.668710;49.231265;;
https://www.firmy.cz/detail/13109916-hospudka-u-vildy-pasinka.html;4.6;13;15.189503;49.995902;;
https://www.firmy.cz/detail/12822663-pivnice-u-mrtvoly-svitavy-predmesti.html;5;4;16.476264;49.755786;;
https://www.firmy.cz/detail/13678847-pivnice-u-vousatyho-pulitru-ceske-budejovice-1.html;4.2;30;14.472640;48.972812;;
https://www.firmy.cz/detail/13185438-crazy-club-pracka-trinec.html;3.3;2;18.674784;49.666265;;
https://www.firmy.cz/detail/13111020-hospoda-u-klimesu-brno-bystrc.html;4.2;15;16.535034;49.220990;;
https://www.firmy.cz/detail/13140055-pohostinstvi-pod-kastany-radslavice.html;3.3;2;17.521756;49.477306;;
https://www.firmy.cz/detail/13118977-u-jestraba-jestrebi.html;4.9;42;16.865970;49.852940;;
https://www.firmy.cz/detail/13146314-telocvicna-jednota-sokol-benesov-benesov.html;4.9;31;16.770234;49.509864;;
https://www.firmy.cz/detail/13671422-slavecska-hospoda-slavce.html;4;1;14.614593;48.798141;;
https://www.firmy.cz/detail/13203963-hospoda-kd-zdarky-zdarky.html;5;10;16.229123;50.467187;;
https://www.firmy.cz/detail/12982896-u-kulate-baby-tyniste-nad-orlici.html;4.2;17;16.066259;50.150084;;
https://www.firmy.cz/detail/270524-hospoda-u-maxe-pardubice-studanka.html;4.6;5;15.807927;50.042661;;
https://www.firmy.cz/detail/13122800-hospoda-na-stare-poste-okrouhlice.html;4.1;27;15.490749;49.629786;;
https://www.firmy.cz/detail/13145208-svec-sport-klub-zlin.html;5;1;17.668710;49.231265;;
https://www.firmy.cz/detail/13109916-hospudka-u-vildy-pasinka.html;4.6;13;15.189503;49.995902;;
https://www.firmy.cz/detail/12822663-pivnice-u-mrtvoly-svitavy-predmesti.html;5;4;16.476264;49.755786;;
https://www.firmy.cz/detail/13678847-pivnice-u-vousatyho-pulitru-ceske-budejovice-1.html;4.2;30;14.472640;48.972812;;
https://www.firmy.cz/detail/13185438-crazy-club-pracka-trinec.html;3.3;2;18.674784;49.666265;;
https://www.firmy.cz/detail/13111020-hospoda-u-klimesu-brno-bystrc.html;4.2;15;16.535034;49.220990;;
https://www.firmy.cz/detail/13140055-pohostinstvi-pod-kastany-radslavice.html;3.3;2;17.521756;49.477306;;
https://www.firmy.cz/detail/13118977-u-jestraba-jestrebi.html;4.9;42;16.865970;49.852940;;
https://www.firmy.cz/detail/13146314-telocvicna-jednota-sokol-benesov-benesov.html;4.7;4;16.770234;49.509864;;
https://www.firmy.cz/detail/13671422-slavecska-hospoda-slavce.html;4.7;148;14.614593;48.798141;;
https://www.firmy.cz/detail/13203963-hospoda-kd-zdarky-zdarky.html;5;10;16.229123;50.467187;;
https://www.firmy.cz/detail/12982896-u-kulate-baby-tyniste-nad-orlici.html;4.2;17;16.066259;50.150084;;
https://www.firmy.cz/detail/270524-hospoda-u-maxe-pardubice-studanka.html;4.6;5;15.807927;50.042661;;
https://www.firmy.cz/detail/13133747-hospudka-u-bukanyra-pardubice-zelene-predmesti.html;4.4;3;15.775476;50.017925;;
https://www.firmy.cz/detail/1346663-hostinec-na-hurce-ostrava-vyskovice.html;4.8;2;18.224033;49.780968;;
https://www.firmy.cz/detail/274286-hospudka-u-bagaru-skalicka.html;4.7;21;17.796023;49.515209;;
https://www.firmy.cz/detail/13109598-sklenarova-stodola-trsice.html;4.6;11;17.429362;49.542099;;
https://www.firmy.cz/detail/2387170-hostinec-u-kmonicku-labske-chrcice.html;4.7;28;15.410838;50.047874;;
https://www.firmy.cz/detail/13115429-bar-fenix-most.html;4.7;3;13.657319;50.496470;;
https://www.firmy.cz/detail/13087790-hospudka-ve-stodole-zabestni-lhota.html;4.6;42;17.425336;49.516908;;
https://www.firmy.cz/detail/13116939-hospudka-na-hristi-drmoul.html;4.8;4;12.670977;49.942807;;
https://www.firmy.cz/detail/2469930-hostinec-lipenka-lipi.html;4.2;6;14.352392;48.948348;;
https://www.firmy.cz/detail/13776548-hospudka-pod-kvetnici-tisnov.html;1.7;2;16.423193;49.355314;;
https://www.firmy.cz/detail/13116690-hostinec-na-svobode-hnevnice.html;5;4;13.102464;49.728512;;
https://www.firmy.cz/detail/13003545-hostinec-u-velicku-malenovice.html;4.7;115;18.415539;49.563916;;
https://www.firmy.cz/detail/12887389-pohostinstvi-pod-lipou-dobra-voda-u-horic.html;5;3;15.608066;50.354019;;
https://www.firmy.cz/detail/12844770-xxl-pub-louny.html;2.4;3;13.805914;50.357542;;
https://www.firmy.cz/detail/13133747-hospudka-u-bukanyra-pardubice-zelene-predmesti.html;4.4;3;15.775476;50.017925;;
https://www.firmy.cz/detail/1346663-hostinec-na-hurce-ostrava-vyskovice.html;4.8;2;18.224033;49.780968;;
https://www.firmy.cz/detail/274286-hospudka-u-bagaru-skalicka.html;None;None;17.796023;49.515209;;
https://www.firmy.cz/detail/13109598-sklenarova-stodola-trsice.html;4.6;11;17.429362;49.542099;;
https://www.firmy.cz/detail/2387170-hostinec-u-kmonicku-labske-chrcice.html;4.7;28;15.410838;50.047874;;
https://www.firmy.cz/detail/13115429-bar-fenix-most.html;4.7;3;13.657319;50.496470;;
https://www.firmy.cz/detail/13116939-hospudka-na-hristi-drmoul.html;None;None;12.670977;49.942807;;
https://www.firmy.cz/detail/2469930-hostinec-lipenka-lipi.html;None;None;14.352392;48.948348;;
https://www.firmy.cz/detail/13776548-hospudka-pod-kvetnici-tisnov.html;None;None;16.423193;49.355314;;
https://www.firmy.cz/detail/13116690-hostinec-na-svobode-hnevnice.html;None;None;13.102464;49.728512;;
https://www.firmy.cz/detail/13003545-hostinec-u-velicku-malenovice.html;4.7;115;18.415539;49.563916;;
https://www.firmy.cz/detail/12844770-xxl-pub-louny.html;2.4;3;13.805914;50.357542;;
https://www.firmy.cz/detail/13113111-marie-benesova-stochov.html;5;2;13.956355;50.147649;;
https://www.firmy.cz/detail/13500318-hospoda-hrad-kromeriz.html;4.7;8;17.414401;49.296021;;
https://www.firmy.cz/detail/13359991-hospoda-u-lomu-brno.html;4.8;5;16.689812;49.219437;;
https://www.firmy.cz/detail/13114389-kiosek-na-hristi-destna.html;3.5;1;14.920357;49.265357;;
https://www.firmy.cz/detail/13496660-hospoda-mlyn-prusanky.html;4.7;97;16.971576;48.831955;;
https://www.firmy.cz/detail/13139044-jiri-jandik-slatinany.html;None;None;15.805775;49.919159;;
https://www.firmy.cz/detail/13557066-hostinec-na-stare-lubomira-kincla-drinov.html;4.6;5;14.395745;50.274179;;
https://www.firmy.cz/detail/13371257-obecni-hospoda-chodoun-chodoun.html;4.5;1;13.984717;49.897845;;
https://www.firmy.cz/detail/13474007-pivnice-u-tygra-brno-cerna-pole.html;5;9;16.611728;49.204698;;
https://www.firmy.cz/detail/13658042-hospoda-u-noziku-kd-nekor-nekor.html;5;1;16.545452;50.061561;;
https://www.firmy.cz/detail/13642580-srbicka-krcma-srbice.html;5;13;13.869514;50.660696;;
https://www.firmy.cz/detail/12913831-krkonosska-hospudka-praha-dejvice.html;4.9;26;14.406486;50.098309;;
https://www.firmy.cz/detail/13118749-u-milusky-havran-moraveves.html;4.9;11;13.611748;50.424323;;
https://www.firmy.cz/detail/13110534-misovicka-hospudka-hosteradice-misovice.html;5;1;16.262097;48.961130;;
https://www.firmy.cz/detail/13113111-marie-benesova-stochov.html;5;2;13.956355;50.147649;;
https://www.firmy.cz/detail/13500318-hospoda-hrad-kromeriz.html;4.7;8;17.414401;49.296021;;
https://www.firmy.cz/detail/13359991-hospoda-u-lomu-brno.html;4.8;5;16.689812;49.219437;;
https://www.firmy.cz/detail/13114389-kiosek-na-hristi-destna.html;3.5;1;14.920357;49.265357;;
https://www.firmy.cz/detail/13139044-jiri-jandik-slatinany.html;None;None;15.805775;49.919159;;
https://www.firmy.cz/detail/13557066-hostinec-na-stare-lubomira-kincla-drinov.html;4.6;5;14.395745;50.274179;;
https://www.firmy.cz/detail/13371257-obecni-hospoda-chodoun-chodoun.html;4.5;1;13.984717;49.897845;;
https://www.firmy.cz/detail/13474007-pivnice-u-tygra-brno-cerna-pole.html;5;9;16.611728;49.204698;;
https://www.firmy.cz/detail/13658042-hospoda-u-noziku-kd-nekor-nekor.html;5;1;16.545452;50.061561;;
https://www.firmy.cz/detail/13642580-srbicka-krcma-srbice.html;5;13;13.869514;50.660696;;
https://www.firmy.cz/detail/12913831-krkonosska-hospudka-praha-dejvice.html;4.9;None;14.406486;50.098309;;
https://www.firmy.cz/detail/13118749-u-milusky-havran-moraveves.html;4.6;62;13.611748;50.424323;;
https://www.firmy.cz/detail/13110534-misovicka-hospudka-hosteradice-misovice.html;5;1;16.262097;48.961130;;
https://www.firmy.cz/detail/13113111-marie-benesova-stochov.html;5;2;13.956355;50.147649;;
https://www.firmy.cz/detail/13500318-hospoda-hrad-kromeriz.html;4.7;8;17.414401;49.296021;;
https://www.firmy.cz/detail/13359991-hospoda-u-lomu-brno.html;4.8;5;16.689812;49.219437;;
https://www.firmy.cz/detail/13114389-kiosek-na-hristi-destna.html;3.5;1;14.920357;49.265357;;
https://www.firmy.cz/detail/13496660-hospoda-mlyn-prusanky.html;4.7;97;16.971576;48.831955;;
https://www.firmy.cz/detail/13139044-jiri-jandik-slatinany.html;4.6;17;15.805775;49.919159;;
https://www.firmy.cz/detail/13557066-hostinec-na-stare-lubomira-kincla-drinov.html;4.6;5;14.395745;50.274179;;
https://www.firmy.cz/detail/13371257-obecni-hospoda-chodoun-chodoun.html;4.5;1;13.984717;49.897845;;
https://www.firmy.cz/detail/13474007-pivnice-u-tygra-brno-cerna-pole.html;5;9;16.611728;49.204698;;
https://www.firmy.cz/detail/13658042-hospoda-u-noziku-kd-nekor-nekor.html;5;1;16.545452;50.061561;;
https://www.firmy.cz/detail/13642580-srbicka-krcma-srbice.html;5;13;13.869514;50.660696;;
https://www.firmy.cz/detail/12913831-krkonosska-hospudka-praha-dejvice.html;None;None;14.406486;50.098309;;
https://www.firmy.cz/detail/13118749-u-milusky-havran-moraveves.html;4.9;11;13.611748;50.424323;;
https://www.firmy.cz/detail/13110534-misovicka-hospudka-hosteradice-misovice.html;5;1;16.262097;48.961130;;
https://www.firmy.cz/detail/13601497-hospudka-u-kostela-pernink.html;None;None;12.784275;50.366296;;
https://www.firmy.cz/detail/13630916-hostinec-fortuna-usti-nad-labem.html;None;None;14.039179;50.659313;;
https://www.firmy.cz/detail/13136441-jiri-priadka-sokolov.html;None;None;12.641159;50.179810;;
https://www.firmy.cz/detail/13816595-hospudka-vchynice-vchynice.html;4.5;1;14.018614;50.510153;;
https://www.firmy.cz/detail/13095802-klub-moo-kladno.html;5;1;14.104638;50.146281;;
https://www.firmy.cz/detail/13139551-pohostinstvi-dobelice-dobelice.html;5;18;16.278797;49.017298;;
https://www.firmy.cz/detail/2235236-pivnice-platan-pisek-prazske-predmesti.html;4.8;4;14.143182;49.312856;;
https://www.firmy.cz/detail/13108582-bistro-u-podkovy-kraluv-dvur.html;5;1;14.035858;49.948608;;
https://www.firmy.cz/detail/13119955-u-kalichu-starovicky.html;4.9;3;16.774970;48.906141;;
https://www.firmy.cz/detail/13133745-hodpoda-u-polamane-branky-straznice.html;4;3;17.308104;48.897418;;
https://www.firmy.cz/detail/13108271-lokomotiva-vrsovice-praha-vrsovice.html;None;None;14.455999;50.064302;;
https://www.firmy.cz/detail/13111150-obecni-hostinec-bravantice.html;5;1;18.083815;49.755511;;
https://www.firmy.cz/detail/13399003-hospoda-pod-hrazi-temelin-lhota-pod-horami.html;5;1;14.319426;49.182687;;
https://www.firmy.cz/detail/13113551-zdarska-hospoda-zdar.html;4.8;2;14.227239;49.232893;;
https://www.firmy.cz/detail/13114956-mc-houba-horazdovice.html;3.3;2;13.691638;49.324241;;
https://www.firmy.cz/detail/13265789-hospoda-v-dedine-milikov.html;5;1;18.721622;49.584616;;
https://www.firmy.cz/detail/13012221-na-hristi-nespeky.html;5;2;14.664073;49.856538;;
https://www.firmy.cz/detail/13879072-milavecska-hospudka-u-kamila-milavce.html;4.7;46;12.984042;49.465670;;
https://www.firmy.cz/detail/13079934-hospudka-u-reznika-chlum-u-trebone.html;3.6;2;14.925876;48.961466;;
https://www.firmy.cz/detail/13374634-hospudka-u-lipy-opolany-kanin.html;4.3;2;15.202106;50.123239;;
https://www.firmy.cz/detail/13143210-hospudka-u-prechodu-fulnek.html;5;1;17.902646;49.712026;;
https://www.firmy.cz/detail/298643-hostinec-na-rynku-dolni-benesov.html;4.7;5;18.114762;49.919004;;
https://www.firmy.cz/detail/13112164-u-nas-breznik.html;4.8;46;16.198315;49.174724;;
https://www.firmy.cz/detail/13118544-hospoda-u-slezacku-uherske-hradiste-mikovice.html;5;13;17.504275;49.037838;;
https://www.firmy.cz/detail/13302929-hospudka-na-konirne-budisov-nad-budisovkou.html;4.5;18;17.622010;49.793823;;
https://www.firmy.cz/detail/13374759-hospudka-jiricka-humpolec.html;4.5;6;15.350403;49.546097;;
https://www.firmy.cz/detail/13113551-zdarska-hospoda-zdar.html;4.8;2;14.227239;49.232893;;
https://www.firmy.cz/detail/13114956-mc-houba-horazdovice.html;3.3;2;13.691638;49.324241;;
https://www.firmy.cz/detail/13265789-hospoda-v-dedine-milikov.html;5;1;18.721622;49.584616;;
https://www.firmy.cz/detail/13012221-na-hristi-nespeky.html;5;2;14.664073;49.856538;;
https://www.firmy.cz/detail/13879072-milavecska-hospudka-u-kamila-milavce.html;None;None;12.984042;49.465670;;
https://www.firmy.cz/detail/13079934-hospudka-u-reznika-chlum-u-trebone.html;3.6;2;14.925876;48.961466;;
https://www.firmy.cz/detail/13374634-hospudka-u-lipy-opolany-kanin.html;4.3;2;15.202106;50.123239;;
https://www.firmy.cz/detail/13143210-hospudka-u-prechodu-fulnek.html;5;1;17.902646;49.712026;;
https://www.firmy.cz/detail/298643-hostinec-na-rynku-dolni-benesov.html;4.7;5;18.114762;49.919004;;
https://www.firmy.cz/detail/13112164-u-nas-breznik.html;None;None;16.198315;49.174724;;
https://www.firmy.cz/detail/13118544-hospoda-u-slezacku-uherske-hradiste-mikovice.html;5;13;17.504275;49.037838;;
https://www.firmy.cz/detail/13302929-hospudka-na-konirne-budisov-nad-budisovkou.html;4.5;18;17.622010;49.793823;;
https://www.firmy.cz/detail/13374759-hospudka-jiricka-humpolec.html;4.5;6;15.350403;49.546097;;
